salesId,date,storeId,productId,productName,unitsSold,sellingPrice,revenue,transactionId
SAL-50001,2026-06-05,STR-003,PRD-1188,Good Knight Gold Flash Machine + Refill,5,130,650,TXN-389913
SAL-50002,2026-06-05,STR-001,PRD-1205,Himalaya Baby Lotion 200ml,18,175,3150,TXN-390334
SAL-50003,2026-06-05,STR-002,PRD-1011,Seeraga Samba Rice 1kg,1,145,145,TXN-845635
SAL-50004,2026-06-05,STR-001,PRD-1063,Oreo Vanilla Cream Biscuit 120g,7,35,245,TXN-783112
SAL-50005,2026-06-05,STR-001,PRD-1070,Hide & Seek Chocolate Chip Biscuits 120g,13,40,520,TXN-257212
SAL-50006,2026-06-05,STR-001,PRD-1073,Haldiram Nagpur Aloo Bhujia 200g,5,60,300,TXN-351974
SAL-50007,2026-06-05,STR-003,PRD-1021,Kabuli Chana 1kg,4,140,560,TXN-944554
SAL-50008,2026-06-05,STR-002,PRD-1090,Bovonto Grape Soft Drink 1.5L,28,65,1820,TXN-949376
SAL-50009,2026-06-05,STR-003,PRD-1012,Maida Flour 1kg,12,55,660,TXN-792616
SAL-50010,2026-06-05,STR-003,PRD-1164,Colgate Strong Teeth Toothpaste 150g,1,95,95,TXN-246726
SAL-50011,2026-06-05,STR-001,PRD-1019,Green Gram Whole 1kg,6,130,780,TXN-787237
SAL-50012,2026-06-05,STR-002,PRD-1130,Nutella Hazelnut Spread 350g Jar,21,380,7980,TXN-409963
SAL-50013,2026-06-05,STR-002,PRD-1072,Unibic Assorted Cookies 75g,1,45,45,TXN-538897
SAL-50014,2026-06-05,STR-001,PRD-1099,Red Label Natural Care Tea 250g,5,170,850,TXN-872519
SAL-50015,2026-06-05,STR-001,PRD-1133,Hershey's Chocolate Syrup 623g,5,230,1150,TXN-842464
SAL-50016,2026-06-05,STR-002,PRD-1167,Dove Cream Beauty Bathing Bar 125g,3,75,225,TXN-955653
SAL-50017,2026-06-05,STR-001,PRD-1182,Exo Touch & Shine Dishwash Bar 250g,3,30,90,TXN-861842
SAL-50018,2026-06-05,STR-002,PRD-1143,Ripe Papaya 1kg,6,50,300,TXN-819656
SAL-50019,2026-06-05,STR-002,PRD-1045,Aavin Flavoured Milk Chocolate 200ml,11,30,330,TXN-923024
SAL-50020,2026-06-05,STR-001,PRD-1012,Maida Flour 1kg,9,55,495,TXN-804505
SAL-50021,2026-06-05,STR-003,PRD-1087,Real Fruit Power Guava Juice 1L,4,130,520,TXN-414777
SAL-50022,2026-06-05,STR-002,PRD-1134,Weikfield Vanilla Custard Powder 100g,8,45,360,TXN-981473
SAL-50023,2026-06-05,STR-001,PRD-1176,Surf Excel Quick Wash Detergent Powder 1kg,1,210,210,TXN-685365
SAL-50024,2026-06-05,STR-003,PRD-1160,Curry Leaves 50g Bundle,1,10,10,TXN-202344
SAL-50025,2026-06-05,STR-002,PRD-1064,Britannia Good Day Cashew 200g,1,50,50,TXN-876909
SAL-50026,2026-06-05,STR-001,PRD-1171,Gillette Guard Razor 1-Pack,4,25,100,TXN-947609
SAL-50027,2026-06-05,STR-003,PRD-1198,Garbage Bags Black Medium 30 Sheets,2,90,180,TXN-291961
SAL-50028,2026-06-05,STR-002,PRD-1126,Eastern Chicken Masala 100g,6,42,252,TXN-451936
SAL-50029,2026-06-05,STR-002,PRD-1124,MTR Gulab Jamun Mix 175g,2,95,190,TXN-333049
SAL-50030,2026-06-05,STR-003,PRD-1059,Parle-G Glucose Biscuit 250g,4,30,120,TXN-880360
SAL-50031,2026-06-05,STR-003,PRD-1093,Frooti Mango Drink 1L,7,65,455,TXN-540897
SAL-50032,2026-06-05,STR-002,PRD-1033,V.V.D Gold Coconut Oil 500ml,4,185,740,TXN-447411
SAL-50033,2026-06-05,STR-001,PRD-1103,Narasus Pure Filter Coffee 200g,2,120,240,TXN-714015
SAL-50034,2026-06-05,STR-001,PRD-1011,Seeraga Samba Rice 1kg,2,145,290,TXN-992562
SAL-50035,2026-06-05,STR-002,PRD-1139,Fresh Shimla Apples 1kg,3,180,540,TXN-156284
SAL-50036,2026-06-05,STR-003,PRD-1018,Rajma Red Kidney Beans 500g,6,95,570,TXN-711922
SAL-50037,2026-06-05,STR-002,PRD-1059,Parle-G Glucose Biscuit 250g,4,30,120,TXN-750803
SAL-50038,2026-06-05,STR-001,PRD-1206,Sebamed Baby Protective Facial Cream 50ml,3,780,2340,TXN-303993
SAL-50039,2026-06-05,STR-003,PRD-1077,Bingo Mad Angles Cream & Onion 70g,2,20,40,TXN-813763
SAL-50040,2026-06-05,STR-002,PRD-1080,Murukku Traditional 250g,5,80,400,TXN-412848
SAL-50041,2026-06-05,STR-003,PRD-1081,Ribbon Pakoda 200g,2,75,150,TXN-995735
SAL-50042,2026-06-05,STR-001,PRD-1075,Lays Classic Salted Potato Chips 50g,11,20,220,TXN-310026
SAL-50043,2026-06-05,STR-002,PRD-1097,3 Roses Dust Tea 250g,4,160,640,TXN-697062
SAL-50044,2026-06-05,STR-003,PRD-1147,Watermelon Kiran 1 Unit (~3kg),6,90,540,TXN-579798
SAL-50045,2026-06-05,STR-001,PRD-1185,Scotch-Brite Scrub Pad Large (3-Pack),10,45,450,TXN-850432
SAL-50046,2026-06-05,STR-001,PRD-1008,Manna Ragi Flour 1kg,3,85,255,TXN-184736
SAL-50047,2026-06-05,STR-002,PRD-1004,Aashirvaad Shuddha Chakki Atta 5kg,3,245,735,TXN-761685
SAL-50048,2026-06-05,STR-002,PRD-1048,Amul Fresh Condensed Milk 400g,1,130,130,TXN-428638
SAL-50049,2026-06-05,STR-001,PRD-1004,Aashirvaad Shuddha Chakki Atta 5kg,5,245,1225,TXN-104942
SAL-50050,2026-06-05,STR-002,PRD-1081,Ribbon Pakoda 200g,5,75,375,TXN-319553
SAL-50051,2026-06-05,STR-002,PRD-1091,7Up Nimbooz 350ml,4,25,100,TXN-276795
SAL-50052,2026-06-05,STR-002,PRD-1110,Complan Chocolate Health Drink 500g,19,260,4940,TXN-266131
SAL-50053,2026-06-05,STR-002,PRD-1099,Red Label Natural Care Tea 250g,4,170,680,TXN-900660
SAL-50054,2026-06-05,STR-003,PRD-1152,Ooty Carrot 500g,7,35,245,TXN-235691
SAL-50055,2026-06-05,STR-001,PRD-1136,Ching's Secret Dark Soy Sauce 210g,1,65,65,TXN-764259
SAL-50056,2026-06-05,STR-001,PRD-1126,Eastern Chicken Masala 100g,3,42,126,TXN-549865
SAL-50057,2026-06-05,STR-003,PRD-1165,Sensodyne Rapid Relief Toothpaste 80g,26,170,4420,TXN-501936
SAL-50058,2026-06-05,STR-001,PRD-1168,Sunsilk Black Shine Shampoo 180ml,1,125,125,TXN-114760
SAL-50059,2026-06-05,STR-002,PRD-1109,Bournvita Chocolate Health Drink 500g,4,240,960,TXN-893612
SAL-50060,2026-06-05,STR-003,PRD-1187,All Out Mosquito Repellent Refill 45ml (2-Pack),5,145,725,TXN-299834
SAL-50061,2026-06-05,STR-003,PRD-1037,Aavin Toned Milk 500ml Pouch,2,24,48,TXN-104324
SAL-50062,2026-06-05,STR-003,PRD-1003,Sona Masoori Rice 5kg,6,380,2280,TXN-360909
SAL-50063,2026-06-05,STR-002,PRD-1184,Ariel Matic Front Load Detergent 1kg,1,280,280,TXN-461076
SAL-50064,2026-06-05,STR-002,PRD-1135,Baking Soda 100g,13,25,325,TXN-207697
SAL-50065,2026-06-05,STR-001,PRD-1202,Johnson's Baby Powder 200g,1,190,190,TXN-717265
SAL-50066,2026-06-05,STR-002,PRD-1102,Nescafe Classic Instant Coffee 50g,3,160,480,TXN-168458
SAL-50067,2026-06-05,STR-001,PRD-1108,Boost Health Drink 500g Refill,2,235,470,TXN-412687
SAL-50068,2026-06-05,STR-003,PRD-1039,Hatsun Fresh Curd 500g Pouch,7,35,245,TXN-578073
SAL-50069,2026-06-05,STR-003,PRD-1173,Himalaya Purifying Neem Face Wash 100ml,7,140,980,TXN-725339
SAL-50070,2026-06-06,STR-003,PRD-1188,Good Knight Gold Flash Machine + Refill,14,130,1820,TXN-975804
SAL-50071,2026-06-06,STR-001,PRD-1122,Maggi Cuppa Masala Noodles 70g,12,50,600,TXN-618105
SAL-50072,2026-06-06,STR-003,PRD-1156,Fresh Mint Leaves 100g,1,12,12,TXN-194458
SAL-50073,2026-06-06,STR-001,PRD-1049,Modern Family Special White Bread 400g,7,45,315,TXN-178693
SAL-50074,2026-06-06,STR-003,PRD-1123,Top Ramen Curry Noodles 280g,3,55,165,TXN-206210
SAL-50075,2026-06-06,STR-002,PRD-1176,Surf Excel Quick Wash Detergent Powder 1kg,1,210,210,TXN-775636
SAL-50076,2026-06-06,STR-003,PRD-1129,Aachi Lime Pickle 300g,1,65,65,TXN-410401
SAL-50077,2026-06-06,STR-002,PRD-1068,Parle Monaco Salted Biscuit 200g,3,30,90,TXN-152512
SAL-50078,2026-06-06,STR-001,PRD-1060,Britannia Bourbon Chocolate Biscuit 150g,11,35,385,TXN-283188
SAL-50079,2026-06-06,STR-003,PRD-1145,Green Guava 1kg,25,70,1750,TXN-993647
SAL-50080,2026-06-06,STR-003,PRD-1007,Saffola Masala Oats 500g,3,175,525,TXN-940534
SAL-50081,2026-06-06,STR-003,PRD-1082,Haldiram Khatta Meetha Mix 200g,2,65,130,TXN-546688
SAL-50082,2026-06-06,STR-002,PRD-1081,Ribbon Pakoda 200g,7,75,525,TXN-199613
SAL-50083,2026-06-06,STR-001,PRD-1048,Amul Fresh Condensed Milk 400g,1,130,130,TXN-148118
SAL-50084,2026-06-06,STR-003,PRD-1076,Kurkure Masala Munch 85g,1,20,20,TXN-245117
SAL-50085,2026-06-06,STR-001,PRD-1009,Raw Rice 5kg,5,320,1600,TXN-278795
SAL-50086,2026-06-06,STR-003,PRD-1181,Comfort After Wash Fabric Conditioner 860ml,2,235,470,TXN-558976
SAL-50087,2026-06-06,STR-003,PRD-1061,Sunfeast Dark Fantasy Choco Fills 300g,6,150,900,TXN-381342
SAL-50088,2026-06-06,STR-002,PRD-1045,Aavin Flavoured Milk Chocolate 200ml,15,30,450,TXN-197466
SAL-50089,2026-06-06,STR-002,PRD-1132,Sundrop Peanut Butter Crunchy 500g,2,195,390,TXN-459370
SAL-50090,2026-06-06,STR-003,PRD-1135,Baking Soda 100g,31,25,775,TXN-385037
SAL-50091,2026-06-06,STR-003,PRD-1192,Freshwrap Aluminum Foil 18m Roll,1,175,175,TXN-542226
SAL-50092,2026-06-06,STR-002,PRD-1018,Rajma Red Kidney Beans 500g,6,95,570,TXN-935620
SAL-50093,2026-06-06,STR-003,PRD-1039,Hatsun Fresh Curd 500g Pouch,3,35,105,TXN-238948
SAL-50094,2026-06-06,STR-001,PRD-1008,Manna Ragi Flour 1kg,5,85,425,TXN-161495
SAL-50095,2026-06-06,STR-002,PRD-1042,Amul Cheese Slices 200g,5,140,700,TXN-985364
SAL-50096,2026-06-06,STR-002,PRD-1150,Fresh Potato 1kg,9,30,270,TXN-536236
SAL-50097,2026-06-06,STR-001,PRD-1160,Curry Leaves 50g Bundle,1,10,10,TXN-606121
SAL-50098,2026-06-06,STR-002,PRD-1137,Del Monte Whole Corn Canned 415g,3,95,285,TXN-811346
SAL-50099,2026-06-06,STR-001,PRD-1197,Tissue Paper Napkins 100 Sheets,6,40,240,TXN-741018
SAL-50100,2026-06-06,STR-002,PRD-1091,7Up Nimbooz 350ml,3,25,75,TXN-476018
SAL-50101,2026-06-06,STR-001,PRD-1171,Gillette Guard Razor 1-Pack,6,25,150,TXN-817712
SAL-50102,2026-06-06,STR-003,PRD-1055,Britannia Gobbles Marble Cake 110g,23,35,805,TXN-862606
SAL-50103,2026-06-06,STR-003,PRD-1074,Lays Magic Masala Potato Chips 50g,6,20,120,TXN-237002
SAL-50104,2026-06-06,STR-002,PRD-1004,Aashirvaad Shuddha Chakki Atta 5kg,3,245,735,TXN-611833
SAL-50105,2026-06-06,STR-001,PRD-1109,Bournvita Chocolate Health Drink 500g,2,240,480,TXN-531262
SAL-50106,2026-06-06,STR-003,PRD-1151,Hybrid Tomato 1kg,3,40,120,TXN-166412
SAL-50107,2026-06-06,STR-002,PRD-1037,Aavin Toned Milk 500ml Pouch,3,24,72,TXN-429502
SAL-50108,2026-06-06,STR-002,PRD-1187,All Out Mosquito Repellent Refill 45ml (2-Pack),2,145,290,TXN-810859
SAL-50109,2026-06-06,STR-003,PRD-1097,3 Roses Dust Tea 250g,6,160,960,TXN-879746
SAL-50110,2026-06-06,STR-001,PRD-1050,Britannia 100% Whole Wheat Bread 400g,14,50,700,TXN-692458
SAL-50111,2026-06-06,STR-001,PRD-1151,Hybrid Tomato 1kg,2,40,80,TXN-802382
SAL-50112,2026-06-06,STR-003,PRD-1038,Aavin Full Cream Milk 500ml,3,30,90,TXN-644315
SAL-50113,2026-06-06,STR-002,PRD-1184,Ariel Matic Front Load Detergent 1kg,1,280,280,TXN-834611
SAL-50114,2026-06-06,STR-001,PRD-1043,Milky Mist Paneer 200g,2,115,230,TXN-553873
SAL-50115,2026-06-06,STR-002,PRD-1102,Nescafe Classic Instant Coffee 50g,5,160,800,TXN-360651
SAL-50116,2026-06-06,STR-003,PRD-1041,Amul Pasteurised Butter 100g,3,58,174,TXN-795951
SAL-50117,2026-06-06,STR-001,PRD-1039,Hatsun Fresh Curd 500g Pouch,6,35,210,TXN-503572
SAL-50118,2026-06-06,STR-002,PRD-1179,Colin Glass Cleaner Spray 500ml,4,105,420,TXN-966582
SAL-50119,2026-06-06,STR-002,PRD-1072,Unibic Assorted Cookies 75g,1,45,45,TXN-742686
SAL-50120,2026-06-06,STR-003,PRD-1072,Unibic Assorted Cookies 75g,1,45,45,TXN-774652
SAL-50121,2026-06-06,STR-002,PRD-1095,Kinley Packaged Drinking Water 1L,20,20,400,TXN-630126
SAL-50122,2026-06-06,STR-002,PRD-1188,Good Knight Gold Flash Machine + Refill,11,130,1430,TXN-993251
SAL-50123,2026-06-06,STR-002,PRD-1073,Haldiram Nagpur Aloo Bhujia 200g,4,60,240,TXN-273438
SAL-50124,2026-06-06,STR-002,PRD-1129,Aachi Lime Pickle 300g,1,65,65,TXN-615530
SAL-50125,2026-06-06,STR-003,PRD-1147,Watermelon Kiran 1 Unit (~3kg),3,90,270,TXN-446968
SAL-50126,2026-06-06,STR-001,PRD-1107,Horlicks Classic Malt 500g Jar,6,245,1470,TXN-152796
SAL-50127,2026-06-06,STR-003,PRD-1058,Pav Bun 6-Pack,4,35,140,TXN-677236
SAL-50128,2026-06-06,STR-001,PRD-1015,Chana Dal 1kg,21,115,2415,TXN-522866
SAL-50129,2026-06-06,STR-002,PRD-1197,Tissue Paper Napkins 100 Sheets,7,40,280,TXN-182659
SAL-50130,2026-06-06,STR-001,PRD-1179,Colin Glass Cleaner Spray 500ml,5,105,525,TXN-940183
SAL-50131,2026-06-06,STR-002,PRD-1075,Lays Classic Salted Potato Chips 50g,19,20,380,TXN-192295
SAL-50132,2026-06-06,STR-002,PRD-1173,Himalaya Purifying Neem Face Wash 100ml,4,140,560,TXN-568784
SAL-50133,2026-06-06,STR-002,PRD-1119,Bambino Roasted Vermicelli 400g,4,45,180,TXN-621533
SAL-50134,2026-06-06,STR-001,PRD-1085,Paper Boat Mango Juice 250ml,19,35,665,TXN-118632
SAL-50135,2026-06-06,STR-001,PRD-1002,Ponni Boiled Rice 10kg,2,680,1360,TXN-532368
SAL-50136,2026-06-06,STR-003,PRD-1005,Pillsbury Chakki Fresh Atta 5kg,8,240,1920,TXN-675771
SAL-50137,2026-06-06,STR-001,PRD-1033,V.V.D Gold Coconut Oil 500ml,2,185,370,TXN-195310
SAL-50138,2026-06-07,STR-001,PRD-1110,Complan Chocolate Health Drink 500g,16,260,4160,TXN-884782
SAL-50139,2026-06-07,STR-002,PRD-1202,Johnson's Baby Powder 200g,4,190,760,TXN-429159
SAL-50140,2026-06-07,STR-001,PRD-1075,Lays Classic Salted Potato Chips 50g,21,20,420,TXN-680472
SAL-50141,2026-06-07,STR-003,PRD-1164,Colgate Strong Teeth Toothpaste 150g,2,95,190,TXN-310647
SAL-50142,2026-06-07,STR-002,PRD-1123,Top Ramen Curry Noodles 280g,3,55,165,TXN-849086
SAL-50143,2026-06-07,STR-002,PRD-1020,Fried Gram (Pottukadalai) 500g,25,75,1875,TXN-844904
SAL-50144,2026-06-07,STR-001,PRD-1081,Ribbon Pakoda 200g,5,75,375,TXN-286450
SAL-50145,2026-06-07,STR-001,PRD-1164,Colgate Strong Teeth Toothpaste 150g,2,95,190,TXN-828038
SAL-50146,2026-06-07,STR-003,PRD-1119,Bambino Roasted Vermicelli 400g,6,45,270,TXN-844858
SAL-50147,2026-06-07,STR-003,PRD-1201,Himalaya Gentle Baby Soap 75g (3-Pack),2,135,270,TXN-469348
SAL-50148,2026-06-07,STR-003,PRD-1170,Nivea Soft Light Moisturiser 100ml,7,195,1365,TXN-711116
SAL-50149,2026-06-07,STR-002,PRD-1163,Clinic Plus Strong & Long Shampoo 175ml,5,110,550,TXN-799565
SAL-50150,2026-06-07,STR-003,PRD-1041,Amul Pasteurised Butter 100g,4,58,232,TXN-806995
SAL-50151,2026-06-07,STR-003,PRD-1035,Saffola Gold Edible Oil 1L,5,195,975,TXN-982260
SAL-50152,2026-06-07,STR-003,PRD-1080,Murukku Traditional 250g,7,80,560,TXN-988459
SAL-50153,2026-06-07,STR-001,PRD-1002,Ponni Boiled Rice 10kg,3,680,2040,TXN-113390
SAL-50154,2026-06-07,STR-002,PRD-1128,Mother's Recipe Mango Pickle 300g,2,85,170,TXN-126499
SAL-50155,2026-06-07,STR-002,PRD-1105,Taj Mahal Tea 250g,1,195,195,TXN-159354
SAL-50156,2026-06-07,STR-001,PRD-1197,Tissue Paper Napkins 100 Sheets,4,40,160,TXN-886626
SAL-50157,2026-06-07,STR-001,PRD-1188,Good Knight Gold Flash Machine + Refill,10,130,1300,TXN-400538
SAL-50158,2026-06-07,STR-001,PRD-1135,Baking Soda 100g,14,25,350,TXN-253541
SAL-50159,2026-06-07,STR-001,PRD-1039,Hatsun Fresh Curd 500g Pouch,7,35,245,TXN-824141
SAL-50160,2026-06-07,STR-002,PRD-1017,Urad Dal White Split 1kg,8,160,1280,TXN-313910
SAL-50161,2026-06-07,STR-001,PRD-1060,Britannia Bourbon Chocolate Biscuit 150g,23,35,805,TXN-133875
SAL-50162,2026-06-07,STR-003,PRD-1177,Harpic Power Plus Toilet Cleaner 500ml,8,95,760,TXN-574579
SAL-50163,2026-06-07,STR-002,PRD-1051,Modern Whole Wheat Bread 400g,2,48,96,TXN-808340
SAL-50164,2026-06-07,STR-003,PRD-1147,Watermelon Kiran 1 Unit (~3kg),5,90,450,TXN-335203
SAL-50165,2026-06-07,STR-002,PRD-1039,Hatsun Fresh Curd 500g Pouch,4,35,140,TXN-688534
SAL-50166,2026-06-07,STR-001,PRD-1071,Britannia Milk Bikis 200g,8,35,280,TXN-829943
SAL-50167,2026-06-07,STR-002,PRD-1068,Parle Monaco Salted Biscuit 200g,3,30,90,TXN-796772
SAL-50168,2026-06-07,STR-002,PRD-1044,Amul Taaza Homogenised Milk 1L Pack,3,72,216,TXN-500118
SAL-50169,2026-06-07,STR-001,PRD-1142,Seedless Black Grapes 500g,4,80,320,TXN-926394
SAL-50170,2026-06-07,STR-001,PRD-1078,Hot & Crispy Banana Chips 250g,14,90,1260,TXN-427841
SAL-50171,2026-06-07,STR-001,PRD-1165,Sensodyne Rapid Relief Toothpaste 80g,27,170,4590,TXN-156415
SAL-50172,2026-06-07,STR-002,PRD-1069,Parle Krackjack Sweet & Salty 200g,1,30,30,TXN-363550
SAL-50173,2026-06-07,STR-002,PRD-1122,Maggi Cuppa Masala Noodles 70g,9,50,450,TXN-918859
SAL-50174,2026-06-07,STR-003,PRD-1039,Hatsun Fresh Curd 500g Pouch,6,35,210,TXN-564586
SAL-50175,2026-06-07,STR-003,PRD-1149,Fresh Red Onion 1kg,3,35,105,TXN-764575
SAL-50176,2026-06-07,STR-003,PRD-1017,Urad Dal White Split 1kg,7,160,1120,TXN-779091
SAL-50177,2026-06-07,STR-002,PRD-1045,Aavin Flavoured Milk Chocolate 200ml,9,30,270,TXN-716966
SAL-50178,2026-06-07,STR-002,PRD-1162,Dettol Original Soap 75g (3-Pack),5,105,525,TXN-732697
SAL-50179,2026-06-07,STR-003,PRD-1181,Comfort After Wash Fabric Conditioner 860ml,2,235,470,TXN-860127
SAL-50180,2026-06-07,STR-001,PRD-1049,Modern Family Special White Bread 400g,8,45,360,TXN-408467
SAL-50181,2026-06-07,STR-003,PRD-1179,Colin Glass Cleaner Spray 500ml,7,105,735,TXN-815819
SAL-50182,2026-06-07,STR-003,PRD-1002,Ponni Boiled Rice 10kg,1,680,680,TXN-282237
SAL-50183,2026-06-07,STR-002,PRD-1191,Eveready Red AA Batteries (4-Pack),2,60,120,TXN-225151
SAL-50184,2026-06-07,STR-002,PRD-1018,Rajma Red Kidney Beans 500g,4,95,380,TXN-549323
SAL-50185,2026-06-07,STR-002,PRD-1199,Pampers Baby Wipes Gentle 72 Sheets,9,185,1665,TXN-377075
SAL-50186,2026-06-07,STR-002,PRD-1156,Fresh Mint Leaves 100g,2,12,24,TXN-712353
SAL-50187,2026-06-07,STR-001,PRD-1174,Vaseline Total Moisture Body Lotion 200ml,6,215,1290,TXN-105919
SAL-50188,2026-06-07,STR-002,PRD-1064,Britannia Good Day Cashew 200g,1,50,50,TXN-844163
SAL-50189,2026-06-07,STR-002,PRD-1208,Mee Mee Baby Laundry Detergent 1L,2,380,760,TXN-141880
SAL-50190,2026-06-07,STR-001,PRD-1063,Oreo Vanilla Cream Biscuit 120g,3,35,105,TXN-438302
SAL-50191,2026-06-07,STR-001,PRD-1047,Milky Mist Fresh Cream 200ml,5,70,350,TXN-911242
SAL-50192,2026-06-07,STR-002,PRD-1038,Aavin Full Cream Milk 500ml,5,30,150,TXN-745512
SAL-50193,2026-06-07,STR-003,PRD-1139,Fresh Shimla Apples 1kg,4,180,720,TXN-415783
SAL-50194,2026-06-07,STR-002,PRD-1116,Sunfeast Yippee Magic Masala Noodles 240g,7,48,336,TXN-700495
SAL-50195,2026-06-07,STR-003,PRD-1138,Knorr Dark Soy Sauce 200ml,5,70,350,TXN-176421
SAL-50196,2026-06-07,STR-001,PRD-1151,Hybrid Tomato 1kg,3,40,120,TXN-433299
SAL-50197,2026-06-07,STR-001,PRD-1090,Bovonto Grape Soft Drink 1.5L,16,65,1040,TXN-292800
SAL-50198,2026-06-07,STR-001,PRD-1099,Red Label Natural Care Tea 250g,6,170,1020,TXN-924451
SAL-50199,2026-06-07,STR-003,PRD-1143,Ripe Papaya 1kg,6,50,300,TXN-536135
SAL-50200,2026-06-07,STR-001,PRD-1124,MTR Gulab Jamun Mix 175g,5,95,475,TXN-523013
SAL-50201,2026-06-07,STR-002,PRD-1106,Continental Xtra Instant Coffee 200g,3,240,720,TXN-331942
SAL-50202,2026-06-07,STR-003,PRD-1048,Amul Fresh Condensed Milk 400g,1,130,130,TXN-795556
SAL-50203,2026-06-07,STR-002,PRD-1050,Britannia 100% Whole Wheat Bread 400g,16,50,800,TXN-478323
SAL-50204,2026-06-07,STR-001,PRD-1149,Fresh Red Onion 1kg,1,35,35,TXN-889216
SAL-50205,2026-06-08,STR-002,PRD-1191,Eveready Red AA Batteries (4-Pack),3,60,180,TXN-211291
SAL-50206,2026-06-08,STR-002,PRD-1171,Gillette Guard Razor 1-Pack,2,25,50,TXN-819195
SAL-50207,2026-06-08,STR-001,PRD-1202,Johnson's Baby Powder 200g,1,190,190,TXN-190707
SAL-50208,2026-06-08,STR-002,PRD-1004,Aashirvaad Shuddha Chakki Atta 5kg,2,245,490,TXN-558936
SAL-50209,2026-06-08,STR-001,PRD-1042,Amul Cheese Slices 200g,2,140,280,TXN-962057
SAL-50210,2026-06-08,STR-001,PRD-1125,Aachi Biryani Masala 100g,5,45,225,TXN-597012
SAL-50211,2026-06-08,STR-003,PRD-1160,Curry Leaves 50g Bundle,1,10,10,TXN-330545
SAL-50212,2026-06-08,STR-002,PRD-1087,Real Fruit Power Guava Juice 1L,1,130,130,TXN-509985
SAL-50213,2026-06-08,STR-002,PRD-1088,Coca-Cola Original Taste 750ml,1,40,40,TXN-990731
SAL-50214,2026-06-08,STR-001,PRD-1015,Chana Dal 1kg,19,115,2185,TXN-764845
SAL-50215,2026-06-08,STR-001,PRD-1116,Sunfeast Yippee Magic Masala Noodles 240g,3,48,144,TXN-810189
SAL-50216,2026-06-08,STR-003,PRD-1137,Del Monte Whole Corn Canned 415g,4,95,380,TXN-933635
SAL-50217,2026-06-08,STR-003,PRD-1041,Amul Pasteurised Butter 100g,4,58,232,TXN-779414
SAL-50218,2026-06-08,STR-002,PRD-1139,Fresh Shimla Apples 1kg,4,180,720,TXN-111691
SAL-50219,2026-06-08,STR-001,PRD-1093,Frooti Mango Drink 1L,6,65,390,TXN-682032
SAL-50220,2026-06-08,STR-003,PRD-1194,Mangaldeep Sandal Agarbatti 100g,2,50,100,TXN-143802
SAL-50221,2026-06-08,STR-002,PRD-1102,Nescafe Classic Instant Coffee 50g,2,160,320,TXN-725637
SAL-50222,2026-06-08,STR-001,PRD-1010,Idli Rice 5kg,11,290,3190,TXN-674122
SAL-50223,2026-06-08,STR-002,PRD-1186,Pitambari Shining Powder 200g,7,40,280,TXN-419491
SAL-50224,2026-06-08,STR-002,PRD-1135,Baking Soda 100g,11,25,275,TXN-877446
SAL-50225,2026-06-08,STR-002,PRD-1185,Scotch-Brite Scrub Pad Large (3-Pack),19,45,855,TXN-460554
SAL-50226,2026-06-08,STR-002,PRD-1175,Vim Dishwash Gel Lemon 500ml,28,115,3220,TXN-249375
SAL-50227,2026-06-08,STR-003,PRD-1016,Urad Dal Black Whole 1kg,1,155,155,TXN-331512
SAL-50228,2026-06-08,STR-002,PRD-1107,Horlicks Classic Malt 500g Jar,7,245,1715,TXN-365018
SAL-50229,2026-06-08,STR-001,PRD-1070,Hide & Seek Chocolate Chip Biscuits 120g,11,40,440,TXN-290167
SAL-50230,2026-06-08,STR-003,PRD-1030,Amul Pure Ghee 1L Tin,15,620,9300,TXN-694849
SAL-50231,2026-06-08,STR-002,PRD-1035,Saffola Gold Edible Oil 1L,9,195,1755,TXN-992744
SAL-50232,2026-06-08,STR-001,PRD-1061,Sunfeast Dark Fantasy Choco Fills 300g,5,150,750,TXN-675512
SAL-50233,2026-06-08,STR-003,PRD-1193,Matchbox Homelites Safety Matches (10-Box),4,30,120,TXN-676365
SAL-50234,2026-06-08,STR-002,PRD-1192,Freshwrap Aluminum Foil 18m Roll,1,175,175,TXN-804313
SAL-50235,2026-06-08,STR-003,PRD-1003,Sona Masoori Rice 5kg,3,380,1140,TXN-202972
SAL-50236,2026-06-08,STR-003,PRD-1024,Black Eyed Beans (Karamani) 500g,1,70,70,TXN-708798
SAL-50237,2026-06-08,STR-002,PRD-1076,Kurkure Masala Munch 85g,4,20,80,TXN-446922
SAL-50238,2026-06-08,STR-002,PRD-1077,Bingo Mad Angles Cream & Onion 70g,3,20,60,TXN-803904
SAL-50239,2026-06-08,STR-001,PRD-1153,Ladies Finger (Bhindi) 500g,6,30,180,TXN-204904
SAL-50240,2026-06-08,STR-002,PRD-1038,Aavin Full Cream Milk 500ml,3,30,90,TXN-173199
SAL-50241,2026-06-08,STR-003,PRD-1074,Lays Magic Masala Potato Chips 50g,5,20,100,TXN-433222
SAL-50242,2026-06-08,STR-003,PRD-1026,Idhayam Sesame/Gingelly Oil 1L,7,320,2240,TXN-827143
SAL-50243,2026-06-08,STR-001,PRD-1056,Winkies Chocolate Swiss Roll 100g,12,30,360,TXN-693024
SAL-50244,2026-06-08,STR-003,PRD-1009,Raw Rice 5kg,2,320,640,TXN-946934
SAL-50245,2026-06-08,STR-003,PRD-1165,Sensodyne Rapid Relief Toothpaste 80g,14,170,2380,TXN-549112
SAL-50246,2026-06-08,STR-003,PRD-1119,Bambino Roasted Vermicelli 400g,3,45,135,TXN-428429
SAL-50247,2026-06-08,STR-002,PRD-1032,Parachute Coconut Oil 500ml,2,190,380,TXN-557309
SAL-50248,2026-06-08,STR-002,PRD-1020,Fried Gram (Pottukadalai) 500g,25,75,1875,TXN-447668
SAL-50249,2026-06-08,STR-001,PRD-1065,Britannia Good Day Butter 200g,16,45,720,TXN-585331
SAL-50250,2026-06-08,STR-001,PRD-1091,7Up Nimbooz 350ml,5,25,125,TXN-912402
SAL-50251,2026-06-08,STR-001,PRD-1201,Himalaya Gentle Baby Soap 75g (3-Pack),4,135,540,TXN-678469
SAL-50252,2026-06-08,STR-002,PRD-1026,Idhayam Sesame/Gingelly Oil 1L,2,320,640,TXN-776909
SAL-50253,2026-06-08,STR-001,PRD-1207,Pigeon Baby Feeding Bottle 250ml,5,220,1100,TXN-982683
SAL-50254,2026-06-08,STR-003,PRD-1082,Haldiram Khatta Meetha Mix 200g,1,65,65,TXN-966589
SAL-50255,2026-06-08,STR-003,PRD-1093,Frooti Mango Drink 1L,3,65,195,TXN-664781
SAL-50256,2026-06-08,STR-001,PRD-1147,Watermelon Kiran 1 Unit (~3kg),2,90,180,TXN-869177
SAL-50257,2026-06-08,STR-001,PRD-1140,Robusta Bananas 1kg,23,45,1035,TXN-180176
SAL-50258,2026-06-08,STR-002,PRD-1162,Dettol Original Soap 75g (3-Pack),6,105,630,TXN-119535
SAL-50259,2026-06-08,STR-001,PRD-1146,Mosambi (Sweet Lime) 1kg,5,85,425,TXN-762308
SAL-50260,2026-06-08,STR-002,PRD-1156,Fresh Mint Leaves 100g,2,12,24,TXN-710156
SAL-50261,2026-06-08,STR-002,PRD-1114,Milo Cocoa Beverage Powder 400g,2,220,440,TXN-906564
SAL-50262,2026-06-08,STR-001,PRD-1007,Saffola Masala Oats 500g,2,175,350,TXN-138436
SAL-50263,2026-06-08,STR-002,PRD-1140,Robusta Bananas 1kg,15,45,675,TXN-669868
SAL-50264,2026-06-08,STR-002,PRD-1043,Milky Mist Paneer 200g,7,115,805,TXN-665892
SAL-50265,2026-06-08,STR-003,PRD-1192,Freshwrap Aluminum Foil 18m Roll,1,175,175,TXN-912853
SAL-50266,2026-06-08,STR-002,PRD-1003,Sona Masoori Rice 5kg,1,380,380,TXN-511564
SAL-50267,2026-06-08,STR-003,PRD-1023,Horse Gram (Kollu) 500g,5,60,300,TXN-909652
SAL-50268,2026-06-08,STR-002,PRD-1017,Urad Dal White Split 1kg,7,160,1120,TXN-998801
SAL-50269,2026-06-08,STR-002,PRD-1129,Aachi Lime Pickle 300g,2,65,130,TXN-516059
SAL-50270,2026-06-09,STR-001,PRD-1181,Comfort After Wash Fabric Conditioner 860ml,5,235,1175,TXN-530859
SAL-50271,2026-06-09,STR-003,PRD-1004,Aashirvaad Shuddha Chakki Atta 5kg,2,245,490,TXN-145240
SAL-50272,2026-06-09,STR-003,PRD-1086,Tropicana 100% Orange Juice 1L,2,145,290,TXN-721121
SAL-50273,2026-06-09,STR-002,PRD-1060,Britannia Bourbon Chocolate Biscuit 150g,13,35,455,TXN-760120
SAL-50274,2026-06-09,STR-002,PRD-1185,Scotch-Brite Scrub Pad Large (3-Pack),13,45,585,TXN-700067
SAL-50275,2026-06-09,STR-002,PRD-1051,Modern Whole Wheat Bread 400g,2,48,96,TXN-274421
SAL-50276,2026-06-09,STR-003,PRD-1160,Curry Leaves 50g Bundle,1,10,10,TXN-288783
SAL-50277,2026-06-09,STR-002,PRD-1058,Pav Bun 6-Pack,2,35,70,TXN-525151
SAL-50278,2026-06-09,STR-002,PRD-1065,Britannia Good Day Butter 200g,13,45,585,TXN-690982
SAL-50279,2026-06-09,STR-003,PRD-1203,Johnson's Baby Hair Oil 100ml,4,120,480,TXN-854500
SAL-50280,2026-06-09,STR-002,PRD-1053,Sweet Bun 2-Pack,5,20,100,TXN-961198
SAL-50281,2026-06-09,STR-002,PRD-1174,Vaseline Total Moisture Body Lotion 200ml,1,215,215,TXN-189913
SAL-50282,2026-06-09,STR-003,PRD-1129,Aachi Lime Pickle 300g,1,65,65,TXN-735988
SAL-50283,2026-06-09,STR-002,PRD-1015,Chana Dal 1kg,20,115,2300,TXN-605065
SAL-50284,2026-06-09,STR-003,PRD-1175,Vim Dishwash Gel Lemon 500ml,21,115,2415,TXN-933215
SAL-50285,2026-06-09,STR-001,PRD-1084,Pringles Sour Cream & Onion 107g,2,115,230,TXN-904771
SAL-50286,2026-06-09,STR-003,PRD-1023,Horse Gram (Kollu) 500g,5,60,300,TXN-791691
SAL-50287,2026-06-09,STR-003,PRD-1095,Kinley Packaged Drinking Water 1L,12,20,240,TXN-275868
SAL-50288,2026-06-09,STR-002,PRD-1133,Hershey's Chocolate Syrup 623g,11,230,2530,TXN-459316
SAL-50289,2026-06-09,STR-003,PRD-1084,Pringles Sour Cream & Onion 107g,3,115,345,TXN-725510
SAL-50290,2026-06-09,STR-002,PRD-1016,Urad Dal Black Whole 1kg,2,155,310,TXN-340977
SAL-50291,2026-06-09,STR-001,PRD-1075,Lays Classic Salted Potato Chips 50g,15,20,300,TXN-238635
SAL-50292,2026-06-09,STR-003,PRD-1186,Pitambari Shining Powder 200g,3,40,120,TXN-312177
SAL-50293,2026-06-09,STR-002,PRD-1130,Nutella Hazelnut Spread 350g Jar,21,380,7980,TXN-628859
SAL-50294,2026-06-09,STR-001,PRD-1140,Robusta Bananas 1kg,19,45,855,TXN-966662
SAL-50295,2026-06-09,STR-001,PRD-1169,Parachute Advansed Jasmine Hair Oil 200ml,3,105,315,TXN-200976
SAL-50296,2026-06-09,STR-001,PRD-1164,Colgate Strong Teeth Toothpaste 150g,1,95,95,TXN-744610
SAL-50297,2026-06-09,STR-003,PRD-1017,Urad Dal White Split 1kg,6,160,960,TXN-921945
SAL-50298,2026-06-09,STR-001,PRD-1015,Chana Dal 1kg,19,115,2185,TXN-888930
SAL-50299,2026-06-09,STR-001,PRD-1117,MTR Rava Idli Mix 500g,3,110,330,TXN-605666
SAL-50300,2026-06-09,STR-001,PRD-1038,Aavin Full Cream Milk 500ml,5,30,150,TXN-732789
SAL-50301,2026-06-09,STR-003,PRD-1187,All Out Mosquito Repellent Refill 45ml (2-Pack),3,145,435,TXN-101258
SAL-50302,2026-06-09,STR-001,PRD-1099,Red Label Natural Care Tea 250g,8,170,1360,TXN-912510
SAL-50303,2026-06-09,STR-002,PRD-1095,Kinley Packaged Drinking Water 1L,16,20,320,TXN-552457
SAL-50304,2026-06-09,STR-002,PRD-1208,Mee Mee Baby Laundry Detergent 1L,1,380,380,TXN-488368
SAL-50305,2026-06-09,STR-002,PRD-1205,Himalaya Baby Lotion 200ml,19,175,3325,TXN-941272
SAL-50306,2026-06-09,STR-002,PRD-1063,Oreo Vanilla Cream Biscuit 120g,5,35,175,TXN-906010
SAL-50307,2026-06-09,STR-001,PRD-1136,Ching's Secret Dark Soy Sauce 210g,1,65,65,TXN-717661
SAL-50308,2026-06-09,STR-003,PRD-1136,Ching's Secret Dark Soy Sauce 210g,1,65,65,TXN-898531
SAL-50309,2026-06-09,STR-001,PRD-1132,Sundrop Peanut Butter Crunchy 500g,6,195,1170,TXN-704106
SAL-50310,2026-06-09,STR-003,PRD-1028,Aavin Pure Ghee 500ml,2,315,630,TXN-240386
SAL-50311,2026-06-09,STR-002,PRD-1186,Pitambari Shining Powder 200g,4,40,160,TXN-903061
SAL-50312,2026-06-09,STR-001,PRD-1091,7Up Nimbooz 350ml,4,25,100,TXN-187889
SAL-50313,2026-06-09,STR-001,PRD-1081,Ribbon Pakoda 200g,3,75,225,TXN-670143
SAL-50314,2026-06-09,STR-001,PRD-1186,Pitambari Shining Powder 200g,3,40,120,TXN-298202
SAL-50315,2026-06-09,STR-002,PRD-1146,Mosambi (Sweet Lime) 1kg,2,85,170,TXN-879769
SAL-50316,2026-06-09,STR-002,PRD-1127,Kissan Fresh Tomato Ketchup 950g,4,135,540,TXN-706063
SAL-50317,2026-06-09,STR-003,PRD-1124,MTR Gulab Jamun Mix 175g,3,95,285,TXN-645009
SAL-50318,2026-06-09,STR-002,PRD-1175,Vim Dishwash Gel Lemon 500ml,10,115,1150,TXN-786341
SAL-50319,2026-06-09,STR-003,PRD-1173,Himalaya Purifying Neem Face Wash 100ml,4,140,560,TXN-943356
SAL-50320,2026-06-09,STR-002,PRD-1003,Sona Masoori Rice 5kg,2,380,760,TXN-479867
SAL-50321,2026-06-09,STR-003,PRD-1180,Rin Detergent Bar 250g (4-Pack),7,60,420,TXN-546768
SAL-50322,2026-06-09,STR-001,PRD-1051,Modern Whole Wheat Bread 400g,4,48,192,TXN-365953
SAL-50323,2026-06-09,STR-003,PRD-1158,Ginger 250g,2,40,80,TXN-662146
SAL-50324,2026-06-09,STR-002,PRD-1083,Doritos Nacho Cheese Chips 60g,4,30,120,TXN-483405
SAL-50325,2026-06-09,STR-002,PRD-1028,Aavin Pure Ghee 500ml,6,315,1890,TXN-813666
SAL-50326,2026-06-09,STR-003,PRD-1101,BRU Instant Coffee 100g Glass Jar,5,185,925,TXN-313588
SAL-50327,2026-06-09,STR-003,PRD-1076,Kurkure Masala Munch 85g,3,20,60,TXN-921861
SAL-50328,2026-06-09,STR-003,PRD-1054,Garlic Butter Toast 150g,4,40,160,TXN-287401
SAL-50329,2026-06-09,STR-001,PRD-1068,Parle Monaco Salted Biscuit 200g,5,30,150,TXN-681866
SAL-50330,2026-06-09,STR-002,PRD-1057,Plum Cake 250g,4,120,480,TXN-421549
SAL-50331,2026-06-09,STR-003,PRD-1130,Nutella Hazelnut Spread 350g Jar,21,380,7980,TXN-911801
SAL-50332,2026-06-09,STR-002,PRD-1043,Milky Mist Paneer 200g,6,115,690,TXN-871523
SAL-50333,2026-06-09,STR-003,PRD-1149,Fresh Red Onion 1kg,1,35,35,TXN-791308
SAL-50334,2026-06-09,STR-002,PRD-1119,Bambino Roasted Vermicelli 400g,3,45,135,TXN-340932
SAL-50335,2026-06-09,STR-003,PRD-1041,Amul Pasteurised Butter 100g,3,58,174,TXN-833281
SAL-50336,2026-06-09,STR-003,PRD-1172,Dabur Red Toothpowder 100g,8,45,360,TXN-205149
SAL-50337,2026-06-10,STR-003,PRD-1077,Bingo Mad Angles Cream & Onion 70g,2,20,40,TXN-222692
SAL-50338,2026-06-10,STR-003,PRD-1144,Pomegranate Kabuli 1kg,14,210,2940,TXN-952646
SAL-50339,2026-06-10,STR-002,PRD-1122,Maggi Cuppa Masala Noodles 70g,17,50,850,TXN-362292
SAL-50340,2026-06-10,STR-002,PRD-1198,Garbage Bags Black Medium 30 Sheets,6,90,540,TXN-495397
SAL-50341,2026-06-10,STR-003,PRD-1019,Green Gram Whole 1kg,4,130,520,TXN-907369
SAL-50342,2026-06-10,STR-003,PRD-1058,Pav Bun 6-Pack,3,35,105,TXN-456160
SAL-50343,2026-06-10,STR-002,PRD-1140,Robusta Bananas 1kg,21,45,945,TXN-581137
SAL-50344,2026-06-10,STR-001,PRD-1003,Sona Masoori Rice 5kg,4,380,1520,TXN-715332
SAL-50345,2026-06-10,STR-003,PRD-1033,V.V.D Gold Coconut Oil 500ml,3,185,555,TXN-605382
SAL-50346,2026-06-10,STR-001,PRD-1053,Sweet Bun 2-Pack,4,20,80,TXN-170835
SAL-50347,2026-06-10,STR-001,PRD-1170,Nivea Soft Light Moisturiser 100ml,5,195,975,TXN-926965
SAL-50348,2026-06-10,STR-003,PRD-1032,Parachute Coconut Oil 500ml,1,190,190,TXN-431067
SAL-50349,2026-06-10,STR-001,PRD-1024,Black Eyed Beans (Karamani) 500g,1,70,70,TXN-470248
SAL-50350,2026-06-10,STR-002,PRD-1095,Kinley Packaged Drinking Water 1L,14,20,280,TXN-110195
SAL-50351,2026-06-10,STR-003,PRD-1080,Murukku Traditional 250g,8,80,640,TXN-376142
SAL-50352,2026-06-10,STR-003,PRD-1133,Hershey's Chocolate Syrup 623g,10,230,2300,TXN-197527
SAL-50353,2026-06-10,STR-002,PRD-1029,Hatsun Pure Cow Ghee 500ml,3,330,990,TXN-885161
SAL-50354,2026-06-10,STR-002,PRD-1014,Moong Dal Split 1kg,1,145,145,TXN-287155
SAL-50355,2026-06-10,STR-003,PRD-1138,Knorr Dark Soy Sauce 200ml,5,70,350,TXN-470711
SAL-50356,2026-06-10,STR-003,PRD-1187,All Out Mosquito Repellent Refill 45ml (2-Pack),2,145,290,TXN-701581
SAL-50357,2026-06-10,STR-003,PRD-1103,Narasus Pure Filter Coffee 200g,3,120,360,TXN-882401
SAL-50358,2026-06-10,STR-002,PRD-1021,Kabuli Chana 1kg,6,140,840,TXN-299405
SAL-50359,2026-06-10,STR-003,PRD-1063,Oreo Vanilla Cream Biscuit 120g,4,35,140,TXN-309365
SAL-50360,2026-06-10,STR-002,PRD-1178,Lizol Disinfectant Floor Cleaner Citrus 1L,2,215,430,TXN-353814
SAL-50361,2026-06-10,STR-002,PRD-1158,Ginger 250g,4,40,160,TXN-316823
SAL-50362,2026-06-10,STR-003,PRD-1004,Aashirvaad Shuddha Chakki Atta 5kg,3,245,735,TXN-975498
SAL-50363,2026-06-10,STR-002,PRD-1073,Haldiram Nagpur Aloo Bhujia 200g,3,60,180,TXN-748645
SAL-50364,2026-06-10,STR-003,PRD-1186,Pitambari Shining Powder 200g,4,40,160,TXN-916776
SAL-50365,2026-06-10,STR-002,PRD-1103,Narasus Pure Filter Coffee 200g,3,120,360,TXN-182300
SAL-50366,2026-06-10,STR-003,PRD-1070,Hide & Seek Chocolate Chip Biscuits 120g,22,40,880,TXN-795650
SAL-50367,2026-06-10,STR-001,PRD-1013,Tata Sampann Toor Dal 1kg,5,165,825,TXN-106945
SAL-50368,2026-06-10,STR-001,PRD-1184,Ariel Matic Front Load Detergent 1kg,1,280,280,TXN-667776
SAL-50369,2026-06-10,STR-001,PRD-1186,Pitambari Shining Powder 200g,5,40,200,TXN-989203
SAL-50370,2026-06-10,STR-001,PRD-1084,Pringles Sour Cream & Onion 107g,2,115,230,TXN-750817
SAL-50371,2026-06-10,STR-003,PRD-1061,Sunfeast Dark Fantasy Choco Fills 300g,3,150,450,TXN-702427
SAL-50372,2026-06-10,STR-003,PRD-1013,Tata Sampann Toor Dal 1kg,7,165,1155,TXN-614646
SAL-50373,2026-06-10,STR-001,PRD-1130,Nutella Hazelnut Spread 350g Jar,11,380,4180,TXN-901387
SAL-50374,2026-06-10,STR-003,PRD-1086,Tropicana 100% Orange Juice 1L,6,145,870,TXN-393880
SAL-50375,2026-06-10,STR-001,PRD-1001,India Gate Basmati Rice 5kg,7,520,3640,TXN-886609
SAL-50376,2026-06-10,STR-002,PRD-1057,Plum Cake 250g,4,120,480,TXN-156778
SAL-50377,2026-06-10,STR-001,PRD-1032,Parachute Coconut Oil 500ml,1,190,190,TXN-543732
SAL-50378,2026-06-10,STR-001,PRD-1100,Chakra Gold Tea 250g,13,150,1950,TXN-667036
SAL-50379,2026-06-10,STR-002,PRD-1144,Pomegranate Kabuli 1kg,6,210,1260,TXN-464158
SAL-50380,2026-06-10,STR-002,PRD-1127,Kissan Fresh Tomato Ketchup 950g,2,135,270,TXN-819678
SAL-50381,2026-06-10,STR-003,PRD-1142,Seedless Black Grapes 500g,2,80,160,TXN-579404
SAL-50382,2026-06-10,STR-002,PRD-1146,Mosambi (Sweet Lime) 1kg,7,85,595,TXN-832162
SAL-50383,2026-06-10,STR-001,PRD-1073,Haldiram Nagpur Aloo Bhujia 200g,5,60,300,TXN-430984
SAL-50384,2026-06-10,STR-002,PRD-1006,Quaker Oats 1kg,3,195,585,TXN-112394
SAL-50385,2026-06-10,STR-003,PRD-1025,Gold Winner Sunflower Oil 1L,19,145,2755,TXN-497859
SAL-50386,2026-06-10,STR-002,PRD-1033,V.V.D Gold Coconut Oil 500ml,4,185,740,TXN-441244
SAL-50387,2026-06-10,STR-001,PRD-1198,Garbage Bags Black Medium 30 Sheets,4,90,360,TXN-372315
SAL-50388,2026-06-10,STR-001,PRD-1103,Narasus Pure Filter Coffee 200g,1,120,120,TXN-375617
SAL-50389,2026-06-10,STR-002,PRD-1201,Himalaya Gentle Baby Soap 75g (3-Pack),1,135,135,TXN-594241
SAL-50390,2026-06-10,STR-003,PRD-1125,Aachi Biryani Masala 100g,9,45,405,TXN-459762
SAL-50391,2026-06-10,STR-002,PRD-1125,Aachi Biryani Masala 100g,4,45,180,TXN-622998
SAL-50392,2026-06-10,STR-002,PRD-1100,Chakra Gold Tea 250g,9,150,1350,TXN-539450
SAL-50393,2026-06-10,STR-001,PRD-1082,Haldiram Khatta Meetha Mix 200g,4,65,260,TXN-490394
SAL-50394,2026-06-10,STR-001,PRD-1164,Colgate Strong Teeth Toothpaste 150g,1,95,95,TXN-520051
SAL-50395,2026-06-10,STR-003,PRD-1145,Green Guava 1kg,14,70,980,TXN-288627
SAL-50396,2026-06-10,STR-001,PRD-1207,Pigeon Baby Feeding Bottle 250ml,5,220,1100,TXN-703867
SAL-50397,2026-06-10,STR-003,PRD-1002,Ponni Boiled Rice 10kg,3,680,2040,TXN-953740
SAL-50398,2026-06-10,STR-003,PRD-1094,Red Bull Energy Drink 250ml,2,125,250,TXN-383062
SAL-50399,2026-06-10,STR-003,PRD-1146,Mosambi (Sweet Lime) 1kg,6,85,510,TXN-682316
SAL-50400,2026-06-10,STR-002,PRD-1182,Exo Touch & Shine Dishwash Bar 250g,5,30,150,TXN-499385
SAL-50401,2026-06-10,STR-002,PRD-1039,Hatsun Fresh Curd 500g Pouch,2,35,70,TXN-938900
SAL-50402,2026-06-10,STR-001,PRD-1027,Fortune Sunlite Sunflower Oil 1L,1,140,140,TXN-944804
SAL-50403,2026-06-10,STR-002,PRD-1181,Comfort After Wash Fabric Conditioner 860ml,2,235,470,TXN-541996
SAL-50404,2026-06-10,STR-002,PRD-1106,Continental Xtra Instant Coffee 200g,5,240,1200,TXN-990649
SAL-50405,2026-06-11,STR-002,PRD-1186,Pitambari Shining Powder 200g,6,40,240,TXN-794180
SAL-50406,2026-06-11,STR-002,PRD-1192,Freshwrap Aluminum Foil 18m Roll,1,175,175,TXN-880009
SAL-50407,2026-06-11,STR-002,PRD-1114,Milo Cocoa Beverage Powder 400g,2,220,440,TXN-183953
SAL-50408,2026-06-11,STR-002,PRD-1175,Vim Dishwash Gel Lemon 500ml,15,115,1725,TXN-516332
SAL-50409,2026-06-11,STR-003,PRD-1108,Boost Health Drink 500g Refill,3,235,705,TXN-166891
SAL-50410,2026-06-11,STR-003,PRD-1090,Bovonto Grape Soft Drink 1.5L,29,65,1885,TXN-596171
SAL-50411,2026-06-11,STR-002,PRD-1202,Johnson's Baby Powder 200g,4,190,760,TXN-127645
SAL-50412,2026-06-11,STR-002,PRD-1204,MamyPoko Pants Standard Diaper Medium 34s,6,450,2700,TXN-649435
SAL-50413,2026-06-11,STR-001,PRD-1018,Rajma Red Kidney Beans 500g,7,95,665,TXN-187295
SAL-50414,2026-06-11,STR-003,PRD-1143,Ripe Papaya 1kg,4,50,200,TXN-748127
SAL-50415,2026-06-11,STR-002,PRD-1036,Deepam Lamp Oil 1L,3,110,330,TXN-786641
SAL-50416,2026-06-11,STR-003,PRD-1059,Parle-G Glucose Biscuit 250g,6,30,180,TXN-508783
SAL-50417,2026-06-11,STR-002,PRD-1022,Masoor Dal Red 1kg,4,110,440,TXN-359414
SAL-50418,2026-06-11,STR-001,PRD-1078,Hot & Crispy Banana Chips 250g,11,90,990,TXN-564687
SAL-50419,2026-06-11,STR-001,PRD-1092,Maaza Mango Drink 1.2L,1,75,75,TXN-979249
SAL-50420,2026-06-11,STR-003,PRD-1171,Gillette Guard Razor 1-Pack,3,25,75,TXN-136862
SAL-50421,2026-06-11,STR-002,PRD-1035,Saffola Gold Edible Oil 1L,8,195,1560,TXN-440998
SAL-50422,2026-06-11,STR-001,PRD-1162,Dettol Original Soap 75g (3-Pack),7,105,735,TXN-589887
SAL-50423,2026-06-11,STR-001,PRD-1121,MTR Ready to Eat Paneer Butter Masala 300g,3,140,420,TXN-666843
SAL-50424,2026-06-11,STR-002,PRD-1094,Red Bull Energy Drink 250ml,3,125,375,TXN-675191
SAL-50425,2026-06-11,STR-002,PRD-1130,Nutella Hazelnut Spread 350g Jar,20,380,7600,TXN-831510
SAL-50426,2026-06-11,STR-001,PRD-1130,Nutella Hazelnut Spread 350g Jar,18,380,6840,TXN-719531
SAL-50427,2026-06-11,STR-003,PRD-1201,Himalaya Gentle Baby Soap 75g (3-Pack),4,135,540,TXN-761701
SAL-50428,2026-06-11,STR-003,PRD-1200,Nestle Cerelac Wheat Apple 300g,1,295,295,TXN-691380
SAL-50429,2026-06-11,STR-002,PRD-1093,Frooti Mango Drink 1L,2,65,130,TXN-770864
SAL-50430,2026-06-11,STR-002,PRD-1124,MTR Gulab Jamun Mix 175g,2,95,190,TXN-424703
SAL-50431,2026-06-11,STR-001,PRD-1008,Manna Ragi Flour 1kg,6,85,510,TXN-605048
SAL-50432,2026-06-11,STR-002,PRD-1148,Kiwi Fruit 3-Pack,2,120,240,TXN-943797
SAL-50433,2026-06-11,STR-003,PRD-1044,Amul Taaza Homogenised Milk 1L Pack,2,72,144,TXN-422823
SAL-50434,2026-06-11,STR-003,PRD-1126,Eastern Chicken Masala 100g,2,42,84,TXN-372427
SAL-50435,2026-06-11,STR-002,PRD-1072,Unibic Assorted Cookies 75g,1,45,45,TXN-111068
SAL-50436,2026-06-11,STR-003,PRD-1207,Pigeon Baby Feeding Bottle 250ml,1,220,220,TXN-954987
SAL-50437,2026-06-11,STR-002,PRD-1207,Pigeon Baby Feeding Bottle 250ml,4,220,880,TXN-242921
SAL-50438,2026-06-11,STR-001,PRD-1194,Mangaldeep Sandal Agarbatti 100g,2,50,100,TXN-591989
SAL-50439,2026-06-11,STR-002,PRD-1063,Oreo Vanilla Cream Biscuit 120g,5,35,175,TXN-821179
SAL-50440,2026-06-11,STR-001,PRD-1103,Narasus Pure Filter Coffee 200g,3,120,360,TXN-892170
SAL-50441,2026-06-11,STR-002,PRD-1128,Mother's Recipe Mango Pickle 300g,1,85,85,TXN-109576
SAL-50442,2026-06-11,STR-002,PRD-1117,MTR Rava Idli Mix 500g,5,110,550,TXN-936726
SAL-50443,2026-06-11,STR-001,PRD-1184,Ariel Matic Front Load Detergent 1kg,1,280,280,TXN-342446
SAL-50444,2026-06-11,STR-003,PRD-1175,Vim Dishwash Gel Lemon 500ml,25,115,2875,TXN-674842
SAL-50445,2026-06-11,STR-001,PRD-1161,Mysore Sandal Soap 125g,4,55,220,TXN-531736
SAL-50446,2026-06-11,STR-001,PRD-1029,Hatsun Pure Cow Ghee 500ml,7,330,2310,TXN-558339
SAL-50447,2026-06-11,STR-003,PRD-1137,Del Monte Whole Corn Canned 415g,2,95,190,TXN-271200
SAL-50448,2026-06-11,STR-003,PRD-1103,Narasus Pure Filter Coffee 200g,5,120,600,TXN-777370
SAL-50449,2026-06-11,STR-001,PRD-1167,Dove Cream Beauty Bathing Bar 125g,4,75,300,TXN-496737
SAL-50450,2026-06-11,STR-001,PRD-1053,Sweet Bun 2-Pack,4,20,80,TXN-183057
SAL-50451,2026-06-11,STR-001,PRD-1061,Sunfeast Dark Fantasy Choco Fills 300g,4,150,600,TXN-351198
SAL-50452,2026-06-11,STR-001,PRD-1122,Maggi Cuppa Masala Noodles 70g,11,50,550,TXN-938817
SAL-50453,2026-06-11,STR-001,PRD-1152,Ooty Carrot 500g,9,35,315,TXN-946803
SAL-50454,2026-06-11,STR-001,PRD-1206,Sebamed Baby Protective Facial Cream 50ml,7,780,5460,TXN-385071
SAL-50455,2026-06-11,STR-001,PRD-1146,Mosambi (Sweet Lime) 1kg,2,85,170,TXN-879015
SAL-50456,2026-06-11,STR-003,PRD-1026,Idhayam Sesame/Gingelly Oil 1L,6,320,1920,TXN-381880
SAL-50457,2026-06-11,STR-002,PRD-1029,Hatsun Pure Cow Ghee 500ml,3,330,990,TXN-994940
SAL-50458,2026-06-11,STR-001,PRD-1059,Parle-G Glucose Biscuit 250g,3,30,90,TXN-243260
SAL-50459,2026-06-11,STR-001,PRD-1124,MTR Gulab Jamun Mix 175g,3,95,285,TXN-767830
SAL-50460,2026-06-11,STR-003,PRD-1082,Haldiram Khatta Meetha Mix 200g,2,65,130,TXN-574760
SAL-50461,2026-06-11,STR-002,PRD-1113,Ensure Diabetes Care Vanilla 400g,3,690,2070,TXN-753004
SAL-50462,2026-06-11,STR-003,PRD-1114,Milo Cocoa Beverage Powder 400g,2,220,440,TXN-436219
SAL-50463,2026-06-11,STR-002,PRD-1105,Taj Mahal Tea 250g,1,195,195,TXN-660957
SAL-50464,2026-06-11,STR-003,PRD-1096,Bisleri Water Bottle 2L,1,30,30,TXN-207241
SAL-50465,2026-06-11,STR-003,PRD-1142,Seedless Black Grapes 500g,1,80,80,TXN-231113
SAL-50466,2026-06-11,STR-001,PRD-1098,Tata Tea Gold 500g,8,290,2320,TXN-862427
SAL-50467,2026-06-11,STR-002,PRD-1160,Curry Leaves 50g Bundle,1,10,10,TXN-194578
SAL-50468,2026-06-11,STR-003,PRD-1187,All Out Mosquito Repellent Refill 45ml (2-Pack),3,145,435,TXN-426711
SAL-50469,2026-06-11,STR-002,PRD-1162,Dettol Original Soap 75g (3-Pack),6,105,630,TXN-622605
SAL-50470,2026-06-11,STR-002,PRD-1149,Fresh Red Onion 1kg,4,35,140,TXN-586208
SAL-50471,2026-06-11,STR-001,PRD-1067,Britannia NutriChoice Digestive 250g,17,65,1105,TXN-133278
SAL-50472,2026-06-11,STR-002,PRD-1009,Raw Rice 5kg,3,320,960,TXN-984522
SAL-50473,2026-06-11,STR-001,PRD-1046,Cavins Milkshake Strawberry 200ml,3,40,120,TXN-253184
SAL-50474,2026-06-12,STR-001,PRD-1021,Kabuli Chana 1kg,2,140,280,TXN-241276
SAL-50475,2026-06-12,STR-002,PRD-1096,Bisleri Water Bottle 2L,1,30,30,TXN-141406
SAL-50476,2026-06-12,STR-002,PRD-1141,Nagpur Oranges 1kg,5,90,450,TXN-558752
SAL-50477,2026-06-12,STR-003,PRD-1026,Idhayam Sesame/Gingelly Oil 1L,6,320,1920,TXN-669097
SAL-50478,2026-06-12,STR-003,PRD-1195,Cycle Pure Agarbatti Three in One 250g,16,95,1520,TXN-298994
SAL-50479,2026-06-12,STR-002,PRD-1169,Parachute Advansed Jasmine Hair Oil 200ml,4,105,420,TXN-670027
SAL-50480,2026-06-12,STR-003,PRD-1069,Parle Krackjack Sweet & Salty 200g,3,30,90,TXN-971733
SAL-50481,2026-06-12,STR-003,PRD-1090,Bovonto Grape Soft Drink 1.5L,22,65,1430,TXN-681456
SAL-50482,2026-06-12,STR-003,PRD-1137,Del Monte Whole Corn Canned 415g,2,95,190,TXN-656937
SAL-50483,2026-06-12,STR-002,PRD-1005,Pillsbury Chakki Fresh Atta 5kg,12,240,2880,TXN-410035
SAL-50484,2026-06-12,STR-003,PRD-1044,Amul Taaza Homogenised Milk 1L Pack,6,72,432,TXN-667915
SAL-50485,2026-06-12,STR-001,PRD-1090,Bovonto Grape Soft Drink 1.5L,13,65,845,TXN-100754
SAL-50486,2026-06-12,STR-001,PRD-1139,Fresh Shimla Apples 1kg,6,180,1080,TXN-630535
SAL-50487,2026-06-12,STR-003,PRD-1159,Garlic 250g,3,60,180,TXN-294546
SAL-50488,2026-06-12,STR-003,PRD-1089,Sprite Lemon-Lime 750ml,14,40,560,TXN-749838
SAL-50489,2026-06-12,STR-001,PRD-1013,Tata Sampann Toor Dal 1kg,8,165,1320,TXN-913712
SAL-50490,2026-06-12,STR-002,PRD-1072,Unibic Assorted Cookies 75g,1,45,45,TXN-436272
SAL-50491,2026-06-12,STR-001,PRD-1166,Pears Soft & Fresh Soap 125g,14,65,910,TXN-790266
SAL-50492,2026-06-12,STR-003,PRD-1034,Dhara Mustard Oil 1L,19,155,2945,TXN-958835
SAL-50493,2026-06-12,STR-003,PRD-1187,All Out Mosquito Repellent Refill 45ml (2-Pack),3,145,435,TXN-649526
SAL-50494,2026-06-12,STR-003,PRD-1075,Lays Classic Salted Potato Chips 50g,23,20,460,TXN-902930
SAL-50495,2026-06-12,STR-003,PRD-1170,Nivea Soft Light Moisturiser 100ml,7,195,1365,TXN-742818
SAL-50496,2026-06-12,STR-002,PRD-1140,Robusta Bananas 1kg,11,45,495,TXN-529711
SAL-50497,2026-06-12,STR-003,PRD-1112,Women's Horlicks Caramel 400g,1,310,310,TXN-215830
SAL-50498,2026-06-12,STR-003,PRD-1116,Sunfeast Yippee Magic Masala Noodles 240g,3,48,144,TXN-790897
SAL-50499,2026-06-12,STR-001,PRD-1058,Pav Bun 6-Pack,2,35,70,TXN-975763
SAL-50500,2026-06-12,STR-002,PRD-1016,Urad Dal Black Whole 1kg,2,155,310,TXN-287316
SAL-50501,2026-06-12,STR-001,PRD-1198,Garbage Bags Black Medium 30 Sheets,7,90,630,TXN-311895
SAL-50502,2026-06-12,STR-001,PRD-1045,Aavin Flavoured Milk Chocolate 200ml,8,30,240,TXN-300924
SAL-50503,2026-06-12,STR-003,PRD-1091,7Up Nimbooz 350ml,1,25,25,TXN-698749
SAL-50504,2026-06-12,STR-002,PRD-1173,Himalaya Purifying Neem Face Wash 100ml,4,140,560,TXN-507475
SAL-50505,2026-06-12,STR-001,PRD-1108,Boost Health Drink 500g Refill,2,235,470,TXN-651363
SAL-50506,2026-06-12,STR-002,PRD-1130,Nutella Hazelnut Spread 350g Jar,24,380,9120,TXN-718975
SAL-50507,2026-06-12,STR-003,PRD-1019,Green Gram Whole 1kg,3,130,390,TXN-484150
SAL-50508,2026-06-12,STR-002,PRD-1041,Amul Pasteurised Butter 100g,1,58,58,TXN-318877
SAL-50509,2026-06-12,STR-002,PRD-1085,Paper Boat Mango Juice 250ml,22,35,770,TXN-972496
SAL-50510,2026-06-12,STR-003,PRD-1156,Fresh Mint Leaves 100g,1,12,12,TXN-939930
SAL-50511,2026-06-12,STR-002,PRD-1117,MTR Rava Idli Mix 500g,4,110,440,TXN-478458
SAL-50512,2026-06-12,STR-002,PRD-1006,Quaker Oats 1kg,3,195,585,TXN-536158
SAL-50513,2026-06-12,STR-001,PRD-1061,Sunfeast Dark Fantasy Choco Fills 300g,6,150,900,TXN-932831
SAL-50514,2026-06-12,STR-001,PRD-1100,Chakra Gold Tea 250g,16,150,2400,TXN-963652
SAL-50515,2026-06-12,STR-001,PRD-1044,Amul Taaza Homogenised Milk 1L Pack,6,72,432,TXN-654718
SAL-50516,2026-06-12,STR-001,PRD-1143,Ripe Papaya 1kg,4,50,200,TXN-173807
SAL-50517,2026-06-12,STR-001,PRD-1088,Coca-Cola Original Taste 750ml,1,40,40,TXN-181721
SAL-50518,2026-06-12,STR-002,PRD-1004,Aashirvaad Shuddha Chakki Atta 5kg,5,245,1225,TXN-644719
SAL-50519,2026-06-12,STR-002,PRD-1171,Gillette Guard Razor 1-Pack,2,25,50,TXN-860397
SAL-50520,2026-06-12,STR-002,PRD-1056,Winkies Chocolate Swiss Roll 100g,6,30,180,TXN-504048
SAL-50521,2026-06-12,STR-001,PRD-1134,Weikfield Vanilla Custard Powder 100g,3,45,135,TXN-651752
SAL-50522,2026-06-12,STR-001,PRD-1033,V.V.D Gold Coconut Oil 500ml,5,185,925,TXN-697717
SAL-50523,2026-06-12,STR-002,PRD-1057,Plum Cake 250g,5,120,600,TXN-287588
SAL-50524,2026-06-12,STR-001,PRD-1180,Rin Detergent Bar 250g (4-Pack),19,60,1140,TXN-685253
SAL-50525,2026-06-12,STR-003,PRD-1033,V.V.D Gold Coconut Oil 500ml,2,185,370,TXN-210639
SAL-50526,2026-06-12,STR-002,PRD-1122,Maggi Cuppa Masala Noodles 70g,17,50,850,TXN-704570
SAL-50527,2026-06-12,STR-002,PRD-1022,Masoor Dal Red 1kg,4,110,440,TXN-581003
SAL-50528,2026-06-12,STR-003,PRD-1128,Mother's Recipe Mango Pickle 300g,1,85,85,TXN-547820
SAL-50529,2026-06-12,STR-001,PRD-1056,Winkies Chocolate Swiss Roll 100g,16,30,480,TXN-274912
SAL-50530,2026-06-12,STR-002,PRD-1193,Matchbox Homelites Safety Matches (10-Box),6,30,180,TXN-676680
SAL-50531,2026-06-12,STR-002,PRD-1039,Hatsun Fresh Curd 500g Pouch,2,35,70,TXN-453907
SAL-50532,2026-06-12,STR-001,PRD-1046,Cavins Milkshake Strawberry 200ml,3,40,120,TXN-659835
SAL-50533,2026-06-12,STR-003,PRD-1175,Vim Dishwash Gel Lemon 500ml,29,115,3335,TXN-564531
SAL-50534,2026-06-12,STR-002,PRD-1084,Pringles Sour Cream & Onion 107g,7,115,805,TXN-430463
SAL-50535,2026-06-12,STR-003,PRD-1114,Milo Cocoa Beverage Powder 400g,3,220,660,TXN-440424
SAL-50536,2026-06-12,STR-001,PRD-1201,Himalaya Gentle Baby Soap 75g (3-Pack),7,135,945,TXN-532373
SAL-50537,2026-06-12,STR-002,PRD-1125,Aachi Biryani Masala 100g,7,45,315,TXN-551504
SAL-50538,2026-06-12,STR-002,PRD-1158,Ginger 250g,4,40,160,TXN-439162
SAL-50539,2026-06-12,STR-001,PRD-1070,Hide & Seek Chocolate Chip Biscuits 120g,18,40,720,TXN-690500
SAL-50540,2026-06-12,STR-002,PRD-1008,Manna Ragi Flour 1kg,7,85,595,TXN-493282
SAL-50541,2026-06-12,STR-002,PRD-1136,Ching's Secret Dark Soy Sauce 210g,1,65,65,TXN-880746
SAL-50542,2026-06-13,STR-001,PRD-1130,Nutella Hazelnut Spread 350g Jar,15,380,5700,TXN-567262
SAL-50543,2026-06-13,STR-002,PRD-1163,Clinic Plus Strong & Long Shampoo 175ml,6,110,660,TXN-703198
SAL-50544,2026-06-13,STR-002,PRD-1161,Mysore Sandal Soap 125g,4,55,220,TXN-332873
SAL-50545,2026-06-13,STR-002,PRD-1143,Ripe Papaya 1kg,4,50,200,TXN-924566
SAL-50546,2026-06-13,STR-001,PRD-1001,India Gate Basmati Rice 5kg,7,520,3640,TXN-238610
SAL-50547,2026-06-13,STR-002,PRD-1013,Tata Sampann Toor Dal 1kg,2,165,330,TXN-598969
SAL-50548,2026-06-13,STR-001,PRD-1103,Narasus Pure Filter Coffee 200g,2,120,240,TXN-151706
SAL-50549,2026-06-13,STR-003,PRD-1006,Quaker Oats 1kg,3,195,585,TXN-375311
SAL-50550,2026-06-13,STR-003,PRD-1186,Pitambari Shining Powder 200g,3,40,120,TXN-626199
SAL-50551,2026-06-13,STR-002,PRD-1049,Modern Family Special White Bread 400g,3,45,135,TXN-831770
SAL-50552,2026-06-13,STR-002,PRD-1109,Bournvita Chocolate Health Drink 500g,1,240,240,TXN-241422
SAL-50553,2026-06-13,STR-002,PRD-1003,Sona Masoori Rice 5kg,2,380,760,TXN-307731
SAL-50554,2026-06-13,STR-003,PRD-1108,Boost Health Drink 500g Refill,4,235,940,TXN-783932
SAL-50555,2026-06-13,STR-003,PRD-1080,Murukku Traditional 250g,8,80,640,TXN-688426
SAL-50556,2026-06-13,STR-003,PRD-1077,Bingo Mad Angles Cream & Onion 70g,2,20,40,TXN-871403
SAL-50557,2026-06-13,STR-001,PRD-1114,Milo Cocoa Beverage Powder 400g,2,220,440,TXN-354085
SAL-50558,2026-06-13,STR-001,PRD-1009,Raw Rice 5kg,2,320,640,TXN-914504
SAL-50559,2026-06-13,STR-001,PRD-1100,Chakra Gold Tea 250g,12,150,1800,TXN-817999
SAL-50560,2026-06-13,STR-002,PRD-1199,Pampers Baby Wipes Gentle 72 Sheets,17,185,3145,TXN-193946
SAL-50561,2026-06-13,STR-002,PRD-1184,Ariel Matic Front Load Detergent 1kg,1,280,280,TXN-533672
SAL-50562,2026-06-13,STR-002,PRD-1200,Nestle Cerelac Wheat Apple 300g,1,295,295,TXN-465227
SAL-50563,2026-06-13,STR-003,PRD-1205,Himalaya Baby Lotion 200ml,11,175,1925,TXN-461260
SAL-50564,2026-06-13,STR-001,PRD-1206,Sebamed Baby Protective Facial Cream 50ml,6,780,4680,TXN-125382
SAL-50565,2026-06-13,STR-002,PRD-1056,Winkies Chocolate Swiss Roll 100g,10,30,300,TXN-277477
SAL-50566,2026-06-13,STR-003,PRD-1034,Dhara Mustard Oil 1L,19,155,2945,TXN-746154
SAL-50567,2026-06-13,STR-001,PRD-1166,Pears Soft & Fresh Soap 125g,13,65,845,TXN-561859
SAL-50568,2026-06-13,STR-003,PRD-1128,Mother's Recipe Mango Pickle 300g,1,85,85,TXN-957915
SAL-50569,2026-06-13,STR-003,PRD-1056,Winkies Chocolate Swiss Roll 100g,6,30,180,TXN-818651
SAL-50570,2026-06-13,STR-002,PRD-1050,Britannia 100% Whole Wheat Bread 400g,17,50,850,TXN-894541
SAL-50571,2026-06-13,STR-001,PRD-1096,Bisleri Water Bottle 2L,2,30,60,TXN-189982
SAL-50572,2026-06-13,STR-002,PRD-1132,Sundrop Peanut Butter Crunchy 500g,1,195,195,TXN-157187
SAL-50573,2026-06-13,STR-002,PRD-1090,Bovonto Grape Soft Drink 1.5L,15,65,975,TXN-751168
SAL-50574,2026-06-13,STR-002,PRD-1084,Pringles Sour Cream & Onion 107g,7,115,805,TXN-972881
SAL-50575,2026-06-13,STR-001,PRD-1093,Frooti Mango Drink 1L,7,65,455,TXN-114400
SAL-50576,2026-06-13,STR-001,PRD-1034,Dhara Mustard Oil 1L,10,155,1550,TXN-943349
SAL-50577,2026-06-13,STR-002,PRD-1144,Pomegranate Kabuli 1kg,7,210,1470,TXN-571923
SAL-50578,2026-06-13,STR-001,PRD-1205,Himalaya Baby Lotion 200ml,15,175,2625,TXN-447997
SAL-50579,2026-06-13,STR-003,PRD-1028,Aavin Pure Ghee 500ml,3,315,945,TXN-648684
SAL-50580,2026-06-13,STR-002,PRD-1117,MTR Rava Idli Mix 500g,5,110,550,TXN-675458
SAL-50581,2026-06-13,STR-001,PRD-1174,Vaseline Total Moisture Body Lotion 200ml,4,215,860,TXN-865380
SAL-50582,2026-06-13,STR-001,PRD-1063,Oreo Vanilla Cream Biscuit 120g,7,35,245,TXN-828834
SAL-50583,2026-06-13,STR-003,PRD-1175,Vim Dishwash Gel Lemon 500ml,23,115,2645,TXN-119281
SAL-50584,2026-06-13,STR-003,PRD-1207,Pigeon Baby Feeding Bottle 250ml,2,220,440,TXN-795759
SAL-50585,2026-06-13,STR-001,PRD-1035,Saffola Gold Edible Oil 1L,4,195,780,TXN-367865
SAL-50586,2026-06-13,STR-003,PRD-1137,Del Monte Whole Corn Canned 415g,2,95,190,TXN-397809
SAL-50587,2026-06-13,STR-001,PRD-1029,Hatsun Pure Cow Ghee 500ml,3,330,990,TXN-830361
SAL-50588,2026-06-13,STR-001,PRD-1021,Kabuli Chana 1kg,3,140,420,TXN-155663
SAL-50589,2026-06-13,STR-001,PRD-1121,MTR Ready to Eat Paneer Butter Masala 300g,2,140,280,TXN-108739
SAL-50590,2026-06-13,STR-003,PRD-1125,Aachi Biryani Masala 100g,3,45,135,TXN-792451
SAL-50591,2026-06-13,STR-003,PRD-1156,Fresh Mint Leaves 100g,2,12,24,TXN-993473
SAL-50592,2026-06-13,STR-002,PRD-1150,Fresh Potato 1kg,21,30,630,TXN-477717
SAL-50593,2026-06-13,STR-002,PRD-1044,Amul Taaza Homogenised Milk 1L Pack,9,72,648,TXN-120005
SAL-50594,2026-06-13,STR-002,PRD-1082,Haldiram Khatta Meetha Mix 200g,3,65,195,TXN-780956
SAL-50595,2026-06-13,STR-001,PRD-1005,Pillsbury Chakki Fresh Atta 5kg,12,240,2880,TXN-499194
SAL-50596,2026-06-13,STR-001,PRD-1138,Knorr Dark Soy Sauce 200ml,3,70,210,TXN-844162
SAL-50597,2026-06-13,STR-002,PRD-1020,Fried Gram (Pottukadalai) 500g,13,75,975,TXN-430779
SAL-50598,2026-06-13,STR-002,PRD-1110,Complan Chocolate Health Drink 500g,17,260,4420,TXN-726111
SAL-50599,2026-06-13,STR-003,PRD-1188,Good Knight Gold Flash Machine + Refill,10,130,1300,TXN-295472
SAL-50600,2026-06-13,STR-001,PRD-1016,Urad Dal Black Whole 1kg,1,155,155,TXN-580233
SAL-50601,2026-06-13,STR-002,PRD-1115,Maggi 2-Minute Masala Noodles 280g (4-Pack),12,56,672,TXN-847078
SAL-50602,2026-06-13,STR-002,PRD-1194,Mangaldeep Sandal Agarbatti 100g,1,50,50,TXN-359409
SAL-50603,2026-06-13,STR-002,PRD-1203,Johnson's Baby Hair Oil 100ml,7,120,840,TXN-419739
SAL-50604,2026-06-13,STR-003,PRD-1054,Garlic Butter Toast 150g,3,40,120,TXN-512509
SAL-50605,2026-06-13,STR-001,PRD-1118,MTR Rava Dosa Mix 500g,1,115,115,TXN-817552
SAL-50606,2026-06-13,STR-001,PRD-1181,Comfort After Wash Fabric Conditioner 860ml,3,235,705,TXN-755602
SAL-50607,2026-06-13,STR-002,PRD-1080,Murukku Traditional 250g,4,80,320,TXN-625600
SAL-50608,2026-06-13,STR-003,PRD-1055,Britannia Gobbles Marble Cake 110g,13,35,455,TXN-165021
SAL-50609,2026-06-14,STR-002,PRD-1093,Frooti Mango Drink 1L,3,65,195,TXN-115743
SAL-50610,2026-06-14,STR-003,PRD-1139,Fresh Shimla Apples 1kg,4,180,720,TXN-533108
SAL-50611,2026-06-14,STR-003,PRD-1011,Seeraga Samba Rice 1kg,1,145,145,TXN-803950
SAL-50612,2026-06-14,STR-001,PRD-1200,Nestle Cerelac Wheat Apple 300g,1,295,295,TXN-894586
SAL-50613,2026-06-14,STR-002,PRD-1101,BRU Instant Coffee 100g Glass Jar,2,185,370,TXN-285679
SAL-50614,2026-06-14,STR-003,PRD-1081,Ribbon Pakoda 200g,3,75,225,TXN-560623
SAL-50615,2026-06-14,STR-002,PRD-1055,Britannia Gobbles Marble Cake 110g,29,35,1015,TXN-613742
SAL-50616,2026-06-14,STR-002,PRD-1123,Top Ramen Curry Noodles 280g,5,55,275,TXN-579770
SAL-50617,2026-06-14,STR-001,PRD-1142,Seedless Black Grapes 500g,7,80,560,TXN-548324
SAL-50618,2026-06-14,STR-001,PRD-1050,Britannia 100% Whole Wheat Bread 400g,11,50,550,TXN-143858
SAL-50619,2026-06-14,STR-002,PRD-1032,Parachute Coconut Oil 500ml,2,190,380,TXN-964371
SAL-50620,2026-06-14,STR-001,PRD-1138,Knorr Dark Soy Sauce 200ml,2,70,140,TXN-428096
SAL-50621,2026-06-14,STR-003,PRD-1187,All Out Mosquito Repellent Refill 45ml (2-Pack),3,145,435,TXN-878533
SAL-50622,2026-06-14,STR-002,PRD-1082,Haldiram Khatta Meetha Mix 200g,4,65,260,TXN-662203
SAL-50623,2026-06-14,STR-003,PRD-1150,Fresh Potato 1kg,16,30,480,TXN-838315
SAL-50624,2026-06-14,STR-002,PRD-1087,Real Fruit Power Guava Juice 1L,3,130,390,TXN-645940
SAL-50625,2026-06-14,STR-002,PRD-1206,Sebamed Baby Protective Facial Cream 50ml,3,780,2340,TXN-579094
SAL-50626,2026-06-14,STR-003,PRD-1055,Britannia Gobbles Marble Cake 110g,22,35,770,TXN-144476
SAL-50627,2026-06-14,STR-003,PRD-1153,Ladies Finger (Bhindi) 500g,6,30,180,TXN-357657
SAL-50628,2026-06-14,STR-003,PRD-1112,Women's Horlicks Caramel 400g,1,310,310,TXN-514828
SAL-50629,2026-06-14,STR-001,PRD-1119,Bambino Roasted Vermicelli 400g,6,45,270,TXN-141158
SAL-50630,2026-06-14,STR-003,PRD-1161,Mysore Sandal Soap 125g,6,55,330,TXN-641198
SAL-50631,2026-06-14,STR-002,PRD-1195,Cycle Pure Agarbatti Three in One 250g,17,95,1615,TXN-151690
SAL-50632,2026-06-14,STR-001,PRD-1048,Amul Fresh Condensed Milk 400g,1,130,130,TXN-560905
SAL-50633,2026-06-14,STR-001,PRD-1075,Lays Classic Salted Potato Chips 50g,15,20,300,TXN-419348
SAL-50634,2026-06-14,STR-002,PRD-1050,Britannia 100% Whole Wheat Bread 400g,24,50,1200,TXN-399803
SAL-50635,2026-06-14,STR-001,PRD-1195,Cycle Pure Agarbatti Three in One 250g,14,95,1330,TXN-542983
SAL-50636,2026-06-14,STR-003,PRD-1073,Haldiram Nagpur Aloo Bhujia 200g,2,60,120,TXN-157196
SAL-50637,2026-06-14,STR-003,PRD-1111,Pediasure Chocolate 400g Jar,14,620,8680,TXN-249149
SAL-50638,2026-06-14,STR-003,PRD-1188,Good Knight Gold Flash Machine + Refill,9,130,1170,TXN-777486
SAL-50639,2026-06-14,STR-002,PRD-1049,Modern Family Special White Bread 400g,3,45,135,TXN-857750
SAL-50640,2026-06-14,STR-001,PRD-1155,Coriander Leaves 100g Bundle,13,15,195,TXN-288503
SAL-50641,2026-06-14,STR-001,PRD-1053,Sweet Bun 2-Pack,8,20,160,TXN-829928
SAL-50642,2026-06-14,STR-002,PRD-1203,Johnson's Baby Hair Oil 100ml,5,120,600,TXN-512160
SAL-50643,2026-06-14,STR-002,PRD-1057,Plum Cake 250g,4,120,480,TXN-572788
SAL-50644,2026-06-14,STR-001,PRD-1115,Maggi 2-Minute Masala Noodles 280g (4-Pack),10,56,560,TXN-575718
SAL-50645,2026-06-14,STR-002,PRD-1025,Gold Winner Sunflower Oil 1L,18,145,2610,TXN-847251
SAL-50646,2026-06-14,STR-003,PRD-1200,Nestle Cerelac Wheat Apple 300g,1,295,295,TXN-576769
SAL-50647,2026-06-14,STR-001,PRD-1192,Freshwrap Aluminum Foil 18m Roll,1,175,175,TXN-439817
SAL-50648,2026-06-14,STR-002,PRD-1043,Milky Mist Paneer 200g,6,115,690,TXN-846030
SAL-50649,2026-06-14,STR-001,PRD-1067,Britannia NutriChoice Digestive 250g,18,65,1170,TXN-853270
SAL-50650,2026-06-14,STR-002,PRD-1053,Sweet Bun 2-Pack,5,20,100,TXN-195620
SAL-50651,2026-06-14,STR-002,PRD-1115,Maggi 2-Minute Masala Noodles 280g (4-Pack),7,56,392,TXN-571228
SAL-50652,2026-06-14,STR-002,PRD-1149,Fresh Red Onion 1kg,3,35,105,TXN-189450
SAL-50653,2026-06-14,STR-002,PRD-1148,Kiwi Fruit 3-Pack,2,120,240,TXN-502744
SAL-50654,2026-06-14,STR-003,PRD-1109,Bournvita Chocolate Health Drink 500g,3,240,720,TXN-636521
SAL-50655,2026-06-14,STR-003,PRD-1159,Garlic 250g,4,60,240,TXN-267666
SAL-50656,2026-06-14,STR-001,PRD-1099,Red Label Natural Care Tea 250g,5,170,850,TXN-499095
SAL-50657,2026-06-14,STR-002,PRD-1068,Parle Monaco Salted Biscuit 200g,2,30,60,TXN-279185
SAL-50658,2026-06-14,STR-002,PRD-1039,Hatsun Fresh Curd 500g Pouch,4,35,140,TXN-692960
SAL-50659,2026-06-14,STR-002,PRD-1067,Britannia NutriChoice Digestive 250g,14,65,910,TXN-257380
SAL-50660,2026-06-14,STR-002,PRD-1010,Idli Rice 5kg,11,290,3190,TXN-251631
SAL-50661,2026-06-14,STR-003,PRD-1096,Bisleri Water Bottle 2L,1,30,30,TXN-846635
SAL-50662,2026-06-14,STR-001,PRD-1204,MamyPoko Pants Standard Diaper Medium 34s,1,450,450,TXN-423026
SAL-50663,2026-06-14,STR-003,PRD-1083,Doritos Nacho Cheese Chips 60g,3,30,90,TXN-905967
SAL-50664,2026-06-14,STR-001,PRD-1084,Pringles Sour Cream & Onion 107g,4,115,460,TXN-402808
SAL-50665,2026-06-14,STR-003,PRD-1129,Aachi Lime Pickle 300g,2,65,130,TXN-223264
SAL-50666,2026-06-14,STR-002,PRD-1029,Hatsun Pure Cow Ghee 500ml,5,330,1650,TXN-312705
SAL-50667,2026-06-14,STR-001,PRD-1172,Dabur Red Toothpowder 100g,2,45,90,TXN-902575
SAL-50668,2026-06-14,STR-001,PRD-1049,Modern Family Special White Bread 400g,4,45,180,TXN-580921
SAL-50669,2026-06-14,STR-001,PRD-1181,Comfort After Wash Fabric Conditioner 860ml,4,235,940,TXN-622864
SAL-50670,2026-06-14,STR-001,PRD-1169,Parachute Advansed Jasmine Hair Oil 200ml,5,105,525,TXN-106029
SAL-50671,2026-06-14,STR-001,PRD-1135,Baking Soda 100g,13,25,325,TXN-617437
SAL-50672,2026-06-14,STR-002,PRD-1177,Harpic Power Plus Toilet Cleaner 500ml,7,95,665,TXN-717466
SAL-50673,2026-06-14,STR-001,PRD-1171,Gillette Guard Razor 1-Pack,6,25,150,TXN-575779
SAL-50674,2026-06-14,STR-003,PRD-1059,Parle-G Glucose Biscuit 250g,4,30,120,TXN-183262
SAL-50675,2026-06-14,STR-001,PRD-1070,Hide & Seek Chocolate Chip Biscuits 120g,18,40,720,TXN-106892
SAL-50676,2026-06-14,STR-001,PRD-1082,Haldiram Khatta Meetha Mix 200g,2,65,130,TXN-673929
SAL-50677,2026-06-14,STR-003,PRD-1012,Maida Flour 1kg,8,55,440,TXN-759172
SAL-50678,2026-06-14,STR-002,PRD-1147,Watermelon Kiran 1 Unit (~3kg),4,90,360,TXN-965339
SAL-50679,2026-06-15,STR-002,PRD-1075,Lays Classic Salted Potato Chips 50g,16,20,320,TXN-450006
SAL-50680,2026-06-15,STR-003,PRD-1018,Rajma Red Kidney Beans 500g,3,95,285,TXN-945197
SAL-50681,2026-06-15,STR-002,PRD-1067,Britannia NutriChoice Digestive 250g,11,65,715,TXN-111846
SAL-50682,2026-06-15,STR-001,PRD-1054,Garlic Butter Toast 150g,6,40,240,TXN-823535
SAL-50683,2026-06-15,STR-003,PRD-1020,Fried Gram (Pottukadalai) 500g,10,75,750,TXN-928580
SAL-50684,2026-06-15,STR-001,PRD-1126,Eastern Chicken Masala 100g,1,42,42,TXN-414870
SAL-50685,2026-06-15,STR-001,PRD-1053,Sweet Bun 2-Pack,3,20,60,TXN-819150
SAL-50686,2026-06-15,STR-003,PRD-1012,Maida Flour 1kg,9,55,495,TXN-515287
SAL-50687,2026-06-15,STR-001,PRD-1208,Mee Mee Baby Laundry Detergent 1L,1,380,380,TXN-745915
SAL-50688,2026-06-15,STR-001,PRD-1108,Boost Health Drink 500g Refill,3,235,705,TXN-972460
SAL-50689,2026-06-15,STR-003,PRD-1119,Bambino Roasted Vermicelli 400g,3,45,135,TXN-446569
SAL-50690,2026-06-15,STR-002,PRD-1032,Parachute Coconut Oil 500ml,2,190,380,TXN-805139
SAL-50691,2026-06-15,STR-001,PRD-1040,Milky Mist Thick Curd 1kg Bucket,1,90,90,TXN-597549
SAL-50692,2026-06-15,STR-002,PRD-1150,Fresh Potato 1kg,19,30,570,TXN-777015
SAL-50693,2026-06-15,STR-001,PRD-1065,Britannia Good Day Butter 200g,7,45,315,TXN-262934
SAL-50694,2026-06-15,STR-001,PRD-1059,Parle-G Glucose Biscuit 250g,6,30,180,TXN-663051
SAL-50695,2026-06-15,STR-001,PRD-1103,Narasus Pure Filter Coffee 200g,3,120,360,TXN-584935
SAL-50696,2026-06-15,STR-002,PRD-1206,Sebamed Baby Protective Facial Cream 50ml,6,780,4680,TXN-534061
SAL-50697,2026-06-15,STR-002,PRD-1202,Johnson's Baby Powder 200g,5,190,950,TXN-158743
SAL-50698,2026-06-15,STR-002,PRD-1064,Britannia Good Day Cashew 200g,1,50,50,TXN-413884
SAL-50699,2026-06-15,STR-002,PRD-1164,Colgate Strong Teeth Toothpaste 150g,3,95,285,TXN-811141
SAL-50700,2026-06-15,STR-002,PRD-1208,Mee Mee Baby Laundry Detergent 1L,1,380,380,TXN-661916
SAL-50701,2026-06-15,STR-001,PRD-1130,Nutella Hazelnut Spread 350g Jar,8,380,3040,TXN-705445
SAL-50702,2026-06-15,STR-003,PRD-1013,Tata Sampann Toor Dal 1kg,6,165,990,TXN-938373
SAL-50703,2026-06-15,STR-002,PRD-1034,Dhara Mustard Oil 1L,11,155,1705,TXN-934438
SAL-50704,2026-06-15,STR-002,PRD-1108,Boost Health Drink 500g Refill,2,235,470,TXN-256557
SAL-50705,2026-06-15,STR-003,PRD-1116,Sunfeast Yippee Magic Masala Noodles 240g,5,48,240,TXN-132687
SAL-50706,2026-06-15,STR-001,PRD-1133,Hershey's Chocolate Syrup 623g,8,230,1840,TXN-493468
SAL-50707,2026-06-15,STR-001,PRD-1137,Del Monte Whole Corn Canned 415g,3,95,285,TXN-983326
SAL-50708,2026-06-15,STR-002,PRD-1025,Gold Winner Sunflower Oil 1L,11,145,1595,TXN-735111
SAL-50709,2026-06-15,STR-001,PRD-1154,Green Capsicum 500g,2,45,90,TXN-724103
SAL-50710,2026-06-15,STR-002,PRD-1198,Garbage Bags Black Medium 30 Sheets,3,90,270,TXN-920347
SAL-50711,2026-06-15,STR-002,PRD-1024,Black Eyed Beans (Karamani) 500g,1,70,70,TXN-839525
SAL-50712,2026-06-15,STR-001,PRD-1170,Nivea Soft Light Moisturiser 100ml,5,195,975,TXN-191014
SAL-50713,2026-06-15,STR-001,PRD-1049,Modern Family Special White Bread 400g,5,45,225,TXN-349185
SAL-50714,2026-06-15,STR-003,PRD-1044,Amul Taaza Homogenised Milk 1L Pack,4,72,288,TXN-969749
SAL-50715,2026-06-15,STR-002,PRD-1099,Red Label Natural Care Tea 250g,6,170,1020,TXN-326639
SAL-50716,2026-06-15,STR-001,PRD-1119,Bambino Roasted Vermicelli 400g,4,45,180,TXN-283514
SAL-50717,2026-06-15,STR-003,PRD-1189,Odonil Room Air Freshener Spray Citrus 220ml,2,160,320,TXN-923073
SAL-50718,2026-06-15,STR-002,PRD-1149,Fresh Red Onion 1kg,1,35,35,TXN-311915
SAL-50719,2026-06-15,STR-001,PRD-1189,Odonil Room Air Freshener Spray Citrus 220ml,4,160,640,TXN-565330
SAL-50720,2026-06-15,STR-001,PRD-1076,Kurkure Masala Munch 85g,4,20,80,TXN-937838
SAL-50721,2026-06-15,STR-003,PRD-1021,Kabuli Chana 1kg,3,140,420,TXN-624344
SAL-50722,2026-06-15,STR-001,PRD-1206,Sebamed Baby Protective Facial Cream 50ml,4,780,3120,TXN-456637
SAL-50723,2026-06-15,STR-002,PRD-1190,Duracell Chota Power AA Batteries (4-Pack),17,160,2720,TXN-868020
SAL-50724,2026-06-15,STR-002,PRD-1174,Vaseline Total Moisture Body Lotion 200ml,3,215,645,TXN-425434
SAL-50725,2026-06-15,STR-001,PRD-1104,Cothas Coffee Chicory Blend 500g,1,220,220,TXN-250255
SAL-50726,2026-06-15,STR-003,PRD-1114,Milo Cocoa Beverage Powder 400g,3,220,660,TXN-203024
SAL-50727,2026-06-15,STR-001,PRD-1094,Red Bull Energy Drink 250ml,6,125,750,TXN-641218
SAL-50728,2026-06-15,STR-002,PRD-1189,Odonil Room Air Freshener Spray Citrus 220ml,3,160,480,TXN-239164
SAL-50729,2026-06-15,STR-001,PRD-1207,Pigeon Baby Feeding Bottle 250ml,3,220,660,TXN-138328
SAL-50730,2026-06-15,STR-001,PRD-1128,Mother's Recipe Mango Pickle 300g,1,85,85,TXN-848344
SAL-50731,2026-06-15,STR-002,PRD-1047,Milky Mist Fresh Cream 200ml,3,70,210,TXN-221462
SAL-50732,2026-06-15,STR-003,PRD-1202,Johnson's Baby Powder 200g,2,190,380,TXN-146168
SAL-50733,2026-06-15,STR-001,PRD-1179,Colin Glass Cleaner Spray 500ml,6,105,630,TXN-723155
SAL-50734,2026-06-15,STR-002,PRD-1187,All Out Mosquito Repellent Refill 45ml (2-Pack),5,145,725,TXN-449479
SAL-50735,2026-06-15,STR-002,PRD-1179,Colin Glass Cleaner Spray 500ml,6,105,630,TXN-148381
SAL-50736,2026-06-15,STR-003,PRD-1177,Harpic Power Plus Toilet Cleaner 500ml,6,95,570,TXN-903398
SAL-50737,2026-06-15,STR-003,PRD-1065,Britannia Good Day Butter 200g,15,45,675,TXN-427659
SAL-50738,2026-06-15,STR-002,PRD-1084,Pringles Sour Cream & Onion 107g,2,115,230,TXN-895338
SAL-50739,2026-06-15,STR-002,PRD-1070,Hide & Seek Chocolate Chip Biscuits 120g,13,40,520,TXN-301898
SAL-50740,2026-06-15,STR-002,PRD-1001,India Gate Basmati Rice 5kg,9,520,4680,TXN-658131
SAL-50741,2026-06-15,STR-002,PRD-1043,Milky Mist Paneer 200g,4,115,460,TXN-562543
SAL-50742,2026-06-15,STR-003,PRD-1009,Raw Rice 5kg,2,320,640,TXN-385898
SAL-50743,2026-06-15,STR-003,PRD-1167,Dove Cream Beauty Bathing Bar 125g,1,75,75,TXN-386929
SAL-50744,2026-06-15,STR-001,PRD-1043,Milky Mist Paneer 200g,1,115,115,TXN-753205
SAL-50745,2026-06-15,STR-003,PRD-1149,Fresh Red Onion 1kg,2,35,70,TXN-207348
SAL-50746,2026-06-16,STR-001,PRD-1075,Lays Classic Salted Potato Chips 50g,18,20,360,TXN-174369
SAL-50747,2026-06-16,STR-002,PRD-1195,Cycle Pure Agarbatti Three in One 250g,17,95,1615,TXN-658624
SAL-50748,2026-06-16,STR-002,PRD-1126,Eastern Chicken Masala 100g,4,42,168,TXN-719221
SAL-50749,2026-06-16,STR-001,PRD-1198,Garbage Bags Black Medium 30 Sheets,4,90,360,TXN-751034
SAL-50750,2026-06-16,STR-002,PRD-1115,Maggi 2-Minute Masala Noodles 280g (4-Pack),9,56,504,TXN-266744
SAL-50751,2026-06-16,STR-001,PRD-1098,Tata Tea Gold 500g,10,290,2900,TXN-502460
SAL-50752,2026-06-16,STR-003,PRD-1051,Modern Whole Wheat Bread 400g,2,48,96,TXN-318353
SAL-50753,2026-06-16,STR-003,PRD-1102,Nescafe Classic Instant Coffee 50g,5,160,800,TXN-719677
SAL-50754,2026-06-16,STR-003,PRD-1206,Sebamed Baby Protective Facial Cream 50ml,5,780,3900,TXN-556501
SAL-50755,2026-06-16,STR-003,PRD-1088,Coca-Cola Original Taste 750ml,1,40,40,TXN-458823
SAL-50756,2026-06-16,STR-002,PRD-1062,Britannia Marie Gold 300g,5,40,200,TXN-347625
SAL-50757,2026-06-16,STR-002,PRD-1026,Idhayam Sesame/Gingelly Oil 1L,3,320,960,TXN-802131
SAL-50758,2026-06-16,STR-002,PRD-1112,Women's Horlicks Caramel 400g,1,310,310,TXN-846490
SAL-50759,2026-06-16,STR-002,PRD-1122,Maggi Cuppa Masala Noodles 70g,14,50,700,TXN-610268
SAL-50760,2026-06-16,STR-003,PRD-1194,Mangaldeep Sandal Agarbatti 100g,2,50,100,TXN-725030
SAL-50761,2026-06-16,STR-001,PRD-1160,Curry Leaves 50g Bundle,1,10,10,TXN-682051
SAL-50762,2026-06-16,STR-001,PRD-1019,Green Gram Whole 1kg,3,130,390,TXN-566843
SAL-50763,2026-06-16,STR-003,PRD-1047,Milky Mist Fresh Cream 200ml,3,70,210,TXN-525505
SAL-50764,2026-06-16,STR-002,PRD-1011,Seeraga Samba Rice 1kg,1,145,145,TXN-214027
SAL-50765,2026-06-16,STR-001,PRD-1170,Nivea Soft Light Moisturiser 100ml,8,195,1560,TXN-725376
SAL-50766,2026-06-16,STR-001,PRD-1039,Hatsun Fresh Curd 500g Pouch,7,35,245,TXN-497316
SAL-50767,2026-06-16,STR-002,PRD-1138,Knorr Dark Soy Sauce 200ml,2,70,140,TXN-776320
SAL-50768,2026-06-16,STR-002,PRD-1020,Fried Gram (Pottukadalai) 500g,25,75,1875,TXN-194930
SAL-50769,2026-06-16,STR-001,PRD-1032,Parachute Coconut Oil 500ml,1,190,190,TXN-245664
SAL-50770,2026-06-16,STR-003,PRD-1153,Ladies Finger (Bhindi) 500g,6,30,180,TXN-891662
SAL-50771,2026-06-16,STR-002,PRD-1141,Nagpur Oranges 1kg,6,90,540,TXN-100193
SAL-50772,2026-06-16,STR-002,PRD-1065,Britannia Good Day Butter 200g,15,45,675,TXN-792984
SAL-50773,2026-06-16,STR-003,PRD-1160,Curry Leaves 50g Bundle,1,10,10,TXN-657062
SAL-50774,2026-06-16,STR-003,PRD-1128,Mother's Recipe Mango Pickle 300g,1,85,85,TXN-745474
SAL-50775,2026-06-16,STR-003,PRD-1112,Women's Horlicks Caramel 400g,1,310,310,TXN-305171
SAL-50776,2026-06-16,STR-001,PRD-1120,Knorr Thick Tomato Soup 53g,1,40,40,TXN-431976
SAL-50777,2026-06-16,STR-001,PRD-1072,Unibic Assorted Cookies 75g,1,45,45,TXN-932932
SAL-50778,2026-06-16,STR-002,PRD-1192,Freshwrap Aluminum Foil 18m Roll,2,175,350,TXN-419343
SAL-50779,2026-06-16,STR-001,PRD-1029,Hatsun Pure Cow Ghee 500ml,7,330,2310,TXN-555844
SAL-50780,2026-06-16,STR-003,PRD-1167,Dove Cream Beauty Bathing Bar 125g,2,75,150,TXN-460987
SAL-50781,2026-06-16,STR-002,PRD-1204,MamyPoko Pants Standard Diaper Medium 34s,7,450,3150,TXN-711033
SAL-50782,2026-06-16,STR-001,PRD-1048,Amul Fresh Condensed Milk 400g,1,130,130,TXN-635218
SAL-50783,2026-06-16,STR-002,PRD-1034,Dhara Mustard Oil 1L,7,155,1085,TXN-233751
SAL-50784,2026-06-16,STR-003,PRD-1168,Sunsilk Black Shine Shampoo 180ml,1,125,125,TXN-165442
SAL-50785,2026-06-16,STR-003,PRD-1035,Saffola Gold Edible Oil 1L,3,195,585,TXN-675547
SAL-50786,2026-06-16,STR-002,PRD-1164,Colgate Strong Teeth Toothpaste 150g,4,95,380,TXN-100884
SAL-50787,2026-06-16,STR-001,PRD-1112,Women's Horlicks Caramel 400g,2,310,620,TXN-960622
SAL-50788,2026-06-16,STR-002,PRD-1169,Parachute Advansed Jasmine Hair Oil 200ml,5,105,525,TXN-215027
SAL-50789,2026-06-16,STR-001,PRD-1084,Pringles Sour Cream & Onion 107g,3,115,345,TXN-132699
SAL-50790,2026-06-16,STR-002,PRD-1081,Ribbon Pakoda 200g,4,75,300,TXN-836333
SAL-50791,2026-06-16,STR-003,PRD-1052,Britannia Fruit Bun 150g,6,25,150,TXN-755584
SAL-50792,2026-06-16,STR-003,PRD-1093,Frooti Mango Drink 1L,4,65,260,TXN-501384
SAL-50793,2026-06-16,STR-002,PRD-1119,Bambino Roasted Vermicelli 400g,3,45,135,TXN-682401
SAL-50794,2026-06-16,STR-002,PRD-1117,MTR Rava Idli Mix 500g,3,110,330,TXN-477789
SAL-50795,2026-06-16,STR-003,PRD-1163,Clinic Plus Strong & Long Shampoo 175ml,6,110,660,TXN-261760
SAL-50796,2026-06-16,STR-003,PRD-1175,Vim Dishwash Gel Lemon 500ml,15,115,1725,TXN-802615
SAL-50797,2026-06-16,STR-003,PRD-1011,Seeraga Samba Rice 1kg,1,145,145,TXN-112166
SAL-50798,2026-06-16,STR-002,PRD-1024,Black Eyed Beans (Karamani) 500g,1,70,70,TXN-116470
SAL-50799,2026-06-16,STR-002,PRD-1171,Gillette Guard Razor 1-Pack,2,25,50,TXN-610343
SAL-50800,2026-06-16,STR-002,PRD-1041,Amul Pasteurised Butter 100g,4,58,232,TXN-242371
SAL-50801,2026-06-16,STR-003,PRD-1126,Eastern Chicken Masala 100g,1,42,42,TXN-773440
SAL-50802,2026-06-16,STR-003,PRD-1172,Dabur Red Toothpowder 100g,7,45,315,TXN-578180
SAL-50803,2026-06-16,STR-002,PRD-1166,Pears Soft & Fresh Soap 125g,16,65,1040,TXN-829169
SAL-50804,2026-06-16,STR-001,PRD-1062,Britannia Marie Gold 300g,4,40,160,TXN-546383
SAL-50805,2026-06-16,STR-002,PRD-1102,Nescafe Classic Instant Coffee 50g,5,160,800,TXN-576467
SAL-50806,2026-06-16,STR-003,PRD-1125,Aachi Biryani Masala 100g,6,45,270,TXN-678866
SAL-50807,2026-06-16,STR-001,PRD-1207,Pigeon Baby Feeding Bottle 250ml,6,220,1320,TXN-503402
SAL-50808,2026-06-16,STR-003,PRD-1046,Cavins Milkshake Strawberry 200ml,4,40,160,TXN-294816
SAL-50809,2026-06-16,STR-001,PRD-1183,Domex Fresh Guard Toilet Cleaner 500ml,1,85,85,TXN-622355
SAL-50810,2026-06-16,STR-001,PRD-1038,Aavin Full Cream Milk 500ml,6,30,180,TXN-348250
SAL-50811,2026-06-16,STR-002,PRD-1146,Mosambi (Sweet Lime) 1kg,6,85,510,TXN-382329
SAL-50812,2026-06-16,STR-002,PRD-1039,Hatsun Fresh Curd 500g Pouch,2,35,70,TXN-672696
SAL-50813,2026-06-16,STR-003,PRD-1117,MTR Rava Idli Mix 500g,4,110,440,TXN-135087
SAL-50814,2026-06-17,STR-002,PRD-1204,MamyPoko Pants Standard Diaper Medium 34s,3,450,1350,TXN-252117
SAL-50815,2026-06-17,STR-001,PRD-1174,Vaseline Total Moisture Body Lotion 200ml,5,215,1075,TXN-961639
SAL-50816,2026-06-17,STR-001,PRD-1133,Hershey's Chocolate Syrup 623g,6,230,1380,TXN-620039
SAL-50817,2026-06-17,STR-002,PRD-1041,Amul Pasteurised Butter 100g,4,58,232,TXN-533007
SAL-50818,2026-06-17,STR-003,PRD-1173,Himalaya Purifying Neem Face Wash 100ml,7,140,980,TXN-349505
SAL-50819,2026-06-17,STR-002,PRD-1029,Hatsun Pure Cow Ghee 500ml,4,330,1320,TXN-861265
SAL-50820,2026-06-17,STR-001,PRD-1052,Britannia Fruit Bun 150g,4,25,100,TXN-321099
SAL-50821,2026-06-17,STR-003,PRD-1189,Odonil Room Air Freshener Spray Citrus 220ml,4,160,640,TXN-982725
SAL-50822,2026-06-17,STR-002,PRD-1101,BRU Instant Coffee 100g Glass Jar,3,185,555,TXN-773459
SAL-50823,2026-06-17,STR-003,PRD-1167,Dove Cream Beauty Bathing Bar 125g,1,75,75,TXN-959340
SAL-50824,2026-06-17,STR-002,PRD-1186,Pitambari Shining Powder 200g,3,40,120,TXN-275741
SAL-50825,2026-06-17,STR-001,PRD-1029,Hatsun Pure Cow Ghee 500ml,5,330,1650,TXN-599365
SAL-50826,2026-06-17,STR-002,PRD-1188,Good Knight Gold Flash Machine + Refill,6,130,780,TXN-882395
SAL-50827,2026-06-17,STR-003,PRD-1032,Parachute Coconut Oil 500ml,2,190,380,TXN-658388
SAL-50828,2026-06-17,STR-001,PRD-1089,Sprite Lemon-Lime 750ml,6,40,240,TXN-816712
SAL-50829,2026-06-17,STR-002,PRD-1170,Nivea Soft Light Moisturiser 100ml,5,195,975,TXN-597643
SAL-50830,2026-06-17,STR-003,PRD-1028,Aavin Pure Ghee 500ml,3,315,945,TXN-656208
SAL-50831,2026-06-17,STR-002,PRD-1194,Mangaldeep Sandal Agarbatti 100g,3,50,150,TXN-112439
SAL-50832,2026-06-17,STR-003,PRD-1208,Mee Mee Baby Laundry Detergent 1L,1,380,380,TXN-936039
SAL-50833,2026-06-17,STR-003,PRD-1112,Women's Horlicks Caramel 400g,1,310,310,TXN-811451
SAL-50834,2026-06-17,STR-001,PRD-1020,Fried Gram (Pottukadalai) 500g,14,75,1050,TXN-656011
SAL-50835,2026-06-17,STR-001,PRD-1124,MTR Gulab Jamun Mix 175g,5,95,475,TXN-143010
SAL-50836,2026-06-17,STR-003,PRD-1192,Freshwrap Aluminum Foil 18m Roll,1,175,175,TXN-657101
SAL-50837,2026-06-17,STR-001,PRD-1005,Pillsbury Chakki Fresh Atta 5kg,16,240,3840,TXN-985249
SAL-50838,2026-06-17,STR-001,PRD-1169,Parachute Advansed Jasmine Hair Oil 200ml,4,105,420,TXN-783740
SAL-50839,2026-06-17,STR-003,PRD-1163,Clinic Plus Strong & Long Shampoo 175ml,6,110,660,TXN-451238
SAL-50840,2026-06-17,STR-003,PRD-1184,Ariel Matic Front Load Detergent 1kg,1,280,280,TXN-941289
SAL-50841,2026-06-17,STR-003,PRD-1206,Sebamed Baby Protective Facial Cream 50ml,3,780,2340,TXN-786128
SAL-50842,2026-06-17,STR-003,PRD-1119,Bambino Roasted Vermicelli 400g,6,45,270,TXN-583507
SAL-50843,2026-06-17,STR-001,PRD-1152,Ooty Carrot 500g,8,35,280,TXN-885478
SAL-50844,2026-06-17,STR-002,PRD-1127,Kissan Fresh Tomato Ketchup 950g,2,135,270,TXN-804527
SAL-50845,2026-06-17,STR-002,PRD-1106,Continental Xtra Instant Coffee 200g,6,240,1440,TXN-304394
SAL-50846,2026-06-17,STR-003,PRD-1104,Cothas Coffee Chicory Blend 500g,1,220,220,TXN-810638
SAL-50847,2026-06-17,STR-001,PRD-1061,Sunfeast Dark Fantasy Choco Fills 300g,5,150,750,TXN-288656
SAL-50848,2026-06-17,STR-003,PRD-1013,Tata Sampann Toor Dal 1kg,4,165,660,TXN-111091
SAL-50849,2026-06-17,STR-001,PRD-1110,Complan Chocolate Health Drink 500g,17,260,4420,TXN-972089
SAL-50850,2026-06-17,STR-001,PRD-1203,Johnson's Baby Hair Oil 100ml,2,120,240,TXN-531225
SAL-50851,2026-06-17,STR-002,PRD-1094,Red Bull Energy Drink 250ml,1,125,125,TXN-208954
SAL-50852,2026-06-17,STR-001,PRD-1023,Horse Gram (Kollu) 500g,10,60,600,TXN-468591
SAL-50853,2026-06-17,STR-003,PRD-1170,Nivea Soft Light Moisturiser 100ml,5,195,975,TXN-397058
SAL-50854,2026-06-17,STR-002,PRD-1208,Mee Mee Baby Laundry Detergent 1L,1,380,380,TXN-135695
SAL-50855,2026-06-17,STR-003,PRD-1061,Sunfeast Dark Fantasy Choco Fills 300g,2,150,300,TXN-196407
SAL-50856,2026-06-17,STR-002,PRD-1206,Sebamed Baby Protective Facial Cream 50ml,2,780,1560,TXN-722999
SAL-50857,2026-06-17,STR-002,PRD-1019,Green Gram Whole 1kg,4,130,520,TXN-976042
SAL-50858,2026-06-17,STR-003,PRD-1010,Idli Rice 5kg,10,290,2900,TXN-225805
SAL-50859,2026-06-17,STR-003,PRD-1103,Narasus Pure Filter Coffee 200g,2,120,240,TXN-734059
SAL-50860,2026-06-17,STR-003,PRD-1174,Vaseline Total Moisture Body Lotion 200ml,1,215,215,TXN-788279
SAL-50861,2026-06-17,STR-003,PRD-1030,Amul Pure Ghee 1L Tin,17,620,10540,TXN-779378
SAL-50862,2026-06-17,STR-002,PRD-1046,Cavins Milkshake Strawberry 200ml,2,40,80,TXN-293743
SAL-50863,2026-06-17,STR-001,PRD-1182,Exo Touch & Shine Dishwash Bar 250g,7,30,210,TXN-829445
SAL-50864,2026-06-17,STR-002,PRD-1028,Aavin Pure Ghee 500ml,3,315,945,TXN-408877
SAL-50865,2026-06-17,STR-003,PRD-1100,Chakra Gold Tea 250g,10,150,1500,TXN-179392
SAL-50866,2026-06-17,STR-002,PRD-1091,7Up Nimbooz 350ml,4,25,100,TXN-389809
SAL-50867,2026-06-17,STR-002,PRD-1048,Amul Fresh Condensed Milk 400g,1,130,130,TXN-825846
SAL-50868,2026-06-17,STR-003,PRD-1101,BRU Instant Coffee 100g Glass Jar,8,185,1480,TXN-907278
SAL-50869,2026-06-17,STR-002,PRD-1099,Red Label Natural Care Tea 250g,5,170,850,TXN-369836
SAL-50870,2026-06-17,STR-002,PRD-1093,Frooti Mango Drink 1L,1,65,65,TXN-177591
SAL-50871,2026-06-17,STR-001,PRD-1006,Quaker Oats 1kg,3,195,585,TXN-165417
SAL-50872,2026-06-17,STR-001,PRD-1041,Amul Pasteurised Butter 100g,1,58,58,TXN-448813
SAL-50873,2026-06-17,STR-002,PRD-1063,Oreo Vanilla Cream Biscuit 120g,8,35,280,TXN-370782
SAL-50874,2026-06-17,STR-001,PRD-1055,Britannia Gobbles Marble Cake 110g,20,35,700,TXN-377521
SAL-50875,2026-06-17,STR-001,PRD-1161,Mysore Sandal Soap 125g,3,55,165,TXN-172769
SAL-50876,2026-06-17,STR-002,PRD-1133,Hershey's Chocolate Syrup 623g,9,230,2070,TXN-310416
SAL-50877,2026-06-17,STR-003,PRD-1063,Oreo Vanilla Cream Biscuit 120g,5,35,175,TXN-287110
SAL-50878,2026-06-17,STR-003,PRD-1094,Red Bull Energy Drink 250ml,4,125,500,TXN-213697
SAL-50879,2026-06-17,STR-002,PRD-1085,Paper Boat Mango Juice 250ml,12,35,420,TXN-906048
SAL-50880,2026-06-17,STR-001,PRD-1190,Duracell Chota Power AA Batteries (4-Pack),12,160,1920,TXN-563031
SAL-50881,2026-06-18,STR-001,PRD-1094,Red Bull Energy Drink 250ml,4,125,500,TXN-454123
SAL-50882,2026-06-18,STR-001,PRD-1038,Aavin Full Cream Milk 500ml,5,30,150,TXN-144894
SAL-50883,2026-06-18,STR-002,PRD-1013,Tata Sampann Toor Dal 1kg,2,165,330,TXN-321960
SAL-50884,2026-06-18,STR-002,PRD-1026,Idhayam Sesame/Gingelly Oil 1L,4,320,1280,TXN-811016
SAL-50885,2026-06-18,STR-001,PRD-1206,Sebamed Baby Protective Facial Cream 50ml,8,780,6240,TXN-662625
SAL-50886,2026-06-18,STR-003,PRD-1090,Bovonto Grape Soft Drink 1.5L,13,65,845,TXN-707488
SAL-50887,2026-06-18,STR-003,PRD-1160,Curry Leaves 50g Bundle,1,10,10,TXN-175532
SAL-50888,2026-06-18,STR-003,PRD-1007,Saffola Masala Oats 500g,2,175,350,TXN-248468
SAL-50889,2026-06-18,STR-002,PRD-1179,Colin Glass Cleaner Spray 500ml,7,105,735,TXN-119989
SAL-50890,2026-06-18,STR-002,PRD-1054,Garlic Butter Toast 150g,5,40,200,TXN-748410
SAL-50891,2026-06-18,STR-001,PRD-1001,India Gate Basmati Rice 5kg,4,520,2080,TXN-835363
SAL-50892,2026-06-18,STR-002,PRD-1014,Moong Dal Split 1kg,1,145,145,TXN-763393
SAL-50893,2026-06-18,STR-003,PRD-1140,Robusta Bananas 1kg,11,45,495,TXN-422266
SAL-50894,2026-06-18,STR-002,PRD-1096,Bisleri Water Bottle 2L,1,30,30,TXN-202018
SAL-50895,2026-06-18,STR-002,PRD-1055,Britannia Gobbles Marble Cake 110g,20,35,700,TXN-278980
SAL-50896,2026-06-18,STR-001,PRD-1119,Bambino Roasted Vermicelli 400g,6,45,270,TXN-167064
SAL-50897,2026-06-18,STR-001,PRD-1141,Nagpur Oranges 1kg,5,90,450,TXN-211496
SAL-50898,2026-06-18,STR-001,PRD-1207,Pigeon Baby Feeding Bottle 250ml,2,220,440,TXN-723879
SAL-50899,2026-06-18,STR-002,PRD-1002,Ponni Boiled Rice 10kg,4,680,2720,TXN-331287
SAL-50900,2026-06-18,STR-003,PRD-1185,Scotch-Brite Scrub Pad Large (3-Pack),11,45,495,TXN-312484
SAL-50901,2026-06-18,STR-001,PRD-1177,Harpic Power Plus Toilet Cleaner 500ml,8,95,760,TXN-950941
SAL-50902,2026-06-18,STR-002,PRD-1172,Dabur Red Toothpowder 100g,6,45,270,TXN-873774
SAL-50903,2026-06-18,STR-003,PRD-1145,Green Guava 1kg,27,70,1890,TXN-703945
SAL-50904,2026-06-18,STR-001,PRD-1026,Idhayam Sesame/Gingelly Oil 1L,6,320,1920,TXN-437211
SAL-50905,2026-06-18,STR-003,PRD-1194,Mangaldeep Sandal Agarbatti 100g,4,50,200,TXN-931627
SAL-50906,2026-06-18,STR-001,PRD-1082,Haldiram Khatta Meetha Mix 200g,2,65,130,TXN-147800
SAL-50907,2026-06-18,STR-003,PRD-1138,Knorr Dark Soy Sauce 200ml,6,70,420,TXN-451801
SAL-50908,2026-06-18,STR-003,PRD-1173,Himalaya Purifying Neem Face Wash 100ml,3,140,420,TXN-387198
SAL-50909,2026-06-18,STR-003,PRD-1044,Amul Taaza Homogenised Milk 1L Pack,2,72,144,TXN-535320
SAL-50910,2026-06-18,STR-001,PRD-1204,MamyPoko Pants Standard Diaper Medium 34s,1,450,450,TXN-487896
SAL-50911,2026-06-18,STR-001,PRD-1193,Matchbox Homelites Safety Matches (10-Box),2,30,60,TXN-559969
SAL-50912,2026-06-18,STR-003,PRD-1129,Aachi Lime Pickle 300g,1,65,65,TXN-710256
SAL-50913,2026-06-18,STR-002,PRD-1120,Knorr Thick Tomato Soup 53g,1,40,40,TXN-204823
SAL-50914,2026-06-18,STR-003,PRD-1109,Bournvita Chocolate Health Drink 500g,4,240,960,TXN-762904
SAL-50915,2026-06-18,STR-003,PRD-1144,Pomegranate Kabuli 1kg,11,210,2310,TXN-915437
SAL-50916,2026-06-18,STR-003,PRD-1020,Fried Gram (Pottukadalai) 500g,8,75,600,TXN-610622
SAL-50917,2026-06-18,STR-002,PRD-1033,V.V.D Gold Coconut Oil 500ml,2,185,370,TXN-107574
SAL-50918,2026-06-18,STR-001,PRD-1132,Sundrop Peanut Butter Crunchy 500g,3,195,585,TXN-193471
SAL-50919,2026-06-18,STR-003,PRD-1192,Freshwrap Aluminum Foil 18m Roll,1,175,175,TXN-722571
SAL-50920,2026-06-18,STR-001,PRD-1123,Top Ramen Curry Noodles 280g,7,55,385,TXN-536440
SAL-50921,2026-06-18,STR-001,PRD-1030,Amul Pure Ghee 1L Tin,19,620,11780,TXN-930724
SAL-50922,2026-06-18,STR-003,PRD-1165,Sensodyne Rapid Relief Toothpaste 80g,23,170,3910,TXN-825990
SAL-50923,2026-06-18,STR-003,PRD-1104,Cothas Coffee Chicory Blend 500g,1,220,220,TXN-250038
SAL-50924,2026-06-18,STR-003,PRD-1073,Haldiram Nagpur Aloo Bhujia 200g,3,60,180,TXN-648496
SAL-50925,2026-06-18,STR-001,PRD-1064,Britannia Good Day Cashew 200g,1,50,50,TXN-350875
SAL-50926,2026-06-18,STR-003,PRD-1199,Pampers Baby Wipes Gentle 72 Sheets,18,185,3330,TXN-740195
SAL-50927,2026-06-18,STR-001,PRD-1015,Chana Dal 1kg,22,115,2530,TXN-725236
SAL-50928,2026-06-18,STR-002,PRD-1069,Parle Krackjack Sweet & Salty 200g,2,30,60,TXN-624170
SAL-50929,2026-06-18,STR-002,PRD-1108,Boost Health Drink 500g Refill,3,235,705,TXN-192296
SAL-50930,2026-06-18,STR-002,PRD-1039,Hatsun Fresh Curd 500g Pouch,3,35,105,TXN-920597
SAL-50931,2026-06-18,STR-002,PRD-1175,Vim Dishwash Gel Lemon 500ml,16,115,1840,TXN-539128
SAL-50932,2026-06-18,STR-002,PRD-1031,Sundrop SuperLite Oil 1L,1,165,165,TXN-347085
SAL-50933,2026-06-18,STR-001,PRD-1158,Ginger 250g,1,40,40,TXN-655953
SAL-50934,2026-06-18,STR-001,PRD-1069,Parle Krackjack Sweet & Salty 200g,6,30,180,TXN-748985
SAL-50935,2026-06-18,STR-002,PRD-1051,Modern Whole Wheat Bread 400g,3,48,144,TXN-898100
SAL-50936,2026-06-18,STR-003,PRD-1013,Tata Sampann Toor Dal 1kg,8,165,1320,TXN-632195
SAL-50937,2026-06-18,STR-001,PRD-1070,Hide & Seek Chocolate Chip Biscuits 120g,12,40,480,TXN-907750
SAL-50938,2026-06-18,STR-001,PRD-1010,Idli Rice 5kg,14,290,4060,TXN-318217
SAL-50939,2026-06-18,STR-003,PRD-1086,Tropicana 100% Orange Juice 1L,3,145,435,TXN-303129
SAL-50940,2026-06-18,STR-001,PRD-1176,Surf Excel Quick Wash Detergent Powder 1kg,1,210,210,TXN-256465
SAL-50941,2026-06-18,STR-002,PRD-1140,Robusta Bananas 1kg,17,45,765,TXN-597457
SAL-50942,2026-06-18,STR-003,PRD-1023,Horse Gram (Kollu) 500g,8,60,480,TXN-267520
SAL-50943,2026-06-18,STR-002,PRD-1111,Pediasure Chocolate 400g Jar,9,620,5580,TXN-145209
SAL-50944,2026-06-18,STR-001,PRD-1180,Rin Detergent Bar 250g (4-Pack),10,60,600,TXN-481884
SAL-50945,2026-06-18,STR-002,PRD-1192,Freshwrap Aluminum Foil 18m Roll,1,175,175,TXN-555786
SAL-50946,2026-06-18,STR-001,PRD-1162,Dettol Original Soap 75g (3-Pack),3,105,315,TXN-746781
SAL-50947,2026-06-18,STR-003,PRD-1006,Quaker Oats 1kg,4,195,780,TXN-895248
SAL-50948,2026-06-18,STR-001,PRD-1014,Moong Dal Split 1kg,1,145,145,TXN-155004
SAL-50949,2026-06-19,STR-003,PRD-1193,Matchbox Homelites Safety Matches (10-Box),6,30,180,TXN-720517
SAL-50950,2026-06-19,STR-001,PRD-1064,Britannia Good Day Cashew 200g,1,50,50,TXN-701568
SAL-50951,2026-06-19,STR-002,PRD-1057,Plum Cake 250g,6,120,720,TXN-538065
SAL-50952,2026-06-19,STR-002,PRD-1011,Seeraga Samba Rice 1kg,3,145,435,TXN-142004
SAL-50953,2026-06-19,STR-003,PRD-1174,Vaseline Total Moisture Body Lotion 200ml,4,215,860,TXN-869105
SAL-50954,2026-06-19,STR-003,PRD-1185,Scotch-Brite Scrub Pad Large (3-Pack),25,45,1125,TXN-135253
SAL-50955,2026-06-19,STR-002,PRD-1042,Amul Cheese Slices 200g,3,140,420,TXN-513474
SAL-50956,2026-06-19,STR-002,PRD-1026,Idhayam Sesame/Gingelly Oil 1L,4,320,1280,TXN-936782
SAL-50957,2026-06-19,STR-001,PRD-1085,Paper Boat Mango Juice 250ml,18,35,630,TXN-202759
SAL-50958,2026-06-19,STR-002,PRD-1160,Curry Leaves 50g Bundle,1,10,10,TXN-352194
SAL-50959,2026-06-19,STR-003,PRD-1208,Mee Mee Baby Laundry Detergent 1L,1,380,380,TXN-889660
SAL-50960,2026-06-19,STR-003,PRD-1117,MTR Rava Idli Mix 500g,2,110,220,TXN-867333
SAL-50961,2026-06-19,STR-002,PRD-1151,Hybrid Tomato 1kg,2,40,80,TXN-328596
SAL-50962,2026-06-19,STR-002,PRD-1072,Unibic Assorted Cookies 75g,1,45,45,TXN-410158
SAL-50963,2026-06-19,STR-002,PRD-1083,Doritos Nacho Cheese Chips 60g,3,30,90,TXN-195136
SAL-50964,2026-06-19,STR-002,PRD-1040,Milky Mist Thick Curd 1kg Bucket,1,90,90,TXN-801534
SAL-50965,2026-06-19,STR-003,PRD-1082,Haldiram Khatta Meetha Mix 200g,1,65,65,TXN-837468
SAL-50966,2026-06-19,STR-001,PRD-1036,Deepam Lamp Oil 1L,4,110,440,TXN-698087
SAL-50967,2026-06-19,STR-001,PRD-1086,Tropicana 100% Orange Juice 1L,3,145,435,TXN-125599
SAL-50968,2026-06-19,STR-001,PRD-1149,Fresh Red Onion 1kg,3,35,105,TXN-586288
SAL-50969,2026-06-19,STR-003,PRD-1072,Unibic Assorted Cookies 75g,2,45,90,TXN-837290
SAL-50970,2026-06-19,STR-003,PRD-1135,Baking Soda 100g,19,25,475,TXN-928226
SAL-50971,2026-06-19,STR-001,PRD-1080,Murukku Traditional 250g,5,80,400,TXN-757258
SAL-50972,2026-06-19,STR-001,PRD-1170,Nivea Soft Light Moisturiser 100ml,9,195,1755,TXN-174132
SAL-50973,2026-06-19,STR-002,PRD-1020,Fried Gram (Pottukadalai) 500g,19,75,1425,TXN-824304
SAL-50974,2026-06-19,STR-002,PRD-1157,Green Chilli 250g,1,20,20,TXN-546590
SAL-50975,2026-06-19,STR-001,PRD-1053,Sweet Bun 2-Pack,8,20,160,TXN-831963
SAL-50976,2026-06-19,STR-002,PRD-1078,Hot & Crispy Banana Chips 250g,19,90,1710,TXN-668784
SAL-50977,2026-06-19,STR-001,PRD-1164,Colgate Strong Teeth Toothpaste 150g,2,95,190,TXN-317208
SAL-50978,2026-06-19,STR-001,PRD-1065,Britannia Good Day Butter 200g,15,45,675,TXN-184891
SAL-50979,2026-06-19,STR-003,PRD-1139,Fresh Shimla Apples 1kg,3,180,540,TXN-452001
SAL-50980,2026-06-19,STR-001,PRD-1135,Baking Soda 100g,15,25,375,TXN-157474
SAL-50981,2026-06-19,STR-003,PRD-1049,Modern Family Special White Bread 400g,5,45,225,TXN-807424
SAL-50982,2026-06-19,STR-001,PRD-1165,Sensodyne Rapid Relief Toothpaste 80g,16,170,2720,TXN-154067
SAL-50983,2026-06-19,STR-002,PRD-1070,Hide & Seek Chocolate Chip Biscuits 120g,10,40,400,TXN-483349
SAL-50984,2026-06-19,STR-003,PRD-1129,Aachi Lime Pickle 300g,1,65,65,TXN-142859
SAL-50985,2026-06-19,STR-003,PRD-1097,3 Roses Dust Tea 250g,5,160,800,TXN-283781
SAL-50986,2026-06-19,STR-003,PRD-1073,Haldiram Nagpur Aloo Bhujia 200g,3,60,180,TXN-839113
SAL-50987,2026-06-19,STR-002,PRD-1121,MTR Ready to Eat Paneer Butter Masala 300g,3,140,420,TXN-843793
SAL-50988,2026-06-19,STR-003,PRD-1046,Cavins Milkshake Strawberry 200ml,6,40,240,TXN-245129
SAL-50989,2026-06-19,STR-002,PRD-1012,Maida Flour 1kg,16,55,880,TXN-350224
SAL-50990,2026-06-19,STR-001,PRD-1205,Himalaya Baby Lotion 200ml,16,175,2800,TXN-780566
SAL-50991,2026-06-19,STR-002,PRD-1022,Masoor Dal Red 1kg,4,110,440,TXN-888819
SAL-50992,2026-06-19,STR-003,PRD-1101,BRU Instant Coffee 100g Glass Jar,6,185,1110,TXN-836984
SAL-50993,2026-06-19,STR-003,PRD-1040,Milky Mist Thick Curd 1kg Bucket,1,90,90,TXN-881206
SAL-50994,2026-06-19,STR-003,PRD-1167,Dove Cream Beauty Bathing Bar 125g,3,75,225,TXN-436030
SAL-50995,2026-06-19,STR-002,PRD-1165,Sensodyne Rapid Relief Toothpaste 80g,12,170,2040,TXN-380345
SAL-50996,2026-06-19,STR-001,PRD-1151,Hybrid Tomato 1kg,2,40,80,TXN-543473
SAL-50997,2026-06-19,STR-002,PRD-1062,Britannia Marie Gold 300g,4,40,160,TXN-166447
SAL-50998,2026-06-19,STR-001,PRD-1124,MTR Gulab Jamun Mix 175g,4,95,380,TXN-574386
SAL-50999,2026-06-19,STR-001,PRD-1107,Horlicks Classic Malt 500g Jar,4,245,980,TXN-652266
SAL-51000,2026-06-19,STR-001,PRD-1057,Plum Cake 250g,6,120,720,TXN-593002
SAL-51001,2026-06-19,STR-001,PRD-1062,Britannia Marie Gold 300g,5,40,200,TXN-811257
SAL-51002,2026-06-19,STR-001,PRD-1208,Mee Mee Baby Laundry Detergent 1L,1,380,380,TXN-406461
SAL-51003,2026-06-19,STR-002,PRD-1199,Pampers Baby Wipes Gentle 72 Sheets,11,185,2035,TXN-486028
SAL-51004,2026-06-19,STR-001,PRD-1032,Parachute Coconut Oil 500ml,1,190,190,TXN-826897
SAL-51005,2026-06-19,STR-002,PRD-1148,Kiwi Fruit 3-Pack,3,120,360,TXN-168815
SAL-51006,2026-06-19,STR-001,PRD-1188,Good Knight Gold Flash Machine + Refill,5,130,650,TXN-580115
SAL-51007,2026-06-19,STR-001,PRD-1176,Surf Excel Quick Wash Detergent Powder 1kg,1,210,210,TXN-509660
SAL-51008,2026-06-19,STR-003,PRD-1170,Nivea Soft Light Moisturiser 100ml,10,195,1950,TXN-402380
SAL-51009,2026-06-19,STR-003,PRD-1166,Pears Soft & Fresh Soap 125g,18,65,1170,TXN-180685
SAL-51010,2026-06-19,STR-001,PRD-1101,BRU Instant Coffee 100g Glass Jar,2,185,370,TXN-389346
SAL-51011,2026-06-19,STR-001,PRD-1006,Quaker Oats 1kg,2,195,390,TXN-255141
SAL-51012,2026-06-19,STR-002,PRD-1154,Green Capsicum 500g,2,45,90,TXN-314178
SAL-51013,2026-06-19,STR-002,PRD-1089,Sprite Lemon-Lime 750ml,13,40,520,TXN-757746
SAL-51014,2026-06-19,STR-003,PRD-1089,Sprite Lemon-Lime 750ml,5,40,200,TXN-536770
SAL-51015,2026-06-19,STR-003,PRD-1156,Fresh Mint Leaves 100g,1,12,12,TXN-463541
SAL-51016,2026-06-19,STR-003,PRD-1080,Murukku Traditional 250g,6,80,480,TXN-873544
SAL-51017,2026-06-20,STR-002,PRD-1008,Manna Ragi Flour 1kg,5,85,425,TXN-839719
SAL-51018,2026-06-20,STR-003,PRD-1068,Parle Monaco Salted Biscuit 200g,4,30,120,TXN-890795
SAL-51019,2026-06-20,STR-003,PRD-1023,Horse Gram (Kollu) 500g,12,60,720,TXN-701596
SAL-51020,2026-06-20,STR-001,PRD-1009,Raw Rice 5kg,5,320,1600,TXN-938416
SAL-51021,2026-06-20,STR-001,PRD-1084,Pringles Sour Cream & Onion 107g,2,115,230,TXN-563581
SAL-51022,2026-06-20,STR-002,PRD-1187,All Out Mosquito Repellent Refill 45ml (2-Pack),3,145,435,TXN-217771
SAL-51023,2026-06-20,STR-002,PRD-1121,MTR Ready to Eat Paneer Butter Masala 300g,7,140,980,TXN-142027
SAL-51024,2026-06-20,STR-002,PRD-1148,Kiwi Fruit 3-Pack,1,120,120,TXN-677723
SAL-51025,2026-06-20,STR-002,PRD-1208,Mee Mee Baby Laundry Detergent 1L,1,380,380,TXN-126000
SAL-51026,2026-06-20,STR-001,PRD-1124,MTR Gulab Jamun Mix 175g,4,95,380,TXN-981723
SAL-51027,2026-06-20,STR-001,PRD-1175,Vim Dishwash Gel Lemon 500ml,15,115,1725,TXN-737692
SAL-51028,2026-06-20,STR-001,PRD-1191,Eveready Red AA Batteries (4-Pack),5,60,300,TXN-711772
SAL-51029,2026-06-20,STR-002,PRD-1197,Tissue Paper Napkins 100 Sheets,6,40,240,TXN-919234
SAL-51030,2026-06-20,STR-002,PRD-1160,Curry Leaves 50g Bundle,2,10,20,TXN-391427
SAL-51031,2026-06-20,STR-001,PRD-1165,Sensodyne Rapid Relief Toothpaste 80g,12,170,2040,TXN-187649
SAL-51032,2026-06-20,STR-001,PRD-1110,Complan Chocolate Health Drink 500g,15,260,3900,TXN-567096
SAL-51033,2026-06-20,STR-001,PRD-1204,MamyPoko Pants Standard Diaper Medium 34s,2,450,900,TXN-191621
SAL-51034,2026-06-20,STR-002,PRD-1048,Amul Fresh Condensed Milk 400g,1,130,130,TXN-513583
SAL-51035,2026-06-20,STR-003,PRD-1110,Complan Chocolate Health Drink 500g,12,260,3120,TXN-433193
SAL-51036,2026-06-20,STR-002,PRD-1062,Britannia Marie Gold 300g,6,40,240,TXN-636405
SAL-51037,2026-06-20,STR-002,PRD-1094,Red Bull Energy Drink 250ml,3,125,375,TXN-799155
SAL-51038,2026-06-20,STR-002,PRD-1082,Haldiram Khatta Meetha Mix 200g,3,65,195,TXN-255132
SAL-51039,2026-06-20,STR-002,PRD-1174,Vaseline Total Moisture Body Lotion 200ml,2,215,430,TXN-548413
SAL-51040,2026-06-20,STR-001,PRD-1134,Weikfield Vanilla Custard Powder 100g,4,45,180,TXN-490941
SAL-51041,2026-06-20,STR-002,PRD-1104,Cothas Coffee Chicory Blend 500g,1,220,220,TXN-461675
SAL-51042,2026-06-20,STR-001,PRD-1018,Rajma Red Kidney Beans 500g,5,95,475,TXN-567220
SAL-51043,2026-06-20,STR-001,PRD-1054,Garlic Butter Toast 150g,7,40,280,TXN-191853
SAL-51044,2026-06-20,STR-002,PRD-1127,Kissan Fresh Tomato Ketchup 950g,2,135,270,TXN-565798
SAL-51045,2026-06-20,STR-001,PRD-1103,Narasus Pure Filter Coffee 200g,3,120,360,TXN-535798
SAL-51046,2026-06-20,STR-002,PRD-1164,Colgate Strong Teeth Toothpaste 150g,4,95,380,TXN-402654
SAL-51047,2026-06-20,STR-003,PRD-1060,Britannia Bourbon Chocolate Biscuit 150g,9,35,315,TXN-863364
SAL-51048,2026-06-20,STR-003,PRD-1058,Pav Bun 6-Pack,6,35,210,TXN-544420
SAL-51049,2026-06-20,STR-001,PRD-1193,Matchbox Homelites Safety Matches (10-Box),2,30,60,TXN-534313
SAL-51050,2026-06-20,STR-002,PRD-1103,Narasus Pure Filter Coffee 200g,3,120,360,TXN-715702
SAL-51051,2026-06-20,STR-002,PRD-1066,Sunfeast Mom's Magic Cashew & Almond 200g,1,50,50,TXN-417960
SAL-51052,2026-06-20,STR-003,PRD-1063,Oreo Vanilla Cream Biscuit 120g,4,35,140,TXN-650818
SAL-51053,2026-06-20,STR-001,PRD-1056,Winkies Chocolate Swiss Roll 100g,17,30,510,TXN-169327
SAL-51054,2026-06-20,STR-001,PRD-1059,Parle-G Glucose Biscuit 250g,7,30,210,TXN-719371
SAL-51055,2026-06-20,STR-002,PRD-1086,Tropicana 100% Orange Juice 1L,2,145,290,TXN-192744
SAL-51056,2026-06-20,STR-003,PRD-1042,Amul Cheese Slices 200g,2,140,280,TXN-769836
SAL-51057,2026-06-20,STR-001,PRD-1016,Urad Dal Black Whole 1kg,1,155,155,TXN-534649
SAL-51058,2026-06-20,STR-003,PRD-1114,Milo Cocoa Beverage Powder 400g,1,220,220,TXN-584567
SAL-51059,2026-06-20,STR-001,PRD-1207,Pigeon Baby Feeding Bottle 250ml,5,220,1100,TXN-891930
SAL-51060,2026-06-20,STR-002,PRD-1046,Cavins Milkshake Strawberry 200ml,2,40,80,TXN-308936
SAL-51061,2026-06-20,STR-001,PRD-1159,Garlic 250g,3,60,180,TXN-500314
SAL-51062,2026-06-20,STR-002,PRD-1133,Hershey's Chocolate Syrup 623g,7,230,1610,TXN-614416
SAL-51063,2026-06-20,STR-001,PRD-1067,Britannia NutriChoice Digestive 250g,7,65,455,TXN-966384
SAL-51064,2026-06-20,STR-003,PRD-1074,Lays Magic Masala Potato Chips 50g,3,20,60,TXN-713635
SAL-51065,2026-06-20,STR-002,PRD-1202,Johnson's Baby Powder 200g,3,190,570,TXN-686448
SAL-51066,2026-06-20,STR-002,PRD-1013,Tata Sampann Toor Dal 1kg,3,165,495,TXN-335426
SAL-51067,2026-06-20,STR-002,PRD-1124,MTR Gulab Jamun Mix 175g,1,95,95,TXN-102565
SAL-51068,2026-06-20,STR-002,PRD-1134,Weikfield Vanilla Custard Powder 100g,4,45,180,TXN-414750
SAL-51069,2026-06-20,STR-003,PRD-1161,Mysore Sandal Soap 125g,8,55,440,TXN-974767
SAL-51070,2026-06-20,STR-002,PRD-1194,Mangaldeep Sandal Agarbatti 100g,2,50,100,TXN-230208
SAL-51071,2026-06-20,STR-002,PRD-1059,Parle-G Glucose Biscuit 250g,4,30,120,TXN-401663
SAL-51072,2026-06-20,STR-002,PRD-1192,Freshwrap Aluminum Foil 18m Roll,1,175,175,TXN-615780
SAL-51073,2026-06-20,STR-001,PRD-1109,Bournvita Chocolate Health Drink 500g,5,240,1200,TXN-776106
SAL-51074,2026-06-20,STR-003,PRD-1044,Amul Taaza Homogenised Milk 1L Pack,3,72,216,TXN-225152
SAL-51075,2026-06-20,STR-001,PRD-1010,Idli Rice 5kg,16,290,4640,TXN-617000
SAL-51076,2026-06-20,STR-001,PRD-1146,Mosambi (Sweet Lime) 1kg,5,85,425,TXN-169966
SAL-51077,2026-06-20,STR-001,PRD-1180,Rin Detergent Bar 250g (4-Pack),20,60,1200,TXN-479332
SAL-51078,2026-06-20,STR-001,PRD-1053,Sweet Bun 2-Pack,7,20,140,TXN-693047
SAL-51079,2026-06-20,STR-002,PRD-1165,Sensodyne Rapid Relief Toothpaste 80g,13,170,2210,TXN-370439
SAL-51080,2026-06-20,STR-003,PRD-1115,Maggi 2-Minute Masala Noodles 280g (4-Pack),22,56,1232,TXN-599164
SAL-51081,2026-06-20,STR-003,PRD-1056,Winkies Chocolate Swiss Roll 100g,12,30,360,TXN-958029
SAL-51082,2026-06-20,STR-003,PRD-1002,Ponni Boiled Rice 10kg,1,680,680,TXN-637422
SAL-51083,2026-06-20,STR-003,PRD-1196,Camphor Tablets 50g Box,1,45,45,TXN-372144
SAL-51084,2026-06-20,STR-003,PRD-1182,Exo Touch & Shine Dishwash Bar 250g,2,30,60,TXN-161352
SAL-51085,2026-06-21,STR-002,PRD-1053,Sweet Bun 2-Pack,6,20,120,TXN-249274
SAL-51086,2026-06-21,STR-003,PRD-1115,Maggi 2-Minute Masala Noodles 280g (4-Pack),23,56,1288,TXN-422361
SAL-51087,2026-06-21,STR-002,PRD-1166,Pears Soft & Fresh Soap 125g,7,65,455,TXN-236543
SAL-51088,2026-06-21,STR-002,PRD-1049,Modern Family Special White Bread 400g,6,45,270,TXN-545440
SAL-51089,2026-06-21,STR-001,PRD-1129,Aachi Lime Pickle 300g,2,65,130,TXN-922114
SAL-51090,2026-06-21,STR-003,PRD-1059,Parle-G Glucose Biscuit 250g,2,30,60,TXN-119719
SAL-51091,2026-06-21,STR-001,PRD-1020,Fried Gram (Pottukadalai) 500g,23,75,1725,TXN-894122
SAL-51092,2026-06-21,STR-003,PRD-1098,Tata Tea Gold 500g,6,290,1740,TXN-305888
SAL-51093,2026-06-21,STR-002,PRD-1130,Nutella Hazelnut Spread 350g Jar,12,380,4560,TXN-931578
SAL-51094,2026-06-21,STR-002,PRD-1151,Hybrid Tomato 1kg,3,40,120,TXN-721990
SAL-51095,2026-06-21,STR-003,PRD-1128,Mother's Recipe Mango Pickle 300g,1,85,85,TXN-224698
SAL-51096,2026-06-21,STR-002,PRD-1018,Rajma Red Kidney Beans 500g,7,95,665,TXN-145383
SAL-51097,2026-06-21,STR-003,PRD-1104,Cothas Coffee Chicory Blend 500g,1,220,220,TXN-800015
SAL-51098,2026-06-21,STR-002,PRD-1105,Taj Mahal Tea 250g,1,195,195,TXN-229806
SAL-51099,2026-06-21,STR-001,PRD-1191,Eveready Red AA Batteries (4-Pack),7,60,420,TXN-315378
SAL-51100,2026-06-21,STR-002,PRD-1028,Aavin Pure Ghee 500ml,5,315,1575,TXN-309740
SAL-51101,2026-06-21,STR-002,PRD-1185,Scotch-Brite Scrub Pad Large (3-Pack),9,45,405,TXN-468609
SAL-51102,2026-06-21,STR-002,PRD-1070,Hide & Seek Chocolate Chip Biscuits 120g,8,40,320,TXN-252627
SAL-51103,2026-06-21,STR-003,PRD-1034,Dhara Mustard Oil 1L,19,155,2945,TXN-464733
SAL-51104,2026-06-21,STR-001,PRD-1061,Sunfeast Dark Fantasy Choco Fills 300g,4,150,600,TXN-996677
SAL-51105,2026-06-21,STR-003,PRD-1195,Cycle Pure Agarbatti Three in One 250g,13,95,1235,TXN-863944
SAL-51106,2026-06-21,STR-003,PRD-1116,Sunfeast Yippee Magic Masala Noodles 240g,7,48,336,TXN-629435
SAL-51107,2026-06-21,STR-002,PRD-1114,Milo Cocoa Beverage Powder 400g,2,220,440,TXN-203919
SAL-51108,2026-06-21,STR-001,PRD-1109,Bournvita Chocolate Health Drink 500g,5,240,1200,TXN-900319
SAL-51109,2026-06-21,STR-001,PRD-1098,Tata Tea Gold 500g,3,290,870,TXN-327538
SAL-51110,2026-06-21,STR-002,PRD-1035,Saffola Gold Edible Oil 1L,4,195,780,TXN-890645
SAL-51111,2026-06-21,STR-003,PRD-1192,Freshwrap Aluminum Foil 18m Roll,1,175,175,TXN-860583
SAL-51112,2026-06-21,STR-003,PRD-1208,Mee Mee Baby Laundry Detergent 1L,1,380,380,TXN-324411
SAL-51113,2026-06-21,STR-001,PRD-1127,Kissan Fresh Tomato Ketchup 950g,3,135,405,TXN-992649
SAL-51114,2026-06-21,STR-003,PRD-1052,Britannia Fruit Bun 150g,6,25,150,TXN-484264
SAL-51115,2026-06-21,STR-003,PRD-1005,Pillsbury Chakki Fresh Atta 5kg,18,240,4320,TXN-294118
SAL-51116,2026-06-21,STR-001,PRD-1050,Britannia 100% Whole Wheat Bread 400g,12,50,600,TXN-212537
SAL-51117,2026-06-21,STR-003,PRD-1186,Pitambari Shining Powder 200g,3,40,120,TXN-472058
SAL-51118,2026-06-21,STR-001,PRD-1102,Nescafe Classic Instant Coffee 50g,8,160,1280,TXN-544692
SAL-51119,2026-06-21,STR-002,PRD-1134,Weikfield Vanilla Custard Powder 100g,4,45,180,TXN-338607
SAL-51120,2026-06-21,STR-003,PRD-1174,Vaseline Total Moisture Body Lotion 200ml,2,215,430,TXN-898395
SAL-51121,2026-06-21,STR-002,PRD-1148,Kiwi Fruit 3-Pack,3,120,360,TXN-229620
SAL-51122,2026-06-21,STR-001,PRD-1123,Top Ramen Curry Noodles 280g,5,55,275,TXN-644973
SAL-51123,2026-06-21,STR-002,PRD-1059,Parle-G Glucose Biscuit 250g,2,30,60,TXN-899301
SAL-51124,2026-06-21,STR-003,PRD-1037,Aavin Toned Milk 500ml Pouch,4,24,96,TXN-402274
SAL-51125,2026-06-21,STR-002,PRD-1079,Tapioca Chips Salted 200g,1,70,70,TXN-444053
SAL-51126,2026-06-21,STR-002,PRD-1056,Winkies Chocolate Swiss Roll 100g,8,30,240,TXN-503472
SAL-51127,2026-06-21,STR-002,PRD-1181,Comfort After Wash Fabric Conditioner 860ml,4,235,940,TXN-729554
SAL-51128,2026-06-21,STR-002,PRD-1080,Murukku Traditional 250g,7,80,560,TXN-820420
SAL-51129,2026-06-21,STR-002,PRD-1068,Parle Monaco Salted Biscuit 200g,6,30,180,TXN-565521
SAL-51130,2026-06-21,STR-002,PRD-1201,Himalaya Gentle Baby Soap 75g (3-Pack),1,135,135,TXN-527066
SAL-51131,2026-06-21,STR-002,PRD-1189,Odonil Room Air Freshener Spray Citrus 220ml,2,160,320,TXN-996915
SAL-51132,2026-06-21,STR-003,PRD-1191,Eveready Red AA Batteries (4-Pack),5,60,300,TXN-998392
SAL-51133,2026-06-21,STR-003,PRD-1198,Garbage Bags Black Medium 30 Sheets,1,90,90,TXN-981913
SAL-51134,2026-06-21,STR-003,PRD-1041,Amul Pasteurised Butter 100g,4,58,232,TXN-812120
SAL-51135,2026-06-21,STR-003,PRD-1150,Fresh Potato 1kg,13,30,390,TXN-113406
SAL-51136,2026-06-21,STR-001,PRD-1166,Pears Soft & Fresh Soap 125g,17,65,1105,TXN-615530
SAL-51137,2026-06-21,STR-003,PRD-1042,Amul Cheese Slices 200g,6,140,840,TXN-515623
SAL-51138,2026-06-21,STR-001,PRD-1048,Amul Fresh Condensed Milk 400g,1,130,130,TXN-790537
SAL-51139,2026-06-21,STR-001,PRD-1007,Saffola Masala Oats 500g,2,175,350,TXN-225008
SAL-51140,2026-06-21,STR-001,PRD-1173,Himalaya Purifying Neem Face Wash 100ml,2,140,280,TXN-520085
SAL-51141,2026-06-21,STR-003,PRD-1125,Aachi Biryani Masala 100g,8,45,360,TXN-206663
SAL-51142,2026-06-21,STR-003,PRD-1112,Women's Horlicks Caramel 400g,1,310,310,TXN-276919
SAL-51143,2026-06-21,STR-001,PRD-1051,Modern Whole Wheat Bread 400g,2,48,96,TXN-308757
SAL-51144,2026-06-21,STR-002,PRD-1159,Garlic 250g,2,60,120,TXN-723861
SAL-51145,2026-06-21,STR-002,PRD-1188,Good Knight Gold Flash Machine + Refill,11,130,1430,TXN-523927
SAL-51146,2026-06-21,STR-003,PRD-1123,Top Ramen Curry Noodles 280g,1,55,55,TXN-978821
SAL-51147,2026-06-21,STR-003,PRD-1062,Britannia Marie Gold 300g,4,40,160,TXN-623354
SAL-51148,2026-06-21,STR-001,PRD-1110,Complan Chocolate Health Drink 500g,11,260,2860,TXN-848152
SAL-51149,2026-06-21,STR-002,PRD-1011,Seeraga Samba Rice 1kg,2,145,290,TXN-722487
SAL-51150,2026-06-21,STR-002,PRD-1043,Milky Mist Paneer 200g,4,115,460,TXN-927843
SAL-51151,2026-06-21,STR-003,PRD-1080,Murukku Traditional 250g,9,80,720,TXN-519677
SAL-51152,2026-06-21,STR-001,PRD-1047,Milky Mist Fresh Cream 200ml,4,70,280,TXN-799061
SAL-51153,2026-06-22,STR-001,PRD-1146,Mosambi (Sweet Lime) 1kg,2,85,170,TXN-719755
SAL-51154,2026-06-22,STR-003,PRD-1174,Vaseline Total Moisture Body Lotion 200ml,4,215,860,TXN-746908
SAL-51155,2026-06-22,STR-002,PRD-1184,Ariel Matic Front Load Detergent 1kg,1,280,280,TXN-903702
SAL-51156,2026-06-22,STR-001,PRD-1101,BRU Instant Coffee 100g Glass Jar,6,185,1110,TXN-436050
SAL-51157,2026-06-22,STR-003,PRD-1053,Sweet Bun 2-Pack,2,20,40,TXN-719145
SAL-51158,2026-06-22,STR-001,PRD-1164,Colgate Strong Teeth Toothpaste 150g,1,95,95,TXN-977589
SAL-51159,2026-06-22,STR-003,PRD-1039,Hatsun Fresh Curd 500g Pouch,4,35,140,TXN-948878
SAL-51160,2026-06-22,STR-001,PRD-1045,Aavin Flavoured Milk Chocolate 200ml,16,30,480,TXN-128206
SAL-51161,2026-06-22,STR-003,PRD-1090,Bovonto Grape Soft Drink 1.5L,25,65,1625,TXN-755520
SAL-51162,2026-06-22,STR-002,PRD-1176,Surf Excel Quick Wash Detergent Powder 1kg,1,210,210,TXN-202078
SAL-51163,2026-06-22,STR-002,PRD-1179,Colin Glass Cleaner Spray 500ml,6,105,630,TXN-474725
SAL-51164,2026-06-22,STR-003,PRD-1083,Doritos Nacho Cheese Chips 60g,3,30,90,TXN-159191
SAL-51165,2026-06-22,STR-001,PRD-1049,Modern Family Special White Bread 400g,6,45,270,TXN-359642
SAL-51166,2026-06-22,STR-003,PRD-1011,Seeraga Samba Rice 1kg,1,145,145,TXN-427260
SAL-51167,2026-06-22,STR-002,PRD-1036,Deepam Lamp Oil 1L,5,110,550,TXN-821411
SAL-51168,2026-06-22,STR-001,PRD-1020,Fried Gram (Pottukadalai) 500g,10,75,750,TXN-419723
SAL-51169,2026-06-22,STR-002,PRD-1025,Gold Winner Sunflower Oil 1L,10,145,1450,TXN-278026
SAL-51170,2026-06-22,STR-003,PRD-1179,Colin Glass Cleaner Spray 500ml,3,105,315,TXN-441958
SAL-51171,2026-06-22,STR-003,PRD-1010,Idli Rice 5kg,9,290,2610,TXN-789719
SAL-51172,2026-06-22,STR-002,PRD-1065,Britannia Good Day Butter 200g,17,45,765,TXN-695642
SAL-51173,2026-06-22,STR-001,PRD-1138,Knorr Dark Soy Sauce 200ml,3,70,210,TXN-541631
SAL-51174,2026-06-22,STR-003,PRD-1055,Britannia Gobbles Marble Cake 110g,18,35,630,TXN-431889
SAL-51175,2026-06-22,STR-003,PRD-1109,Bournvita Chocolate Health Drink 500g,2,240,480,TXN-509260
SAL-51176,2026-06-22,STR-002,PRD-1035,Saffola Gold Edible Oil 1L,5,195,975,TXN-202472
SAL-51177,2026-06-22,STR-002,PRD-1028,Aavin Pure Ghee 500ml,7,315,2205,TXN-204917
SAL-51178,2026-06-22,STR-002,PRD-1187,All Out Mosquito Repellent Refill 45ml (2-Pack),5,145,725,TXN-315910
SAL-51179,2026-06-22,STR-003,PRD-1177,Harpic Power Plus Toilet Cleaner 500ml,8,95,760,TXN-627191
SAL-51180,2026-06-22,STR-001,PRD-1168,Sunsilk Black Shine Shampoo 180ml,1,125,125,TXN-799806
SAL-51181,2026-06-22,STR-002,PRD-1073,Haldiram Nagpur Aloo Bhujia 200g,4,60,240,TXN-744693
SAL-51182,2026-06-22,STR-001,PRD-1106,Continental Xtra Instant Coffee 200g,3,240,720,TXN-557169
SAL-51183,2026-06-22,STR-001,PRD-1177,Harpic Power Plus Toilet Cleaner 500ml,6,95,570,TXN-766311
SAL-51184,2026-06-22,STR-003,PRD-1181,Comfort After Wash Fabric Conditioner 860ml,3,235,705,TXN-925386
SAL-51185,2026-06-22,STR-003,PRD-1094,Red Bull Energy Drink 250ml,2,125,250,TXN-991640
SAL-51186,2026-06-22,STR-002,PRD-1195,Cycle Pure Agarbatti Three in One 250g,14,95,1330,TXN-401314
SAL-51187,2026-06-22,STR-001,PRD-1124,MTR Gulab Jamun Mix 175g,3,95,285,TXN-411762
SAL-51188,2026-06-22,STR-003,PRD-1194,Mangaldeep Sandal Agarbatti 100g,4,50,200,TXN-521556
SAL-51189,2026-06-22,STR-002,PRD-1007,Saffola Masala Oats 500g,5,175,875,TXN-852570
SAL-51190,2026-06-22,STR-002,PRD-1012,Maida Flour 1kg,15,55,825,TXN-199335
SAL-51191,2026-06-22,STR-001,PRD-1155,Coriander Leaves 100g Bundle,15,15,225,TXN-386643
SAL-51192,2026-06-22,STR-002,PRD-1043,Milky Mist Paneer 200g,3,115,345,TXN-940104
SAL-51193,2026-06-22,STR-002,PRD-1138,Knorr Dark Soy Sauce 200ml,2,70,140,TXN-547852
SAL-51194,2026-06-22,STR-001,PRD-1162,Dettol Original Soap 75g (3-Pack),3,105,315,TXN-934301
SAL-51195,2026-06-22,STR-001,PRD-1114,Milo Cocoa Beverage Powder 400g,1,220,220,TXN-963752
SAL-51196,2026-06-22,STR-001,PRD-1136,Ching's Secret Dark Soy Sauce 210g,1,65,65,TXN-943187
SAL-51197,2026-06-22,STR-003,PRD-1159,Garlic 250g,3,60,180,TXN-795684
SAL-51198,2026-06-22,STR-003,PRD-1165,Sensodyne Rapid Relief Toothpaste 80g,19,170,3230,TXN-309795
SAL-51199,2026-06-22,STR-003,PRD-1013,Tata Sampann Toor Dal 1kg,5,165,825,TXN-363470
SAL-51200,2026-06-22,STR-003,PRD-1012,Maida Flour 1kg,12,55,660,TXN-575244
SAL-51201,2026-06-22,STR-002,PRD-1064,Britannia Good Day Cashew 200g,1,50,50,TXN-674160
SAL-51202,2026-06-22,STR-003,PRD-1200,Nestle Cerelac Wheat Apple 300g,1,295,295,TXN-119506
SAL-51203,2026-06-22,STR-001,PRD-1060,Britannia Bourbon Chocolate Biscuit 150g,20,35,700,TXN-641300
SAL-51204,2026-06-22,STR-002,PRD-1177,Harpic Power Plus Toilet Cleaner 500ml,14,95,1330,TXN-704864
SAL-51205,2026-06-22,STR-002,PRD-1155,Coriander Leaves 100g Bundle,11,15,165,TXN-792905
SAL-51206,2026-06-22,STR-003,PRD-1112,Women's Horlicks Caramel 400g,2,310,620,TXN-878261
SAL-51207,2026-06-22,STR-002,PRD-1140,Robusta Bananas 1kg,21,45,945,TXN-380951
SAL-51208,2026-06-22,STR-003,PRD-1175,Vim Dishwash Gel Lemon 500ml,28,115,3220,TXN-658596
SAL-51209,2026-06-22,STR-002,PRD-1040,Milky Mist Thick Curd 1kg Bucket,1,90,90,TXN-994199
SAL-51210,2026-06-22,STR-001,PRD-1205,Himalaya Baby Lotion 200ml,20,175,3500,TXN-554793
SAL-51211,2026-06-22,STR-003,PRD-1199,Pampers Baby Wipes Gentle 72 Sheets,18,185,3330,TXN-861911
SAL-51212,2026-06-22,STR-002,PRD-1194,Mangaldeep Sandal Agarbatti 100g,2,50,100,TXN-647639
SAL-51213,2026-06-22,STR-001,PRD-1206,Sebamed Baby Protective Facial Cream 50ml,4,780,3120,TXN-584952
SAL-51214,2026-06-22,STR-002,PRD-1169,Parachute Advansed Jasmine Hair Oil 200ml,2,105,210,TXN-257782
SAL-51215,2026-06-22,STR-003,PRD-1171,Gillette Guard Razor 1-Pack,5,25,125,TXN-902716
SAL-51216,2026-06-22,STR-002,PRD-1202,Johnson's Baby Powder 200g,3,190,570,TXN-556538
SAL-51217,2026-06-22,STR-001,PRD-1057,Plum Cake 250g,4,120,480,TXN-970542
SAL-51218,2026-06-22,STR-002,PRD-1182,Exo Touch & Shine Dishwash Bar 250g,8,30,240,TXN-764721
SAL-51219,2026-06-22,STR-001,PRD-1021,Kabuli Chana 1kg,2,140,280,TXN-532472
SAL-51220,2026-06-22,STR-001,PRD-1141,Nagpur Oranges 1kg,3,90,270,TXN-400988
SAL-51221,2026-06-23,STR-003,PRD-1058,Pav Bun 6-Pack,6,35,210,TXN-922370
SAL-51222,2026-06-23,STR-001,PRD-1093,Frooti Mango Drink 1L,8,65,520,TXN-480631
SAL-51223,2026-06-23,STR-002,PRD-1085,Paper Boat Mango Juice 250ml,19,35,665,TXN-485602
SAL-51224,2026-06-23,STR-002,PRD-1146,Mosambi (Sweet Lime) 1kg,6,85,510,TXN-122097
SAL-51225,2026-06-23,STR-003,PRD-1086,Tropicana 100% Orange Juice 1L,5,145,725,TXN-735242
SAL-51226,2026-06-23,STR-003,PRD-1041,Amul Pasteurised Butter 100g,1,58,58,TXN-875369
SAL-51227,2026-06-23,STR-003,PRD-1054,Garlic Butter Toast 150g,4,40,160,TXN-157328
SAL-51228,2026-06-23,STR-003,PRD-1069,Parle Krackjack Sweet & Salty 200g,5,30,150,TXN-927119
SAL-51229,2026-06-23,STR-001,PRD-1011,Seeraga Samba Rice 1kg,4,145,580,TXN-365271
SAL-51230,2026-06-23,STR-001,PRD-1089,Sprite Lemon-Lime 750ml,8,40,320,TXN-424291
SAL-51231,2026-06-23,STR-001,PRD-1112,Women's Horlicks Caramel 400g,2,310,620,TXN-834649
SAL-51232,2026-06-23,STR-002,PRD-1167,Dove Cream Beauty Bathing Bar 125g,2,75,150,TXN-951706
SAL-51233,2026-06-23,STR-001,PRD-1175,Vim Dishwash Gel Lemon 500ml,21,115,2415,TXN-660894
SAL-51234,2026-06-23,STR-003,PRD-1201,Himalaya Gentle Baby Soap 75g (3-Pack),5,135,675,TXN-999308
SAL-51235,2026-06-23,STR-002,PRD-1157,Green Chilli 250g,1,20,20,TXN-512064
SAL-51236,2026-06-23,STR-002,PRD-1152,Ooty Carrot 500g,10,35,350,TXN-367946
SAL-51237,2026-06-23,STR-002,PRD-1073,Haldiram Nagpur Aloo Bhujia 200g,6,60,360,TXN-411870
SAL-51238,2026-06-23,STR-002,PRD-1058,Pav Bun 6-Pack,1,35,35,TXN-268010
SAL-51239,2026-06-23,STR-003,PRD-1098,Tata Tea Gold 500g,9,290,2610,TXN-762021
SAL-51240,2026-06-23,STR-003,PRD-1049,Modern Family Special White Bread 400g,4,45,180,TXN-951703
SAL-51241,2026-06-23,STR-002,PRD-1011,Seeraga Samba Rice 1kg,2,145,290,TXN-526024
SAL-51242,2026-06-23,STR-003,PRD-1093,Frooti Mango Drink 1L,6,65,390,TXN-387348
SAL-51243,2026-06-23,STR-003,PRD-1100,Chakra Gold Tea 250g,14,150,2100,TXN-963185
SAL-51244,2026-06-23,STR-002,PRD-1198,Garbage Bags Black Medium 30 Sheets,6,90,540,TXN-615576
SAL-51245,2026-06-23,STR-001,PRD-1064,Britannia Good Day Cashew 200g,1,50,50,TXN-533021
SAL-51246,2026-06-23,STR-002,PRD-1016,Urad Dal Black Whole 1kg,2,155,310,TXN-448884
SAL-51247,2026-06-23,STR-001,PRD-1008,Manna Ragi Flour 1kg,5,85,425,TXN-960085
SAL-51248,2026-06-23,STR-003,PRD-1020,Fried Gram (Pottukadalai) 500g,7,75,525,TXN-268132
SAL-51249,2026-06-23,STR-001,PRD-1031,Sundrop SuperLite Oil 1L,6,165,990,TXN-630930
SAL-51250,2026-06-23,STR-002,PRD-1113,Ensure Diabetes Care Vanilla 400g,2,690,1380,TXN-541314
SAL-51251,2026-06-23,STR-001,PRD-1108,Boost Health Drink 500g Refill,2,235,470,TXN-952941
SAL-51252,2026-06-23,STR-001,PRD-1024,Black Eyed Beans (Karamani) 500g,1,70,70,TXN-442641
SAL-51253,2026-06-23,STR-003,PRD-1146,Mosambi (Sweet Lime) 1kg,4,85,340,TXN-128679
SAL-51254,2026-06-23,STR-002,PRD-1033,V.V.D Gold Coconut Oil 500ml,2,185,370,TXN-564943
SAL-51255,2026-06-23,STR-002,PRD-1143,Ripe Papaya 1kg,6,50,300,TXN-242703
SAL-51256,2026-06-23,STR-002,PRD-1051,Modern Whole Wheat Bread 400g,1,48,48,TXN-309794
SAL-51257,2026-06-23,STR-001,PRD-1041,Amul Pasteurised Butter 100g,2,58,116,TXN-428961
SAL-51258,2026-06-23,STR-003,PRD-1205,Himalaya Baby Lotion 200ml,17,175,2975,TXN-216211
SAL-51259,2026-06-23,STR-002,PRD-1180,Rin Detergent Bar 250g (4-Pack),10,60,600,TXN-641448
SAL-51260,2026-06-23,STR-002,PRD-1044,Amul Taaza Homogenised Milk 1L Pack,8,72,576,TXN-904894
SAL-51261,2026-06-23,STR-001,PRD-1188,Good Knight Gold Flash Machine + Refill,11,130,1430,TXN-900234
SAL-51262,2026-06-23,STR-001,PRD-1189,Odonil Room Air Freshener Spray Citrus 220ml,2,160,320,TXN-722871
SAL-51263,2026-06-23,STR-001,PRD-1091,7Up Nimbooz 350ml,6,25,150,TXN-931145
SAL-51264,2026-06-23,STR-001,PRD-1179,Colin Glass Cleaner Spray 500ml,7,105,735,TXN-573421
SAL-51265,2026-06-23,STR-002,PRD-1086,Tropicana 100% Orange Juice 1L,2,145,290,TXN-870883
SAL-51266,2026-06-23,STR-001,PRD-1045,Aavin Flavoured Milk Chocolate 200ml,8,30,240,TXN-281905
SAL-51267,2026-06-23,STR-001,PRD-1113,Ensure Diabetes Care Vanilla 400g,7,690,4830,TXN-966929
SAL-51268,2026-06-23,STR-001,PRD-1119,Bambino Roasted Vermicelli 400g,3,45,135,TXN-395485
SAL-51269,2026-06-23,STR-003,PRD-1140,Robusta Bananas 1kg,14,45,630,TXN-534631
SAL-51270,2026-06-23,STR-003,PRD-1152,Ooty Carrot 500g,5,35,175,TXN-512608
SAL-51271,2026-06-23,STR-003,PRD-1052,Britannia Fruit Bun 150g,8,25,200,TXN-335391
SAL-51272,2026-06-23,STR-002,PRD-1039,Hatsun Fresh Curd 500g Pouch,1,35,35,TXN-124085
SAL-51273,2026-06-23,STR-003,PRD-1063,Oreo Vanilla Cream Biscuit 120g,6,35,210,TXN-778540
SAL-51274,2026-06-23,STR-003,PRD-1077,Bingo Mad Angles Cream & Onion 70g,2,20,40,TXN-339816
SAL-51275,2026-06-23,STR-002,PRD-1099,Red Label Natural Care Tea 250g,6,170,1020,TXN-584887
SAL-51276,2026-06-23,STR-003,PRD-1158,Ginger 250g,1,40,40,TXN-835325
SAL-51277,2026-06-23,STR-002,PRD-1147,Watermelon Kiran 1 Unit (~3kg),5,90,450,TXN-152201
SAL-51278,2026-06-23,STR-001,PRD-1021,Kabuli Chana 1kg,2,140,280,TXN-193387
SAL-51279,2026-06-23,STR-001,PRD-1177,Harpic Power Plus Toilet Cleaner 500ml,13,95,1235,TXN-278386
SAL-51280,2026-06-23,STR-002,PRD-1192,Freshwrap Aluminum Foil 18m Roll,2,175,350,TXN-223050
SAL-51281,2026-06-23,STR-002,PRD-1135,Baking Soda 100g,8,25,200,TXN-651380
SAL-51282,2026-06-23,STR-002,PRD-1041,Amul Pasteurised Butter 100g,3,58,174,TXN-575747
SAL-51283,2026-06-23,STR-003,PRD-1114,Milo Cocoa Beverage Powder 400g,3,220,660,TXN-618152
SAL-51284,2026-06-23,STR-002,PRD-1171,Gillette Guard Razor 1-Pack,2,25,50,TXN-952924
SAL-51285,2026-06-23,STR-002,PRD-1089,Sprite Lemon-Lime 750ml,17,40,680,TXN-401950
SAL-51286,2026-06-24,STR-002,PRD-1178,Lizol Disinfectant Floor Cleaner Citrus 1L,2,215,430,TXN-376002
SAL-51287,2026-06-24,STR-001,PRD-1138,Knorr Dark Soy Sauce 200ml,3,70,210,TXN-898557
SAL-51288,2026-06-24,STR-003,PRD-1047,Milky Mist Fresh Cream 200ml,7,70,490,TXN-642085
SAL-51289,2026-06-24,STR-002,PRD-1155,Coriander Leaves 100g Bundle,9,15,135,TXN-272998
SAL-51290,2026-06-24,STR-001,PRD-1075,Lays Classic Salted Potato Chips 50g,14,20,280,TXN-615138
SAL-51291,2026-06-24,STR-001,PRD-1078,Hot & Crispy Banana Chips 250g,12,90,1080,TXN-258612
SAL-51292,2026-06-24,STR-002,PRD-1102,Nescafe Classic Instant Coffee 50g,4,160,640,TXN-789354
SAL-51293,2026-06-24,STR-003,PRD-1068,Parle Monaco Salted Biscuit 200g,3,30,90,TXN-561362
SAL-51294,2026-06-24,STR-001,PRD-1151,Hybrid Tomato 1kg,1,40,40,TXN-255840
SAL-51295,2026-06-24,STR-003,PRD-1065,Britannia Good Day Butter 200g,7,45,315,TXN-292037
SAL-51296,2026-06-24,STR-002,PRD-1147,Watermelon Kiran 1 Unit (~3kg),2,90,180,TXN-372864
SAL-51297,2026-06-24,STR-002,PRD-1053,Sweet Bun 2-Pack,3,20,60,TXN-589824
SAL-51298,2026-06-24,STR-002,PRD-1011,Seeraga Samba Rice 1kg,1,145,145,TXN-618951
SAL-51299,2026-06-24,STR-001,PRD-1095,Kinley Packaged Drinking Water 1L,22,20,440,TXN-608768
SAL-51300,2026-06-24,STR-002,PRD-1085,Paper Boat Mango Juice 250ml,19,35,665,TXN-217955
SAL-51301,2026-06-24,STR-002,PRD-1162,Dettol Original Soap 75g (3-Pack),6,105,630,TXN-255245
SAL-51302,2026-06-24,STR-001,PRD-1090,Bovonto Grape Soft Drink 1.5L,9,65,585,TXN-198123
SAL-51303,2026-06-24,STR-002,PRD-1133,Hershey's Chocolate Syrup 623g,6,230,1380,TXN-397917
SAL-51304,2026-06-24,STR-002,PRD-1165,Sensodyne Rapid Relief Toothpaste 80g,9,170,1530,TXN-276470
SAL-51305,2026-06-24,STR-003,PRD-1031,Sundrop SuperLite Oil 1L,3,165,495,TXN-962529
SAL-51306,2026-06-24,STR-003,PRD-1004,Aashirvaad Shuddha Chakki Atta 5kg,3,245,735,TXN-795350
SAL-51307,2026-06-24,STR-001,PRD-1169,Parachute Advansed Jasmine Hair Oil 200ml,5,105,525,TXN-711893
SAL-51308,2026-06-24,STR-003,PRD-1048,Amul Fresh Condensed Milk 400g,1,130,130,TXN-104326
SAL-51309,2026-06-24,STR-001,PRD-1117,MTR Rava Idli Mix 500g,5,110,550,TXN-698514
SAL-51310,2026-06-24,STR-003,PRD-1143,Ripe Papaya 1kg,4,50,200,TXN-180567
SAL-51311,2026-06-24,STR-001,PRD-1077,Bingo Mad Angles Cream & Onion 70g,3,20,60,TXN-622307
SAL-51312,2026-06-24,STR-002,PRD-1138,Knorr Dark Soy Sauce 200ml,3,70,210,TXN-444622
SAL-51313,2026-06-24,STR-003,PRD-1152,Ooty Carrot 500g,3,35,105,TXN-814407
SAL-51314,2026-06-24,STR-001,PRD-1093,Frooti Mango Drink 1L,8,65,520,TXN-227916
SAL-51315,2026-06-24,STR-001,PRD-1035,Saffola Gold Edible Oil 1L,6,195,1170,TXN-977634
SAL-51316,2026-06-24,STR-003,PRD-1200,Nestle Cerelac Wheat Apple 300g,1,295,295,TXN-130277
SAL-51317,2026-06-24,STR-001,PRD-1022,Masoor Dal Red 1kg,3,110,330,TXN-971051
SAL-51318,2026-06-24,STR-003,PRD-1019,Green Gram Whole 1kg,5,130,650,TXN-603164
SAL-51319,2026-06-24,STR-001,PRD-1120,Knorr Thick Tomato Soup 53g,1,40,40,TXN-382400
SAL-51320,2026-06-24,STR-001,PRD-1085,Paper Boat Mango Juice 250ml,17,35,595,TXN-106087
SAL-51321,2026-06-24,STR-001,PRD-1170,Nivea Soft Light Moisturiser 100ml,5,195,975,TXN-145976
SAL-51322,2026-06-24,STR-001,PRD-1128,Mother's Recipe Mango Pickle 300g,1,85,85,TXN-575111
SAL-51323,2026-06-24,STR-002,PRD-1017,Urad Dal White Split 1kg,5,160,800,TXN-867080
SAL-51324,2026-06-24,STR-001,PRD-1003,Sona Masoori Rice 5kg,5,380,1900,TXN-935750
SAL-51325,2026-06-24,STR-003,PRD-1091,7Up Nimbooz 350ml,3,25,75,TXN-321634
SAL-51326,2026-06-24,STR-003,PRD-1181,Comfort After Wash Fabric Conditioner 860ml,3,235,705,TXN-940494
SAL-51327,2026-06-24,STR-003,PRD-1137,Del Monte Whole Corn Canned 415g,3,95,285,TXN-438869
SAL-51328,2026-06-24,STR-002,PRD-1109,Bournvita Chocolate Health Drink 500g,3,240,720,TXN-879930
SAL-51329,2026-06-24,STR-003,PRD-1142,Seedless Black Grapes 500g,1,80,80,TXN-731548
SAL-51330,2026-06-24,STR-003,PRD-1133,Hershey's Chocolate Syrup 623g,12,230,2760,TXN-518233
SAL-51331,2026-06-24,STR-002,PRD-1048,Amul Fresh Condensed Milk 400g,1,130,130,TXN-351742
SAL-51332,2026-06-24,STR-002,PRD-1201,Himalaya Gentle Baby Soap 75g (3-Pack),3,135,405,TXN-518295
SAL-51333,2026-06-24,STR-001,PRD-1016,Urad Dal Black Whole 1kg,1,155,155,TXN-993749
SAL-51334,2026-06-24,STR-002,PRD-1065,Britannia Good Day Butter 200g,8,45,360,TXN-507374
SAL-51335,2026-06-24,STR-002,PRD-1094,Red Bull Energy Drink 250ml,3,125,375,TXN-398776
SAL-51336,2026-06-24,STR-003,PRD-1061,Sunfeast Dark Fantasy Choco Fills 300g,5,150,750,TXN-785836
SAL-51337,2026-06-24,STR-002,PRD-1181,Comfort After Wash Fabric Conditioner 860ml,3,235,705,TXN-413048
SAL-51338,2026-06-24,STR-003,PRD-1177,Harpic Power Plus Toilet Cleaner 500ml,10,95,950,TXN-553360
SAL-51339,2026-06-24,STR-003,PRD-1122,Maggi Cuppa Masala Noodles 70g,16,50,800,TXN-425164
SAL-51340,2026-06-24,STR-003,PRD-1168,Sunsilk Black Shine Shampoo 180ml,1,125,125,TXN-732829
SAL-51341,2026-06-24,STR-001,PRD-1033,V.V.D Gold Coconut Oil 500ml,3,185,555,TXN-797848
SAL-51342,2026-06-24,STR-003,PRD-1114,Milo Cocoa Beverage Powder 400g,1,220,220,TXN-485306
SAL-51343,2026-06-24,STR-002,PRD-1191,Eveready Red AA Batteries (4-Pack),2,60,120,TXN-613406
SAL-51344,2026-06-24,STR-002,PRD-1156,Fresh Mint Leaves 100g,4,12,48,TXN-506941
SAL-51345,2026-06-24,STR-001,PRD-1052,Britannia Fruit Bun 150g,3,25,75,TXN-690408
SAL-51346,2026-06-24,STR-003,PRD-1042,Amul Cheese Slices 200g,5,140,700,TXN-194604
SAL-51347,2026-06-24,STR-001,PRD-1113,Ensure Diabetes Care Vanilla 400g,7,690,4830,TXN-950389
SAL-51348,2026-06-24,STR-001,PRD-1017,Urad Dal White Split 1kg,3,160,480,TXN-295408
SAL-51349,2026-06-24,STR-003,PRD-1046,Cavins Milkshake Strawberry 200ml,4,40,160,TXN-546711
SAL-51350,2026-06-24,STR-001,PRD-1180,Rin Detergent Bar 250g (4-Pack),11,60,660,TXN-638277
SAL-51351,2026-06-24,STR-003,PRD-1101,BRU Instant Coffee 100g Glass Jar,5,185,925,TXN-586041
SAL-51352,2026-06-24,STR-002,PRD-1130,Nutella Hazelnut Spread 350g Jar,25,380,9500,TXN-779068
SAL-51353,2026-06-24,STR-001,PRD-1155,Coriander Leaves 100g Bundle,16,15,240,TXN-262602
SAL-51354,2026-06-25,STR-003,PRD-1178,Lizol Disinfectant Floor Cleaner Citrus 1L,2,215,430,TXN-217348
SAL-51355,2026-06-25,STR-003,PRD-1189,Odonil Room Air Freshener Spray Citrus 220ml,5,160,800,TXN-829842
SAL-51356,2026-06-25,STR-001,PRD-1189,Odonil Room Air Freshener Spray Citrus 220ml,4,160,640,TXN-128117
SAL-51357,2026-06-25,STR-001,PRD-1031,Sundrop SuperLite Oil 1L,3,165,495,TXN-780130
SAL-51358,2026-06-25,STR-003,PRD-1168,Sunsilk Black Shine Shampoo 180ml,1,125,125,TXN-999876
SAL-51359,2026-06-25,STR-002,PRD-1029,Hatsun Pure Cow Ghee 500ml,3,330,990,TXN-585936
SAL-51360,2026-06-25,STR-002,PRD-1172,Dabur Red Toothpowder 100g,2,45,90,TXN-542372
SAL-51361,2026-06-25,STR-003,PRD-1108,Boost Health Drink 500g Refill,2,235,470,TXN-274174
SAL-51362,2026-06-25,STR-002,PRD-1054,Garlic Butter Toast 150g,7,40,280,TXN-874668
SAL-51363,2026-06-25,STR-003,PRD-1046,Cavins Milkshake Strawberry 200ml,5,40,200,TXN-608608
SAL-51364,2026-06-25,STR-001,PRD-1090,Bovonto Grape Soft Drink 1.5L,15,65,975,TXN-571351
SAL-51365,2026-06-25,STR-002,PRD-1188,Good Knight Gold Flash Machine + Refill,8,130,1040,TXN-311118
SAL-51366,2026-06-25,STR-001,PRD-1154,Green Capsicum 500g,1,45,45,TXN-969742
SAL-51367,2026-06-25,STR-001,PRD-1107,Horlicks Classic Malt 500g Jar,5,245,1225,TXN-153395
SAL-51368,2026-06-25,STR-001,PRD-1205,Himalaya Baby Lotion 200ml,13,175,2275,TXN-207650
SAL-51369,2026-06-25,STR-001,PRD-1018,Rajma Red Kidney Beans 500g,6,95,570,TXN-847732
SAL-51370,2026-06-25,STR-003,PRD-1198,Garbage Bags Black Medium 30 Sheets,2,90,180,TXN-535878
SAL-51371,2026-06-25,STR-002,PRD-1028,Aavin Pure Ghee 500ml,7,315,2205,TXN-872882
SAL-51372,2026-06-25,STR-002,PRD-1017,Urad Dal White Split 1kg,7,160,1120,TXN-866591
SAL-51373,2026-06-25,STR-001,PRD-1185,Scotch-Brite Scrub Pad Large (3-Pack),16,45,720,TXN-404899
SAL-51374,2026-06-25,STR-003,PRD-1039,Hatsun Fresh Curd 500g Pouch,2,35,70,TXN-519095
SAL-51375,2026-06-25,STR-001,PRD-1184,Ariel Matic Front Load Detergent 1kg,1,280,280,TXN-719749
SAL-51376,2026-06-25,STR-002,PRD-1153,Ladies Finger (Bhindi) 500g,5,30,150,TXN-811634
SAL-51377,2026-06-25,STR-001,PRD-1149,Fresh Red Onion 1kg,3,35,105,TXN-611601
SAL-51378,2026-06-25,STR-003,PRD-1034,Dhara Mustard Oil 1L,9,155,1395,TXN-163653
SAL-51379,2026-06-25,STR-002,PRD-1167,Dove Cream Beauty Bathing Bar 125g,2,75,150,TXN-542503
SAL-51380,2026-06-25,STR-003,PRD-1091,7Up Nimbooz 350ml,3,25,75,TXN-680130
SAL-51381,2026-06-25,STR-002,PRD-1128,Mother's Recipe Mango Pickle 300g,1,85,85,TXN-779792
SAL-51382,2026-06-25,STR-002,PRD-1030,Amul Pure Ghee 1L Tin,20,620,12400,TXN-777568
SAL-51383,2026-06-25,STR-002,PRD-1181,Comfort After Wash Fabric Conditioner 860ml,4,235,940,TXN-831396
SAL-51384,2026-06-25,STR-003,PRD-1006,Quaker Oats 1kg,3,195,585,TXN-269170
SAL-51385,2026-06-25,STR-003,PRD-1041,Amul Pasteurised Butter 100g,2,58,116,TXN-301537
SAL-51386,2026-06-25,STR-003,PRD-1166,Pears Soft & Fresh Soap 125g,12,65,780,TXN-559392
SAL-51387,2026-06-25,STR-002,PRD-1065,Britannia Good Day Butter 200g,9,45,405,TXN-330374
SAL-51388,2026-06-25,STR-001,PRD-1142,Seedless Black Grapes 500g,7,80,560,TXN-994911
SAL-51389,2026-06-25,STR-002,PRD-1150,Fresh Potato 1kg,20,30,600,TXN-788870
SAL-51390,2026-06-25,STR-003,PRD-1107,Horlicks Classic Malt 500g Jar,5,245,1225,TXN-407645
SAL-51391,2026-06-25,STR-002,PRD-1113,Ensure Diabetes Care Vanilla 400g,4,690,2760,TXN-509333
SAL-51392,2026-06-25,STR-001,PRD-1164,Colgate Strong Teeth Toothpaste 150g,3,95,285,TXN-973548
SAL-51393,2026-06-25,STR-001,PRD-1162,Dettol Original Soap 75g (3-Pack),7,105,735,TXN-784196
SAL-51394,2026-06-25,STR-001,PRD-1096,Bisleri Water Bottle 2L,2,30,60,TXN-934637
SAL-51395,2026-06-25,STR-002,PRD-1123,Top Ramen Curry Noodles 280g,4,55,220,TXN-985555
SAL-51396,2026-06-25,STR-001,PRD-1068,Parle Monaco Salted Biscuit 200g,3,30,90,TXN-317273
SAL-51397,2026-06-25,STR-003,PRD-1076,Kurkure Masala Munch 85g,2,20,40,TXN-885650
SAL-51398,2026-06-25,STR-002,PRD-1067,Britannia NutriChoice Digestive 250g,6,65,390,TXN-606346
SAL-51399,2026-06-25,STR-001,PRD-1029,Hatsun Pure Cow Ghee 500ml,3,330,990,TXN-309174
SAL-51400,2026-06-25,STR-001,PRD-1094,Red Bull Energy Drink 250ml,3,125,375,TXN-616094
SAL-51401,2026-06-25,STR-001,PRD-1039,Hatsun Fresh Curd 500g Pouch,3,35,105,TXN-536191
SAL-51402,2026-06-25,STR-003,PRD-1156,Fresh Mint Leaves 100g,3,12,36,TXN-617708
SAL-51403,2026-06-25,STR-003,PRD-1192,Freshwrap Aluminum Foil 18m Roll,1,175,175,TXN-319606
SAL-51404,2026-06-25,STR-002,PRD-1007,Saffola Masala Oats 500g,3,175,525,TXN-119011
SAL-51405,2026-06-25,STR-001,PRD-1003,Sona Masoori Rice 5kg,2,380,760,TXN-373477
SAL-51406,2026-06-25,STR-003,PRD-1142,Seedless Black Grapes 500g,1,80,80,TXN-266309
SAL-51407,2026-06-25,STR-003,PRD-1042,Amul Cheese Slices 200g,3,140,420,TXN-627935
SAL-51408,2026-06-25,STR-003,PRD-1005,Pillsbury Chakki Fresh Atta 5kg,8,240,1920,TXN-166758
SAL-51409,2026-06-25,STR-002,PRD-1062,Britannia Marie Gold 300g,4,40,160,TXN-219505
SAL-51410,2026-06-25,STR-001,PRD-1172,Dabur Red Toothpowder 100g,5,45,225,TXN-226550
SAL-51411,2026-06-25,STR-001,PRD-1166,Pears Soft & Fresh Soap 125g,12,65,780,TXN-609990
SAL-51412,2026-06-25,STR-001,PRD-1146,Mosambi (Sweet Lime) 1kg,2,85,170,TXN-456855
SAL-51413,2026-06-25,STR-002,PRD-1175,Vim Dishwash Gel Lemon 500ml,27,115,3105,TXN-906747
SAL-51414,2026-06-25,STR-003,PRD-1109,Bournvita Chocolate Health Drink 500g,1,240,240,TXN-684080
SAL-51415,2026-06-25,STR-002,PRD-1130,Nutella Hazelnut Spread 350g Jar,16,380,6080,TXN-258522
SAL-51416,2026-06-25,STR-002,PRD-1109,Bournvita Chocolate Health Drink 500g,4,240,960,TXN-640422
SAL-51417,2026-06-25,STR-002,PRD-1032,Parachute Coconut Oil 500ml,2,190,380,TXN-209200
SAL-51418,2026-06-25,STR-001,PRD-1046,Cavins Milkshake Strawberry 200ml,3,40,120,TXN-559094
SAL-51419,2026-06-25,STR-002,PRD-1049,Modern Family Special White Bread 400g,5,45,225,TXN-982478
SAL-51420,2026-06-26,STR-003,PRD-1040,Milky Mist Thick Curd 1kg Bucket,1,90,90,TXN-108286
SAL-51421,2026-06-26,STR-001,PRD-1039,Hatsun Fresh Curd 500g Pouch,7,35,245,TXN-653429
SAL-51422,2026-06-26,STR-003,PRD-1037,Aavin Toned Milk 500ml Pouch,5,24,120,TXN-253995
SAL-51423,2026-06-26,STR-002,PRD-1202,Johnson's Baby Powder 200g,5,190,950,TXN-567863
SAL-51424,2026-06-26,STR-001,PRD-1016,Urad Dal Black Whole 1kg,1,155,155,TXN-670871
SAL-51425,2026-06-26,STR-003,PRD-1182,Exo Touch & Shine Dishwash Bar 250g,3,30,90,TXN-748216
SAL-51426,2026-06-26,STR-003,PRD-1038,Aavin Full Cream Milk 500ml,3,30,90,TXN-831351
SAL-51427,2026-06-26,STR-001,PRD-1061,Sunfeast Dark Fantasy Choco Fills 300g,4,150,600,TXN-951266
SAL-51428,2026-06-26,STR-001,PRD-1043,Milky Mist Paneer 200g,3,115,345,TXN-524154
SAL-51429,2026-06-26,STR-003,PRD-1074,Lays Magic Masala Potato Chips 50g,5,20,100,TXN-416178
SAL-51430,2026-06-26,STR-003,PRD-1130,Nutella Hazelnut Spread 350g Jar,11,380,4180,TXN-663539
SAL-51431,2026-06-26,STR-001,PRD-1057,Plum Cake 250g,4,120,480,TXN-860321
SAL-51432,2026-06-26,STR-002,PRD-1159,Garlic 250g,2,60,120,TXN-667059
SAL-51433,2026-06-26,STR-002,PRD-1182,Exo Touch & Shine Dishwash Bar 250g,4,30,120,TXN-197328
SAL-51434,2026-06-26,STR-003,PRD-1179,Colin Glass Cleaner Spray 500ml,7,105,735,TXN-427420
SAL-51435,2026-06-26,STR-002,PRD-1036,Deepam Lamp Oil 1L,5,110,550,TXN-893820
SAL-51436,2026-06-26,STR-001,PRD-1056,Winkies Chocolate Swiss Roll 100g,13,30,390,TXN-124559
SAL-51437,2026-06-26,STR-001,PRD-1121,MTR Ready to Eat Paneer Butter Masala 300g,2,140,280,TXN-353063
SAL-51438,2026-06-26,STR-002,PRD-1050,Britannia 100% Whole Wheat Bread 400g,26,50,1300,TXN-418706
SAL-51439,2026-06-26,STR-001,PRD-1045,Aavin Flavoured Milk Chocolate 200ml,16,30,480,TXN-629818
SAL-51440,2026-06-26,STR-002,PRD-1073,Haldiram Nagpur Aloo Bhujia 200g,3,60,180,TXN-162857
SAL-51441,2026-06-26,STR-002,PRD-1158,Ginger 250g,4,40,160,TXN-372374
SAL-51442,2026-06-26,STR-001,PRD-1150,Fresh Potato 1kg,22,30,660,TXN-471692
SAL-51443,2026-06-26,STR-002,PRD-1003,Sona Masoori Rice 5kg,1,380,380,TXN-893310
SAL-51444,2026-06-26,STR-001,PRD-1089,Sprite Lemon-Lime 750ml,9,40,360,TXN-230809
SAL-51445,2026-06-26,STR-001,PRD-1171,Gillette Guard Razor 1-Pack,5,25,125,TXN-700241
SAL-51446,2026-06-26,STR-002,PRD-1123,Top Ramen Curry Noodles 280g,5,55,275,TXN-575159
SAL-51447,2026-06-26,STR-003,PRD-1103,Narasus Pure Filter Coffee 200g,3,120,360,TXN-347565
SAL-51448,2026-06-26,STR-001,PRD-1182,Exo Touch & Shine Dishwash Bar 250g,6,30,180,TXN-709845
SAL-51449,2026-06-26,STR-002,PRD-1062,Britannia Marie Gold 300g,5,40,200,TXN-758237
SAL-51450,2026-06-26,STR-003,PRD-1031,Sundrop SuperLite Oil 1L,3,165,495,TXN-985517
SAL-51451,2026-06-26,STR-002,PRD-1096,Bisleri Water Bottle 2L,1,30,30,TXN-467355
SAL-51452,2026-06-26,STR-002,PRD-1134,Weikfield Vanilla Custard Powder 100g,4,45,180,TXN-799318
SAL-51453,2026-06-26,STR-003,PRD-1149,Fresh Red Onion 1kg,3,35,105,TXN-849579
SAL-51454,2026-06-26,STR-002,PRD-1130,Nutella Hazelnut Spread 350g Jar,22,380,8360,TXN-246770
SAL-51455,2026-06-26,STR-002,PRD-1055,Britannia Gobbles Marble Cake 110g,26,35,910,TXN-644909
SAL-51456,2026-06-26,STR-001,PRD-1191,Eveready Red AA Batteries (4-Pack),6,60,360,TXN-210338
SAL-51457,2026-06-26,STR-001,PRD-1152,Ooty Carrot 500g,5,35,175,TXN-710658
SAL-51458,2026-06-26,STR-003,PRD-1082,Haldiram Khatta Meetha Mix 200g,1,65,65,TXN-916368
SAL-51459,2026-06-26,STR-003,PRD-1154,Green Capsicum 500g,2,45,90,TXN-202747
SAL-51460,2026-06-26,STR-002,PRD-1149,Fresh Red Onion 1kg,1,35,35,TXN-546370
SAL-51461,2026-06-26,STR-003,PRD-1147,Watermelon Kiran 1 Unit (~3kg),5,90,450,TXN-185927
SAL-51462,2026-06-26,STR-002,PRD-1165,Sensodyne Rapid Relief Toothpaste 80g,8,170,1360,TXN-545526
SAL-51463,2026-06-26,STR-001,PRD-1186,Pitambari Shining Powder 200g,5,40,200,TXN-599387
SAL-51464,2026-06-26,STR-003,PRD-1011,Seeraga Samba Rice 1kg,1,145,145,TXN-181865
SAL-51465,2026-06-26,STR-003,PRD-1159,Garlic 250g,3,60,180,TXN-651818
SAL-51466,2026-06-26,STR-002,PRD-1053,Sweet Bun 2-Pack,4,20,80,TXN-686120
SAL-51467,2026-06-26,STR-003,PRD-1004,Aashirvaad Shuddha Chakki Atta 5kg,4,245,980,TXN-513959
SAL-51468,2026-06-26,STR-002,PRD-1186,Pitambari Shining Powder 200g,7,40,280,TXN-712686
SAL-51469,2026-06-26,STR-001,PRD-1026,Idhayam Sesame/Gingelly Oil 1L,6,320,1920,TXN-543990
SAL-51470,2026-06-26,STR-002,PRD-1031,Sundrop SuperLite Oil 1L,4,165,660,TXN-822487
SAL-51471,2026-06-26,STR-002,PRD-1122,Maggi Cuppa Masala Noodles 70g,19,50,950,TXN-613321
SAL-51472,2026-06-26,STR-001,PRD-1114,Milo Cocoa Beverage Powder 400g,3,220,660,TXN-537174
SAL-51473,2026-06-26,STR-001,PRD-1145,Green Guava 1kg,25,70,1750,TXN-251357
SAL-51474,2026-06-26,STR-001,PRD-1060,Britannia Bourbon Chocolate Biscuit 150g,18,35,630,TXN-608312
SAL-51475,2026-06-26,STR-003,PRD-1156,Fresh Mint Leaves 100g,3,12,36,TXN-235670
SAL-51476,2026-06-26,STR-001,PRD-1023,Horse Gram (Kollu) 500g,13,60,780,TXN-638113
SAL-51477,2026-06-26,STR-001,PRD-1142,Seedless Black Grapes 500g,7,80,560,TXN-223792
SAL-51478,2026-06-26,STR-001,PRD-1055,Britannia Gobbles Marble Cake 110g,7,35,245,TXN-264458
SAL-51479,2026-06-26,STR-001,PRD-1207,Pigeon Baby Feeding Bottle 250ml,6,220,1320,TXN-487272
SAL-51480,2026-06-26,STR-003,PRD-1021,Kabuli Chana 1kg,4,140,560,TXN-224535
SAL-51481,2026-06-26,STR-002,PRD-1187,All Out Mosquito Repellent Refill 45ml (2-Pack),4,145,580,TXN-528468
SAL-51482,2026-06-26,STR-001,PRD-1107,Horlicks Classic Malt 500g Jar,2,245,490,TXN-487538
SAL-51483,2026-06-26,STR-002,PRD-1151,Hybrid Tomato 1kg,3,40,120,TXN-142238
SAL-51484,2026-06-26,STR-002,PRD-1199,Pampers Baby Wipes Gentle 72 Sheets,12,185,2220,TXN-223461
SAL-51485,2026-06-26,STR-001,PRD-1110,Complan Chocolate Health Drink 500g,13,260,3380,TXN-492649
SAL-51486,2026-06-26,STR-002,PRD-1113,Ensure Diabetes Care Vanilla 400g,3,690,2070,TXN-609529
SAL-51487,2026-06-27,STR-001,PRD-1011,Seeraga Samba Rice 1kg,2,145,290,TXN-659461
SAL-51488,2026-06-27,STR-002,PRD-1052,Britannia Fruit Bun 150g,3,25,75,TXN-521315
SAL-51489,2026-06-27,STR-001,PRD-1052,Britannia Fruit Bun 150g,4,25,100,TXN-615346
SAL-51490,2026-06-27,STR-001,PRD-1152,Ooty Carrot 500g,9,35,315,TXN-124393
SAL-51491,2026-06-27,STR-002,PRD-1018,Rajma Red Kidney Beans 500g,4,95,380,TXN-289276
SAL-51492,2026-06-27,STR-002,PRD-1110,Complan Chocolate Health Drink 500g,16,260,4160,TXN-653545
SAL-51493,2026-06-27,STR-003,PRD-1102,Nescafe Classic Instant Coffee 50g,3,160,480,TXN-369670
SAL-51494,2026-06-27,STR-001,PRD-1078,Hot & Crispy Banana Chips 250g,5,90,450,TXN-204158
SAL-51495,2026-06-27,STR-001,PRD-1176,Surf Excel Quick Wash Detergent Powder 1kg,1,210,210,TXN-905625
SAL-51496,2026-06-27,STR-001,PRD-1002,Ponni Boiled Rice 10kg,2,680,1360,TXN-421697
SAL-51497,2026-06-27,STR-001,PRD-1045,Aavin Flavoured Milk Chocolate 200ml,19,30,570,TXN-811572
SAL-51498,2026-06-27,STR-001,PRD-1197,Tissue Paper Napkins 100 Sheets,4,40,160,TXN-744324
SAL-51499,2026-06-27,STR-001,PRD-1126,Eastern Chicken Masala 100g,5,42,210,TXN-290272
SAL-51500,2026-06-27,STR-002,PRD-1025,Gold Winner Sunflower Oil 1L,9,145,1305,TXN-161343
SAL-51501,2026-06-27,STR-001,PRD-1017,Urad Dal White Split 1kg,3,160,480,TXN-203540
SAL-51502,2026-06-27,STR-003,PRD-1150,Fresh Potato 1kg,13,30,390,TXN-532876
SAL-51503,2026-06-27,STR-002,PRD-1173,Himalaya Purifying Neem Face Wash 100ml,4,140,560,TXN-370463
SAL-51504,2026-06-27,STR-002,PRD-1206,Sebamed Baby Protective Facial Cream 50ml,4,780,3120,TXN-967949
SAL-51505,2026-06-27,STR-001,PRD-1112,Women's Horlicks Caramel 400g,2,310,620,TXN-154398
SAL-51506,2026-06-27,STR-003,PRD-1203,Johnson's Baby Hair Oil 100ml,2,120,240,TXN-888669
SAL-51507,2026-06-27,STR-002,PRD-1163,Clinic Plus Strong & Long Shampoo 175ml,5,110,550,TXN-347978
SAL-51508,2026-06-27,STR-001,PRD-1122,Maggi Cuppa Masala Noodles 70g,11,50,550,TXN-888938
SAL-51509,2026-06-27,STR-002,PRD-1136,Ching's Secret Dark Soy Sauce 210g,1,65,65,TXN-220671
SAL-51510,2026-06-27,STR-002,PRD-1171,Gillette Guard Razor 1-Pack,2,25,50,TXN-433799
SAL-51511,2026-06-27,STR-002,PRD-1048,Amul Fresh Condensed Milk 400g,1,130,130,TXN-526850
SAL-51512,2026-06-27,STR-002,PRD-1050,Britannia 100% Whole Wheat Bread 400g,11,50,550,TXN-130310
SAL-51513,2026-06-27,STR-003,PRD-1181,Comfort After Wash Fabric Conditioner 860ml,2,235,470,TXN-345094
SAL-51514,2026-06-27,STR-001,PRD-1166,Pears Soft & Fresh Soap 125g,16,65,1040,TXN-119527
SAL-51515,2026-06-27,STR-001,PRD-1162,Dettol Original Soap 75g (3-Pack),4,105,420,TXN-714646
SAL-51516,2026-06-27,STR-003,PRD-1161,Mysore Sandal Soap 125g,7,55,385,TXN-358281
SAL-51517,2026-06-27,STR-002,PRD-1054,Garlic Butter Toast 150g,6,40,240,TXN-783200
SAL-51518,2026-06-27,STR-003,PRD-1117,MTR Rava Idli Mix 500g,5,110,550,TXN-419409
SAL-51519,2026-06-27,STR-001,PRD-1033,V.V.D Gold Coconut Oil 500ml,5,185,925,TXN-567646
SAL-51520,2026-06-27,STR-003,PRD-1147,Watermelon Kiran 1 Unit (~3kg),2,90,180,TXN-766683
SAL-51521,2026-06-27,STR-003,PRD-1139,Fresh Shimla Apples 1kg,3,180,540,TXN-920910
SAL-51522,2026-06-27,STR-002,PRD-1084,Pringles Sour Cream & Onion 107g,7,115,805,TXN-491438
SAL-51523,2026-06-27,STR-003,PRD-1142,Seedless Black Grapes 500g,2,80,160,TXN-276358
SAL-51524,2026-06-27,STR-003,PRD-1122,Maggi Cuppa Masala Noodles 70g,16,50,800,TXN-663646
SAL-51525,2026-06-27,STR-003,PRD-1194,Mangaldeep Sandal Agarbatti 100g,4,50,200,TXN-682119
SAL-51526,2026-06-27,STR-002,PRD-1017,Urad Dal White Split 1kg,6,160,960,TXN-101049
SAL-51527,2026-06-27,STR-003,PRD-1159,Garlic 250g,5,60,300,TXN-969659
SAL-51528,2026-06-27,STR-003,PRD-1100,Chakra Gold Tea 250g,11,150,1650,TXN-784781
SAL-51529,2026-06-27,STR-003,PRD-1032,Parachute Coconut Oil 500ml,2,190,380,TXN-100569
SAL-51530,2026-06-27,STR-002,PRD-1060,Britannia Bourbon Chocolate Biscuit 150g,11,35,385,TXN-605608
SAL-51531,2026-06-27,STR-001,PRD-1010,Idli Rice 5kg,9,290,2610,TXN-363076
SAL-51532,2026-06-27,STR-001,PRD-1206,Sebamed Baby Protective Facial Cream 50ml,8,780,6240,TXN-498619
SAL-51533,2026-06-27,STR-003,PRD-1111,Pediasure Chocolate 400g Jar,18,620,11160,TXN-983360
SAL-51534,2026-06-27,STR-001,PRD-1202,Johnson's Baby Powder 200g,2,190,380,TXN-713583
SAL-51535,2026-06-27,STR-002,PRD-1045,Aavin Flavoured Milk Chocolate 200ml,14,30,420,TXN-394976
SAL-51536,2026-06-27,STR-002,PRD-1201,Himalaya Gentle Baby Soap 75g (3-Pack),1,135,135,TXN-875089
SAL-51537,2026-06-27,STR-003,PRD-1031,Sundrop SuperLite Oil 1L,3,165,495,TXN-173332
SAL-51538,2026-06-27,STR-001,PRD-1070,Hide & Seek Chocolate Chip Biscuits 120g,13,40,520,TXN-514507
SAL-51539,2026-06-27,STR-001,PRD-1195,Cycle Pure Agarbatti Three in One 250g,18,95,1710,TXN-970840
SAL-51540,2026-06-27,STR-003,PRD-1207,Pigeon Baby Feeding Bottle 250ml,1,220,220,TXN-683510
SAL-51541,2026-06-27,STR-001,PRD-1020,Fried Gram (Pottukadalai) 500g,27,75,2025,TXN-552945
SAL-51542,2026-06-27,STR-002,PRD-1205,Himalaya Baby Lotion 200ml,14,175,2450,TXN-629342
SAL-51543,2026-06-27,STR-001,PRD-1188,Good Knight Gold Flash Machine + Refill,12,130,1560,TXN-433765
SAL-51544,2026-06-27,STR-003,PRD-1068,Parle Monaco Salted Biscuit 200g,4,30,120,TXN-459279
SAL-51545,2026-06-27,STR-003,PRD-1171,Gillette Guard Razor 1-Pack,5,25,125,TXN-889256
SAL-51546,2026-06-27,STR-001,PRD-1181,Comfort After Wash Fabric Conditioner 860ml,5,235,1175,TXN-386275
SAL-51547,2026-06-27,STR-003,PRD-1007,Saffola Masala Oats 500g,3,175,525,TXN-437262
SAL-51548,2026-06-27,STR-002,PRD-1044,Amul Taaza Homogenised Milk 1L Pack,6,72,432,TXN-582134
SAL-51549,2026-06-27,STR-003,PRD-1191,Eveready Red AA Batteries (4-Pack),8,60,480,TXN-444412
SAL-51550,2026-06-27,STR-003,PRD-1065,Britannia Good Day Butter 200g,6,45,270,TXN-825452
SAL-51551,2026-06-27,STR-002,PRD-1099,Red Label Natural Care Tea 250g,2,170,340,TXN-102146
SAL-51552,2026-06-27,STR-003,PRD-1074,Lays Magic Masala Potato Chips 50g,4,20,80,TXN-104487
SAL-51553,2026-06-27,STR-001,PRD-1089,Sprite Lemon-Lime 750ml,11,40,440,TXN-805383
SAL-51554,2026-06-27,STR-003,PRD-1208,Mee Mee Baby Laundry Detergent 1L,1,380,380,TXN-682788
SAL-51555,2026-06-27,STR-001,PRD-1160,Curry Leaves 50g Bundle,1,10,10,TXN-837463
SAL-51556,2026-06-28,STR-001,PRD-1176,Surf Excel Quick Wash Detergent Powder 1kg,1,210,210,TXN-335455
SAL-51557,2026-06-28,STR-001,PRD-1142,Seedless Black Grapes 500g,2,80,160,TXN-540467
SAL-51558,2026-06-28,STR-001,PRD-1194,Mangaldeep Sandal Agarbatti 100g,3,50,150,TXN-431603
SAL-51559,2026-06-28,STR-002,PRD-1030,Amul Pure Ghee 1L Tin,10,620,6200,TXN-304061
SAL-51560,2026-06-28,STR-003,PRD-1028,Aavin Pure Ghee 500ml,3,315,945,TXN-699596
SAL-51561,2026-06-28,STR-001,PRD-1012,Maida Flour 1kg,13,55,715,TXN-873266
SAL-51562,2026-06-28,STR-002,PRD-1160,Curry Leaves 50g Bundle,1,10,10,TXN-823044
SAL-51563,2026-06-28,STR-002,PRD-1045,Aavin Flavoured Milk Chocolate 200ml,10,30,300,TXN-178056
SAL-51564,2026-06-28,STR-002,PRD-1127,Kissan Fresh Tomato Ketchup 950g,4,135,540,TXN-306440
SAL-51565,2026-06-28,STR-001,PRD-1136,Ching's Secret Dark Soy Sauce 210g,1,65,65,TXN-425903
SAL-51566,2026-06-28,STR-002,PRD-1129,Aachi Lime Pickle 300g,1,65,65,TXN-755669
SAL-51567,2026-06-28,STR-003,PRD-1139,Fresh Shimla Apples 1kg,2,180,360,TXN-603281
SAL-51568,2026-06-28,STR-002,PRD-1064,Britannia Good Day Cashew 200g,1,50,50,TXN-125190
SAL-51569,2026-06-28,STR-001,PRD-1004,Aashirvaad Shuddha Chakki Atta 5kg,5,245,1225,TXN-756720
SAL-51570,2026-06-28,STR-003,PRD-1045,Aavin Flavoured Milk Chocolate 200ml,17,30,510,TXN-981336
SAL-51571,2026-06-28,STR-003,PRD-1166,Pears Soft & Fresh Soap 125g,9,65,585,TXN-213079
SAL-51572,2026-06-28,STR-003,PRD-1133,Hershey's Chocolate Syrup 623g,14,230,3220,TXN-457356
SAL-51573,2026-06-28,STR-001,PRD-1070,Hide & Seek Chocolate Chip Biscuits 120g,22,40,880,TXN-961545
SAL-51574,2026-06-28,STR-002,PRD-1004,Aashirvaad Shuddha Chakki Atta 5kg,3,245,735,TXN-932685
SAL-51575,2026-06-28,STR-002,PRD-1080,Murukku Traditional 250g,4,80,320,TXN-176452
SAL-51576,2026-06-28,STR-001,PRD-1008,Manna Ragi Flour 1kg,5,85,425,TXN-749662
SAL-51577,2026-06-28,STR-003,PRD-1101,BRU Instant Coffee 100g Glass Jar,5,185,925,TXN-200318
SAL-51578,2026-06-28,STR-003,PRD-1069,Parle Krackjack Sweet & Salty 200g,5,30,150,TXN-707056
SAL-51579,2026-06-28,STR-002,PRD-1033,V.V.D Gold Coconut Oil 500ml,2,185,370,TXN-163634
SAL-51580,2026-06-28,STR-003,PRD-1109,Bournvita Chocolate Health Drink 500g,4,240,960,TXN-495727
SAL-51581,2026-06-28,STR-003,PRD-1084,Pringles Sour Cream & Onion 107g,1,115,115,TXN-988869
SAL-51582,2026-06-28,STR-001,PRD-1178,Lizol Disinfectant Floor Cleaner Citrus 1L,2,215,430,TXN-920664
SAL-51583,2026-06-28,STR-003,PRD-1177,Harpic Power Plus Toilet Cleaner 500ml,11,95,1045,TXN-168986
SAL-51584,2026-06-28,STR-001,PRD-1076,Kurkure Masala Munch 85g,2,20,40,TXN-158500
SAL-51585,2026-06-28,STR-003,PRD-1003,Sona Masoori Rice 5kg,5,380,1900,TXN-409242
SAL-51586,2026-06-28,STR-001,PRD-1071,Britannia Milk Bikis 200g,8,35,280,TXN-521195
SAL-51587,2026-06-28,STR-001,PRD-1143,Ripe Papaya 1kg,4,50,200,TXN-888490
SAL-51588,2026-06-28,STR-003,PRD-1040,Milky Mist Thick Curd 1kg Bucket,1,90,90,TXN-728700
SAL-51589,2026-06-28,STR-003,PRD-1100,Chakra Gold Tea 250g,13,150,1950,TXN-754319
SAL-51590,2026-06-28,STR-001,PRD-1205,Himalaya Baby Lotion 200ml,8,175,1400,TXN-502569
SAL-51591,2026-06-28,STR-002,PRD-1180,Rin Detergent Bar 250g (4-Pack),15,60,900,TXN-548901
SAL-51592,2026-06-28,STR-001,PRD-1062,Britannia Marie Gold 300g,6,40,240,TXN-749310
SAL-51593,2026-06-28,STR-001,PRD-1199,Pampers Baby Wipes Gentle 72 Sheets,7,185,1295,TXN-782540
SAL-51594,2026-06-28,STR-002,PRD-1070,Hide & Seek Chocolate Chip Biscuits 120g,23,40,920,TXN-920960
SAL-51595,2026-06-28,STR-003,PRD-1203,Johnson's Baby Hair Oil 100ml,1,120,120,TXN-642337
SAL-51596,2026-06-28,STR-002,PRD-1203,Johnson's Baby Hair Oil 100ml,4,120,480,TXN-301831
SAL-51597,2026-06-28,STR-003,PRD-1063,Oreo Vanilla Cream Biscuit 120g,2,35,70,TXN-112885
SAL-51598,2026-06-28,STR-002,PRD-1024,Black Eyed Beans (Karamani) 500g,1,70,70,TXN-170825
SAL-51599,2026-06-28,STR-001,PRD-1047,Milky Mist Fresh Cream 200ml,5,70,350,TXN-981621
SAL-51600,2026-06-28,STR-003,PRD-1046,Cavins Milkshake Strawberry 200ml,3,40,120,TXN-701056
SAL-51601,2026-06-28,STR-001,PRD-1094,Red Bull Energy Drink 250ml,3,125,375,TXN-633618
SAL-51602,2026-06-28,STR-002,PRD-1205,Himalaya Baby Lotion 200ml,15,175,2625,TXN-541457
SAL-51603,2026-06-28,STR-003,PRD-1082,Haldiram Khatta Meetha Mix 200g,2,65,130,TXN-751009
SAL-51604,2026-06-28,STR-002,PRD-1188,Good Knight Gold Flash Machine + Refill,7,130,910,TXN-354963
SAL-51605,2026-06-28,STR-001,PRD-1099,Red Label Natural Care Tea 250g,3,170,510,TXN-146211
SAL-51606,2026-06-28,STR-002,PRD-1009,Raw Rice 5kg,2,320,640,TXN-426806
SAL-51607,2026-06-28,STR-001,PRD-1192,Freshwrap Aluminum Foil 18m Roll,1,175,175,TXN-638051
SAL-51608,2026-06-28,STR-002,PRD-1091,7Up Nimbooz 350ml,5,25,125,TXN-891018
SAL-51609,2026-06-28,STR-003,PRD-1201,Himalaya Gentle Baby Soap 75g (3-Pack),3,135,405,TXN-712018
SAL-51610,2026-06-28,STR-003,PRD-1163,Clinic Plus Strong & Long Shampoo 175ml,6,110,660,TXN-913166
SAL-51611,2026-06-28,STR-001,PRD-1002,Ponni Boiled Rice 10kg,2,680,1360,TXN-592331
SAL-51612,2026-06-28,STR-001,PRD-1154,Green Capsicum 500g,1,45,45,TXN-459557
SAL-51613,2026-06-28,STR-003,PRD-1019,Green Gram Whole 1kg,3,130,390,TXN-108474
SAL-51614,2026-06-28,STR-003,PRD-1116,Sunfeast Yippee Magic Masala Noodles 240g,6,48,288,TXN-789624
SAL-51615,2026-06-28,STR-001,PRD-1156,Fresh Mint Leaves 100g,3,12,36,TXN-160101
SAL-51616,2026-06-28,STR-003,PRD-1146,Mosambi (Sweet Lime) 1kg,3,85,255,TXN-958976
SAL-51617,2026-06-28,STR-003,PRD-1044,Amul Taaza Homogenised Milk 1L Pack,6,72,432,TXN-157259
SAL-51618,2026-06-28,STR-003,PRD-1186,Pitambari Shining Powder 200g,4,40,160,TXN-304899
SAL-51619,2026-06-28,STR-001,PRD-1168,Sunsilk Black Shine Shampoo 180ml,1,125,125,TXN-771670
SAL-51620,2026-06-28,STR-003,PRD-1178,Lizol Disinfectant Floor Cleaner Citrus 1L,6,215,1290,TXN-923408
SAL-51621,2026-06-28,STR-003,PRD-1130,Nutella Hazelnut Spread 350g Jar,11,380,4180,TXN-298553
SAL-51622,2026-06-28,STR-002,PRD-1186,Pitambari Shining Powder 200g,6,40,240,TXN-828531
SAL-51623,2026-06-28,STR-003,PRD-1016,Urad Dal Black Whole 1kg,1,155,155,TXN-590106
SAL-51624,2026-06-29,STR-003,PRD-1119,Bambino Roasted Vermicelli 400g,3,45,135,TXN-496566
SAL-51625,2026-06-29,STR-002,PRD-1208,Mee Mee Baby Laundry Detergent 1L,1,380,380,TXN-433396
SAL-51626,2026-06-29,STR-003,PRD-1203,Johnson's Baby Hair Oil 100ml,4,120,480,TXN-767044
SAL-51627,2026-06-29,STR-002,PRD-1121,MTR Ready to Eat Paneer Butter Masala 300g,4,140,560,TXN-148439
SAL-51628,2026-06-29,STR-002,PRD-1108,Boost Health Drink 500g Refill,4,235,940,TXN-715855
SAL-51629,2026-06-29,STR-001,PRD-1151,Hybrid Tomato 1kg,2,40,80,TXN-661479
SAL-51630,2026-06-29,STR-003,PRD-1118,MTR Rava Dosa Mix 500g,1,115,115,TXN-359178
SAL-51631,2026-06-29,STR-002,PRD-1059,Parle-G Glucose Biscuit 250g,2,30,60,TXN-934259
SAL-51632,2026-06-29,STR-003,PRD-1038,Aavin Full Cream Milk 500ml,2,30,60,TXN-232601
SAL-51633,2026-06-29,STR-001,PRD-1164,Colgate Strong Teeth Toothpaste 150g,3,95,285,TXN-712454
SAL-51634,2026-06-29,STR-002,PRD-1016,Urad Dal Black Whole 1kg,2,155,310,TXN-319401
SAL-51635,2026-06-29,STR-003,PRD-1178,Lizol Disinfectant Floor Cleaner Citrus 1L,6,215,1290,TXN-922781
SAL-51636,2026-06-29,STR-002,PRD-1002,Ponni Boiled Rice 10kg,1,680,680,TXN-633320
SAL-51637,2026-06-29,STR-001,PRD-1081,Ribbon Pakoda 200g,4,75,300,TXN-776406
SAL-51638,2026-06-29,STR-002,PRD-1083,Doritos Nacho Cheese Chips 60g,5,30,150,TXN-492446
SAL-51639,2026-06-29,STR-001,PRD-1168,Sunsilk Black Shine Shampoo 180ml,1,125,125,TXN-586819
SAL-51640,2026-06-29,STR-002,PRD-1077,Bingo Mad Angles Cream & Onion 70g,3,20,60,TXN-847096
SAL-51641,2026-06-29,STR-003,PRD-1086,Tropicana 100% Orange Juice 1L,4,145,580,TXN-828246
SAL-51642,2026-06-29,STR-002,PRD-1173,Himalaya Purifying Neem Face Wash 100ml,3,140,420,TXN-618827
SAL-51643,2026-06-29,STR-003,PRD-1135,Baking Soda 100g,20,25,500,TXN-709418
SAL-51644,2026-06-29,STR-003,PRD-1074,Lays Magic Masala Potato Chips 50g,3,20,60,TXN-929029
SAL-51645,2026-06-29,STR-002,PRD-1144,Pomegranate Kabuli 1kg,12,210,2520,TXN-138382
SAL-51646,2026-06-29,STR-001,PRD-1067,Britannia NutriChoice Digestive 250g,10,65,650,TXN-312861
SAL-51647,2026-06-29,STR-002,PRD-1003,Sona Masoori Rice 5kg,2,380,760,TXN-345770
SAL-51648,2026-06-29,STR-003,PRD-1004,Aashirvaad Shuddha Chakki Atta 5kg,6,245,1470,TXN-699125
SAL-51649,2026-06-29,STR-002,PRD-1129,Aachi Lime Pickle 300g,2,65,130,TXN-188876
SAL-51650,2026-06-29,STR-003,PRD-1011,Seeraga Samba Rice 1kg,1,145,145,TXN-188109
SAL-51651,2026-06-29,STR-001,PRD-1200,Nestle Cerelac Wheat Apple 300g,1,295,295,TXN-644022
SAL-51652,2026-06-29,STR-001,PRD-1042,Amul Cheese Slices 200g,2,140,280,TXN-712328
SAL-51653,2026-06-29,STR-001,PRD-1052,Britannia Fruit Bun 150g,2,25,50,TXN-637145
SAL-51654,2026-06-29,STR-003,PRD-1158,Ginger 250g,2,40,80,TXN-528818
SAL-51655,2026-06-29,STR-003,PRD-1070,Hide & Seek Chocolate Chip Biscuits 120g,16,40,640,TXN-621711
SAL-51656,2026-06-29,STR-001,PRD-1130,Nutella Hazelnut Spread 350g Jar,14,380,5320,TXN-500944
SAL-51657,2026-06-29,STR-003,PRD-1016,Urad Dal Black Whole 1kg,1,155,155,TXN-563143
SAL-51658,2026-06-29,STR-002,PRD-1072,Unibic Assorted Cookies 75g,1,45,45,TXN-776703
SAL-51659,2026-06-29,STR-001,PRD-1072,Unibic Assorted Cookies 75g,1,45,45,TXN-186422
SAL-51660,2026-06-29,STR-003,PRD-1102,Nescafe Classic Instant Coffee 50g,3,160,480,TXN-626138
SAL-51661,2026-06-29,STR-002,PRD-1063,Oreo Vanilla Cream Biscuit 120g,5,35,175,TXN-774920
SAL-51662,2026-06-29,STR-001,PRD-1095,Kinley Packaged Drinking Water 1L,10,20,200,TXN-389852
SAL-51663,2026-06-29,STR-003,PRD-1122,Maggi Cuppa Masala Noodles 70g,18,50,900,TXN-203189
SAL-51664,2026-06-29,STR-003,PRD-1199,Pampers Baby Wipes Gentle 72 Sheets,7,185,1295,TXN-477735
SAL-51665,2026-06-29,STR-001,PRD-1089,Sprite Lemon-Lime 750ml,4,40,160,TXN-310036
SAL-51666,2026-06-29,STR-001,PRD-1065,Britannia Good Day Butter 200g,10,45,450,TXN-807901
SAL-51667,2026-06-29,STR-001,PRD-1071,Britannia Milk Bikis 200g,5,35,175,TXN-417420
SAL-51668,2026-06-29,STR-001,PRD-1009,Raw Rice 5kg,5,320,1600,TXN-905812
SAL-51669,2026-06-29,STR-001,PRD-1064,Britannia Good Day Cashew 200g,1,50,50,TXN-387796
SAL-51670,2026-06-29,STR-002,PRD-1037,Aavin Toned Milk 500ml Pouch,3,24,72,TXN-733375
SAL-51671,2026-06-29,STR-002,PRD-1008,Manna Ragi Flour 1kg,10,85,850,TXN-996531
SAL-51672,2026-06-29,STR-001,PRD-1050,Britannia 100% Whole Wheat Bread 400g,16,50,800,TXN-875758
SAL-51673,2026-06-29,STR-001,PRD-1137,Del Monte Whole Corn Canned 415g,3,95,285,TXN-373820
SAL-51674,2026-06-29,STR-003,PRD-1040,Milky Mist Thick Curd 1kg Bucket,1,90,90,TXN-414021
SAL-51675,2026-06-29,STR-002,PRD-1122,Maggi Cuppa Masala Noodles 70g,10,50,500,TXN-463470
SAL-51676,2026-06-29,STR-002,PRD-1076,Kurkure Masala Munch 85g,5,20,100,TXN-523426
SAL-51677,2026-06-29,STR-002,PRD-1110,Complan Chocolate Health Drink 500g,25,260,6500,TXN-961784
SAL-51678,2026-06-29,STR-003,PRD-1164,Colgate Strong Teeth Toothpaste 150g,2,95,190,TXN-787140
SAL-51679,2026-06-29,STR-001,PRD-1087,Real Fruit Power Guava Juice 1L,2,130,260,TXN-785864
SAL-51680,2026-06-29,STR-002,PRD-1133,Hershey's Chocolate Syrup 623g,9,230,2070,TXN-898134
SAL-51681,2026-06-29,STR-002,PRD-1134,Weikfield Vanilla Custard Powder 100g,8,45,360,TXN-516814
SAL-51682,2026-06-29,STR-002,PRD-1062,Britannia Marie Gold 300g,3,40,120,TXN-858472
SAL-51683,2026-06-29,STR-003,PRD-1189,Odonil Room Air Freshener Spray Citrus 220ml,5,160,800,TXN-597484
SAL-51684,2026-06-29,STR-003,PRD-1156,Fresh Mint Leaves 100g,1,12,12,TXN-715517
SAL-51685,2026-06-29,STR-002,PRD-1024,Black Eyed Beans (Karamani) 500g,1,70,70,TXN-894423
SAL-51686,2026-06-29,STR-002,PRD-1043,Milky Mist Paneer 200g,5,115,575,TXN-953957
SAL-51687,2026-06-29,STR-003,PRD-1052,Britannia Fruit Bun 150g,5,25,125,TXN-930382
SAL-51688,2026-06-29,STR-003,PRD-1047,Milky Mist Fresh Cream 200ml,3,70,210,TXN-986887
SAL-51689,2026-06-29,STR-001,PRD-1069,Parle Krackjack Sweet & Salty 200g,3,30,90,TXN-907540
SAL-51690,2026-06-30,STR-003,PRD-1150,Fresh Potato 1kg,14,30,420,TXN-316509
SAL-51691,2026-06-30,STR-001,PRD-1076,Kurkure Masala Munch 85g,2,20,40,TXN-315667
SAL-51692,2026-06-30,STR-002,PRD-1158,Ginger 250g,2,40,80,TXN-957626
SAL-51693,2026-06-30,STR-001,PRD-1162,Dettol Original Soap 75g (3-Pack),6,105,630,TXN-597842
SAL-51694,2026-06-30,STR-001,PRD-1201,Himalaya Gentle Baby Soap 75g (3-Pack),3,135,405,TXN-703027
SAL-51695,2026-06-30,STR-003,PRD-1011,Seeraga Samba Rice 1kg,3,145,435,TXN-716029
SAL-51696,2026-06-30,STR-002,PRD-1135,Baking Soda 100g,11,25,275,TXN-851589
SAL-51697,2026-06-30,STR-001,PRD-1051,Modern Whole Wheat Bread 400g,4,48,192,TXN-388820
SAL-51698,2026-06-30,STR-001,PRD-1208,Mee Mee Baby Laundry Detergent 1L,1,380,380,TXN-249623
SAL-51699,2026-06-30,STR-001,PRD-1047,Milky Mist Fresh Cream 200ml,4,70,280,TXN-964637
SAL-51700,2026-06-30,STR-002,PRD-1110,Complan Chocolate Health Drink 500g,16,260,4160,TXN-946794
SAL-51701,2026-06-30,STR-002,PRD-1004,Aashirvaad Shuddha Chakki Atta 5kg,2,245,490,TXN-444867
SAL-51702,2026-06-30,STR-001,PRD-1180,Rin Detergent Bar 250g (4-Pack),26,60,1560,TXN-614807
SAL-51703,2026-06-30,STR-002,PRD-1128,Mother's Recipe Mango Pickle 300g,1,85,85,TXN-704118
SAL-51704,2026-06-30,STR-003,PRD-1122,Maggi Cuppa Masala Noodles 70g,7,50,350,TXN-195528
SAL-51705,2026-06-30,STR-003,PRD-1081,Ribbon Pakoda 200g,2,75,150,TXN-578472
SAL-51706,2026-06-30,STR-002,PRD-1151,Hybrid Tomato 1kg,2,40,80,TXN-983571
SAL-51707,2026-06-30,STR-002,PRD-1153,Ladies Finger (Bhindi) 500g,5,30,150,TXN-411897
SAL-51708,2026-06-30,STR-003,PRD-1145,Green Guava 1kg,16,70,1120,TXN-963428
SAL-51709,2026-06-30,STR-003,PRD-1193,Matchbox Homelites Safety Matches (10-Box),5,30,150,TXN-283633
SAL-51710,2026-06-30,STR-002,PRD-1108,Boost Health Drink 500g Refill,2,235,470,TXN-288301
SAL-51711,2026-06-30,STR-003,PRD-1117,MTR Rava Idli Mix 500g,5,110,550,TXN-868862
SAL-51712,2026-06-30,STR-002,PRD-1009,Raw Rice 5kg,4,320,1280,TXN-503350
SAL-51713,2026-06-30,STR-002,PRD-1204,MamyPoko Pants Standard Diaper Medium 34s,7,450,3150,TXN-292355
SAL-51714,2026-06-30,STR-002,PRD-1012,Maida Flour 1kg,13,55,715,TXN-200174
SAL-51715,2026-06-30,STR-001,PRD-1056,Winkies Chocolate Swiss Roll 100g,10,30,300,TXN-145785
SAL-51716,2026-06-30,STR-002,PRD-1119,Bambino Roasted Vermicelli 400g,3,45,135,TXN-265603
SAL-51717,2026-06-30,STR-003,PRD-1206,Sebamed Baby Protective Facial Cream 50ml,4,780,3120,TXN-758592
SAL-51718,2026-06-30,STR-001,PRD-1141,Nagpur Oranges 1kg,4,90,360,TXN-799040
SAL-51719,2026-06-30,STR-003,PRD-1137,Del Monte Whole Corn Canned 415g,4,95,380,TXN-831952
SAL-51720,2026-06-30,STR-002,PRD-1074,Lays Magic Masala Potato Chips 50g,4,20,80,TXN-327808
SAL-51721,2026-06-30,STR-001,PRD-1024,Black Eyed Beans (Karamani) 500g,1,70,70,TXN-531256
SAL-51722,2026-06-30,STR-003,PRD-1192,Freshwrap Aluminum Foil 18m Roll,1,175,175,TXN-679677
SAL-51723,2026-06-30,STR-002,PRD-1139,Fresh Shimla Apples 1kg,3,180,540,TXN-486643
SAL-51724,2026-06-30,STR-002,PRD-1068,Parle Monaco Salted Biscuit 200g,2,30,60,TXN-210335
SAL-51725,2026-06-30,STR-002,PRD-1171,Gillette Guard Razor 1-Pack,3,25,75,TXN-917376
SAL-51726,2026-06-30,STR-001,PRD-1040,Milky Mist Thick Curd 1kg Bucket,1,90,90,TXN-572840
SAL-51727,2026-06-30,STR-002,PRD-1205,Himalaya Baby Lotion 200ml,11,175,1925,TXN-128015
SAL-51728,2026-06-30,STR-001,PRD-1163,Clinic Plus Strong & Long Shampoo 175ml,1,110,110,TXN-828221
SAL-51729,2026-06-30,STR-001,PRD-1110,Complan Chocolate Health Drink 500g,17,260,4420,TXN-584341
SAL-51730,2026-06-30,STR-002,PRD-1034,Dhara Mustard Oil 1L,7,155,1085,TXN-882193
SAL-51731,2026-06-30,STR-002,PRD-1062,Britannia Marie Gold 300g,4,40,160,TXN-303846
SAL-51732,2026-06-30,STR-002,PRD-1038,Aavin Full Cream Milk 500ml,3,30,90,TXN-111258
SAL-51733,2026-06-30,STR-002,PRD-1199,Pampers Baby Wipes Gentle 72 Sheets,9,185,1665,TXN-843544
SAL-51734,2026-06-30,STR-002,PRD-1064,Britannia Good Day Cashew 200g,1,50,50,TXN-443000
SAL-51735,2026-06-30,STR-001,PRD-1176,Surf Excel Quick Wash Detergent Powder 1kg,1,210,210,TXN-586796
SAL-51736,2026-06-30,STR-003,PRD-1010,Idli Rice 5kg,17,290,4930,TXN-171551
SAL-51737,2026-06-30,STR-001,PRD-1068,Parle Monaco Salted Biscuit 200g,3,30,90,TXN-788938
SAL-51738,2026-06-30,STR-002,PRD-1072,Unibic Assorted Cookies 75g,1,45,45,TXN-558986
SAL-51739,2026-06-30,STR-001,PRD-1026,Idhayam Sesame/Gingelly Oil 1L,3,320,960,TXN-960279
SAL-51740,2026-06-30,STR-003,PRD-1102,Nescafe Classic Instant Coffee 50g,3,160,480,TXN-269205
SAL-51741,2026-06-30,STR-003,PRD-1074,Lays Magic Masala Potato Chips 50g,2,20,40,TXN-118943
SAL-51742,2026-06-30,STR-002,PRD-1084,Pringles Sour Cream & Onion 107g,5,115,575,TXN-285846
SAL-51743,2026-06-30,STR-003,PRD-1188,Good Knight Gold Flash Machine + Refill,8,130,1040,TXN-181354
SAL-51744,2026-06-30,STR-001,PRD-1164,Colgate Strong Teeth Toothpaste 150g,2,95,190,TXN-111755
SAL-51745,2026-06-30,STR-002,PRD-1021,Kabuli Chana 1kg,6,140,840,TXN-260952
SAL-51746,2026-06-30,STR-001,PRD-1133,Hershey's Chocolate Syrup 623g,10,230,2300,TXN-286583
SAL-51747,2026-06-30,STR-003,PRD-1186,Pitambari Shining Powder 200g,3,40,120,TXN-136118
SAL-51748,2026-06-30,STR-001,PRD-1005,Pillsbury Chakki Fresh Atta 5kg,20,240,4800,TXN-658155
SAL-51749,2026-06-30,STR-001,PRD-1148,Kiwi Fruit 3-Pack,3,120,360,TXN-950931
SAL-51750,2026-06-30,STR-001,PRD-1057,Plum Cake 250g,4,120,480,TXN-794723
SAL-51751,2026-06-30,STR-003,PRD-1040,Milky Mist Thick Curd 1kg Bucket,1,90,90,TXN-207786
SAL-51752,2026-06-30,STR-002,PRD-1047,Milky Mist Fresh Cream 200ml,2,70,140,TXN-423301
SAL-51753,2026-06-30,STR-002,PRD-1193,Matchbox Homelites Safety Matches (10-Box),4,30,120,TXN-727263
SAL-51754,2026-06-30,STR-001,PRD-1151,Hybrid Tomato 1kg,1,40,40,TXN-909930
SAL-51755,2026-06-30,STR-002,PRD-1172,Dabur Red Toothpowder 100g,4,45,180,TXN-311537
SAL-51756,2026-06-30,STR-003,PRD-1025,Gold Winner Sunflower Oil 1L,23,145,3335,TXN-492843
SAL-51757,2026-07-01,STR-003,PRD-1086,Tropicana 100% Orange Juice 1L,3,145,435,TXN-746288
SAL-51758,2026-07-01,STR-003,PRD-1072,Unibic Assorted Cookies 75g,2,45,90,TXN-230082
SAL-51759,2026-07-01,STR-003,PRD-1033,V.V.D Gold Coconut Oil 500ml,2,185,370,TXN-873758
SAL-51760,2026-07-01,STR-003,PRD-1006,Quaker Oats 1kg,3,195,585,TXN-355376
SAL-51761,2026-07-01,STR-001,PRD-1152,Ooty Carrot 500g,7,35,245,TXN-162833
SAL-51762,2026-07-01,STR-001,PRD-1011,Seeraga Samba Rice 1kg,2,145,290,TXN-622952
SAL-51763,2026-07-01,STR-001,PRD-1006,Quaker Oats 1kg,3,195,585,TXN-259038
SAL-51764,2026-07-01,STR-001,PRD-1122,Maggi Cuppa Masala Noodles 70g,10,50,500,TXN-773226
SAL-51765,2026-07-01,STR-003,PRD-1069,Parle Krackjack Sweet & Salty 200g,2,30,60,TXN-860541
SAL-51766,2026-07-01,STR-003,PRD-1023,Horse Gram (Kollu) 500g,8,60,480,TXN-565280
SAL-51767,2026-07-01,STR-001,PRD-1080,Murukku Traditional 250g,5,80,400,TXN-444656
SAL-51768,2026-07-01,STR-002,PRD-1035,Saffola Gold Edible Oil 1L,4,195,780,TXN-432963
SAL-51769,2026-07-01,STR-001,PRD-1061,Sunfeast Dark Fantasy Choco Fills 300g,5,150,750,TXN-897435
SAL-51770,2026-07-01,STR-001,PRD-1017,Urad Dal White Split 1kg,2,160,320,TXN-930241
SAL-51771,2026-07-01,STR-001,PRD-1150,Fresh Potato 1kg,29,30,870,TXN-779525
SAL-51772,2026-07-01,STR-003,PRD-1184,Ariel Matic Front Load Detergent 1kg,1,280,280,TXN-887009
SAL-51773,2026-07-01,STR-003,PRD-1039,Hatsun Fresh Curd 500g Pouch,2,35,70,TXN-988075
SAL-51774,2026-07-01,STR-003,PRD-1116,Sunfeast Yippee Magic Masala Noodles 240g,4,48,192,TXN-156700
SAL-51775,2026-07-01,STR-002,PRD-1202,Johnson's Baby Powder 200g,5,190,950,TXN-797309
SAL-51776,2026-07-01,STR-001,PRD-1069,Parle Krackjack Sweet & Salty 200g,6,30,180,TXN-940383
SAL-51777,2026-07-01,STR-002,PRD-1075,Lays Classic Salted Potato Chips 50g,21,20,420,TXN-854452
SAL-51778,2026-07-01,STR-001,PRD-1195,Cycle Pure Agarbatti Three in One 250g,11,95,1045,TXN-500016
SAL-51779,2026-07-01,STR-003,PRD-1142,Seedless Black Grapes 500g,2,80,160,TXN-292461
SAL-51780,2026-07-01,STR-002,PRD-1154,Green Capsicum 500g,2,45,90,TXN-106336
SAL-51781,2026-07-01,STR-002,PRD-1044,Amul Taaza Homogenised Milk 1L Pack,4,72,288,TXN-615524
SAL-51782,2026-07-01,STR-001,PRD-1084,Pringles Sour Cream & Onion 107g,1,115,115,TXN-301814
SAL-51783,2026-07-01,STR-002,PRD-1077,Bingo Mad Angles Cream & Onion 70g,2,20,40,TXN-248407
SAL-51784,2026-07-01,STR-001,PRD-1039,Hatsun Fresh Curd 500g Pouch,8,35,280,TXN-231660
SAL-51785,2026-07-01,STR-001,PRD-1129,Aachi Lime Pickle 300g,1,65,65,TXN-721418
SAL-51786,2026-07-01,STR-001,PRD-1117,MTR Rava Idli Mix 500g,5,110,550,TXN-933862
SAL-51787,2026-07-01,STR-001,PRD-1063,Oreo Vanilla Cream Biscuit 120g,7,35,245,TXN-347789
SAL-51788,2026-07-01,STR-002,PRD-1006,Quaker Oats 1kg,3,195,585,TXN-546944
SAL-51789,2026-07-01,STR-001,PRD-1145,Green Guava 1kg,23,70,1610,TXN-426592
SAL-51790,2026-07-01,STR-002,PRD-1114,Milo Cocoa Beverage Powder 400g,1,220,220,TXN-307131
SAL-51791,2026-07-01,STR-002,PRD-1005,Pillsbury Chakki Fresh Atta 5kg,14,240,3360,TXN-285006
SAL-51792,2026-07-01,STR-002,PRD-1140,Robusta Bananas 1kg,16,45,720,TXN-417824
SAL-51793,2026-07-01,STR-001,PRD-1077,Bingo Mad Angles Cream & Onion 70g,3,20,60,TXN-570046
SAL-51794,2026-07-01,STR-002,PRD-1165,Sensodyne Rapid Relief Toothpaste 80g,21,170,3570,TXN-311184
SAL-51795,2026-07-01,STR-003,PRD-1024,Black Eyed Beans (Karamani) 500g,1,70,70,TXN-919240
SAL-51796,2026-07-01,STR-001,PRD-1101,BRU Instant Coffee 100g Glass Jar,4,185,740,TXN-477048
SAL-51797,2026-07-01,STR-001,PRD-1133,Hershey's Chocolate Syrup 623g,9,230,2070,TXN-275915
SAL-51798,2026-07-01,STR-003,PRD-1016,Urad Dal Black Whole 1kg,1,155,155,TXN-543230
SAL-51799,2026-07-01,STR-001,PRD-1025,Gold Winner Sunflower Oil 1L,13,145,1885,TXN-870627
SAL-51800,2026-07-01,STR-001,PRD-1148,Kiwi Fruit 3-Pack,3,120,360,TXN-605414
SAL-51801,2026-07-01,STR-001,PRD-1109,Bournvita Chocolate Health Drink 500g,1,240,240,TXN-499947
SAL-51802,2026-07-01,STR-001,PRD-1180,Rin Detergent Bar 250g (4-Pack),17,60,1020,TXN-187275
SAL-51803,2026-07-01,STR-003,PRD-1037,Aavin Toned Milk 500ml Pouch,6,24,144,TXN-414815
SAL-51804,2026-07-01,STR-002,PRD-1193,Matchbox Homelites Safety Matches (10-Box),5,30,150,TXN-260221
SAL-51805,2026-07-01,STR-001,PRD-1205,Himalaya Baby Lotion 200ml,16,175,2800,TXN-284234
SAL-51806,2026-07-01,STR-002,PRD-1062,Britannia Marie Gold 300g,4,40,160,TXN-586173
SAL-51807,2026-07-01,STR-001,PRD-1091,7Up Nimbooz 350ml,4,25,100,TXN-396983
SAL-51808,2026-07-01,STR-001,PRD-1035,Saffola Gold Edible Oil 1L,3,195,585,TXN-735463
SAL-51809,2026-07-01,STR-002,PRD-1117,MTR Rava Idli Mix 500g,4,110,440,TXN-449421
SAL-51810,2026-07-01,STR-001,PRD-1140,Robusta Bananas 1kg,10,45,450,TXN-592053
SAL-51811,2026-07-01,STR-003,PRD-1048,Amul Fresh Condensed Milk 400g,1,130,130,TXN-298837
SAL-51812,2026-07-01,STR-001,PRD-1120,Knorr Thick Tomato Soup 53g,1,40,40,TXN-625021
SAL-51813,2026-07-01,STR-003,PRD-1063,Oreo Vanilla Cream Biscuit 120g,5,35,175,TXN-492437
SAL-51814,2026-07-01,STR-001,PRD-1115,Maggi 2-Minute Masala Noodles 280g (4-Pack),20,56,1120,TXN-536019
SAL-51815,2026-07-01,STR-003,PRD-1173,Himalaya Purifying Neem Face Wash 100ml,8,140,1120,TXN-878246
SAL-51816,2026-07-01,STR-002,PRD-1025,Gold Winner Sunflower Oil 1L,15,145,2175,TXN-613331
SAL-51817,2026-07-01,STR-002,PRD-1121,MTR Ready to Eat Paneer Butter Masala 300g,4,140,560,TXN-716886
SAL-51818,2026-07-01,STR-002,PRD-1007,Saffola Masala Oats 500g,2,175,350,TXN-140712
SAL-51819,2026-07-01,STR-003,PRD-1161,Mysore Sandal Soap 125g,9,55,495,TXN-230524
SAL-51820,2026-07-01,STR-001,PRD-1138,Knorr Dark Soy Sauce 200ml,2,70,140,TXN-693083
SAL-51821,2026-07-01,STR-002,PRD-1184,Ariel Matic Front Load Detergent 1kg,1,280,280,TXN-900011
SAL-51822,2026-07-01,STR-002,PRD-1084,Pringles Sour Cream & Onion 107g,4,115,460,TXN-367657
SAL-51823,2026-07-01,STR-002,PRD-1181,Comfort After Wash Fabric Conditioner 860ml,7,235,1645,TXN-888086
SAL-51824,2026-07-01,STR-003,PRD-1005,Pillsbury Chakki Fresh Atta 5kg,18,240,4320,TXN-634363
SAL-51825,2026-07-02,STR-001,PRD-1176,Surf Excel Quick Wash Detergent Powder 1kg,1,210,210,TXN-948485
SAL-51826,2026-07-02,STR-001,PRD-1133,Hershey's Chocolate Syrup 623g,13,230,2990,TXN-371950
SAL-51827,2026-07-02,STR-003,PRD-1021,Kabuli Chana 1kg,5,140,700,TXN-528649
SAL-51828,2026-07-02,STR-001,PRD-1139,Fresh Shimla Apples 1kg,5,180,900,TXN-754753
SAL-51829,2026-07-02,STR-001,PRD-1153,Ladies Finger (Bhindi) 500g,3,30,90,TXN-767349
SAL-51830,2026-07-02,STR-002,PRD-1089,Sprite Lemon-Lime 750ml,8,40,320,TXN-407364
SAL-51831,2026-07-02,STR-001,PRD-1088,Coca-Cola Original Taste 750ml,1,40,40,TXN-230738
SAL-51832,2026-07-02,STR-002,PRD-1172,Dabur Red Toothpowder 100g,3,45,135,TXN-458772
SAL-51833,2026-07-02,STR-002,PRD-1013,Tata Sampann Toor Dal 1kg,1,165,165,TXN-346184
SAL-51834,2026-07-02,STR-003,PRD-1130,Nutella Hazelnut Spread 350g Jar,19,380,7220,TXN-805486
SAL-51835,2026-07-02,STR-001,PRD-1011,Seeraga Samba Rice 1kg,4,145,580,TXN-109968
SAL-51836,2026-07-02,STR-001,PRD-1054,Garlic Butter Toast 150g,2,40,80,TXN-888318
SAL-51837,2026-07-02,STR-003,PRD-1094,Red Bull Energy Drink 250ml,5,125,625,TXN-797640
SAL-51838,2026-07-02,STR-002,PRD-1164,Colgate Strong Teeth Toothpaste 150g,3,95,285,TXN-143892
SAL-51839,2026-07-02,STR-003,PRD-1053,Sweet Bun 2-Pack,3,20,60,TXN-647707
SAL-51840,2026-07-02,STR-003,PRD-1089,Sprite Lemon-Lime 750ml,10,40,400,TXN-898347
SAL-51841,2026-07-02,STR-002,PRD-1208,Mee Mee Baby Laundry Detergent 1L,1,380,380,TXN-609530
SAL-51842,2026-07-02,STR-001,PRD-1059,Parle-G Glucose Biscuit 250g,5,30,150,TXN-453401
SAL-51843,2026-07-02,STR-002,PRD-1005,Pillsbury Chakki Fresh Atta 5kg,20,240,4800,TXN-452898
SAL-51844,2026-07-02,STR-003,PRD-1042,Amul Cheese Slices 200g,4,140,560,TXN-459742
SAL-51845,2026-07-02,STR-001,PRD-1034,Dhara Mustard Oil 1L,18,155,2790,TXN-956526
SAL-51846,2026-07-02,STR-003,PRD-1138,Knorr Dark Soy Sauce 200ml,4,70,280,TXN-478756
SAL-51847,2026-07-02,STR-003,PRD-1143,Ripe Papaya 1kg,7,50,350,TXN-496818
SAL-51848,2026-07-02,STR-001,PRD-1030,Amul Pure Ghee 1L Tin,18,620,11160,TXN-473323
SAL-51849,2026-07-02,STR-003,PRD-1186,Pitambari Shining Powder 200g,7,40,280,TXN-945435
SAL-51850,2026-07-02,STR-003,PRD-1068,Parle Monaco Salted Biscuit 200g,1,30,30,TXN-579114
SAL-51851,2026-07-02,STR-003,PRD-1152,Ooty Carrot 500g,8,35,280,TXN-521326
SAL-51852,2026-07-02,STR-002,PRD-1060,Britannia Bourbon Chocolate Biscuit 150g,25,35,875,TXN-245608
SAL-51853,2026-07-02,STR-001,PRD-1154,Green Capsicum 500g,1,45,45,TXN-228864
SAL-51854,2026-07-02,STR-002,PRD-1091,7Up Nimbooz 350ml,5,25,125,TXN-393042
SAL-51855,2026-07-02,STR-002,PRD-1109,Bournvita Chocolate Health Drink 500g,4,240,960,TXN-887941
SAL-51856,2026-07-02,STR-002,PRD-1180,Rin Detergent Bar 250g (4-Pack),21,60,1260,TXN-486326
SAL-51857,2026-07-02,STR-001,PRD-1192,Freshwrap Aluminum Foil 18m Roll,1,175,175,TXN-819517
SAL-51858,2026-07-02,STR-001,PRD-1138,Knorr Dark Soy Sauce 200ml,3,70,210,TXN-598282
SAL-51859,2026-07-02,STR-002,PRD-1111,Pediasure Chocolate 400g Jar,8,620,4960,TXN-792299
SAL-51860,2026-07-02,STR-002,PRD-1148,Kiwi Fruit 3-Pack,1,120,120,TXN-769068
SAL-51861,2026-07-02,STR-001,PRD-1033,V.V.D Gold Coconut Oil 500ml,7,185,1295,TXN-952092
SAL-51862,2026-07-02,STR-001,PRD-1040,Milky Mist Thick Curd 1kg Bucket,1,90,90,TXN-764563
SAL-51863,2026-07-02,STR-002,PRD-1206,Sebamed Baby Protective Facial Cream 50ml,4,780,3120,TXN-147976
SAL-51864,2026-07-02,STR-002,PRD-1124,MTR Gulab Jamun Mix 175g,3,95,285,TXN-871555
SAL-51865,2026-07-02,STR-002,PRD-1052,Britannia Fruit Bun 150g,2,25,50,TXN-565888
SAL-51866,2026-07-02,STR-002,PRD-1097,3 Roses Dust Tea 250g,3,160,480,TXN-608072
SAL-51867,2026-07-02,STR-001,PRD-1076,Kurkure Masala Munch 85g,4,20,80,TXN-742349
SAL-51868,2026-07-02,STR-002,PRD-1003,Sona Masoori Rice 5kg,3,380,1140,TXN-465254
SAL-51869,2026-07-02,STR-002,PRD-1061,Sunfeast Dark Fantasy Choco Fills 300g,5,150,750,TXN-599250
SAL-51870,2026-07-02,STR-002,PRD-1177,Harpic Power Plus Toilet Cleaner 500ml,15,95,1425,TXN-998734
SAL-51871,2026-07-02,STR-002,PRD-1001,India Gate Basmati Rice 5kg,14,520,7280,TXN-205335
SAL-51872,2026-07-02,STR-003,PRD-1035,Saffola Gold Edible Oil 1L,5,195,975,TXN-408137
SAL-51873,2026-07-02,STR-001,PRD-1026,Idhayam Sesame/Gingelly Oil 1L,6,320,1920,TXN-846525
SAL-51874,2026-07-02,STR-003,PRD-1150,Fresh Potato 1kg,10,30,300,TXN-645316
SAL-51875,2026-07-02,STR-001,PRD-1189,Odonil Room Air Freshener Spray Citrus 220ml,4,160,640,TXN-922987
SAL-51876,2026-07-02,STR-002,PRD-1150,Fresh Potato 1kg,20,30,600,TXN-629149
SAL-51877,2026-07-02,STR-002,PRD-1104,Cothas Coffee Chicory Blend 500g,1,220,220,TXN-622112
SAL-51878,2026-07-02,STR-002,PRD-1155,Coriander Leaves 100g Bundle,14,15,210,TXN-415986
SAL-51879,2026-07-02,STR-001,PRD-1062,Britannia Marie Gold 300g,5,40,200,TXN-675402
SAL-51880,2026-07-02,STR-001,PRD-1064,Britannia Good Day Cashew 200g,1,50,50,TXN-589478
SAL-51881,2026-07-02,STR-002,PRD-1135,Baking Soda 100g,11,25,275,TXN-567965
SAL-51882,2026-07-02,STR-003,PRD-1067,Britannia NutriChoice Digestive 250g,18,65,1170,TXN-605590
SAL-51883,2026-07-02,STR-001,PRD-1049,Modern Family Special White Bread 400g,6,45,270,TXN-352603
SAL-51884,2026-07-02,STR-001,PRD-1072,Unibic Assorted Cookies 75g,1,45,45,TXN-278711
SAL-51885,2026-07-02,STR-002,PRD-1175,Vim Dishwash Gel Lemon 500ml,26,115,2990,TXN-791792
SAL-51886,2026-07-02,STR-002,PRD-1066,Sunfeast Mom's Magic Cashew & Almond 200g,1,50,50,TXN-850534
SAL-51887,2026-07-02,STR-001,PRD-1181,Comfort After Wash Fabric Conditioner 860ml,2,235,470,TXN-442360
SAL-51888,2026-07-02,STR-002,PRD-1040,Milky Mist Thick Curd 1kg Bucket,1,90,90,TXN-903533
SAL-51889,2026-07-02,STR-002,PRD-1162,Dettol Original Soap 75g (3-Pack),3,105,315,TXN-854109
SAL-51890,2026-07-02,STR-001,PRD-1204,MamyPoko Pants Standard Diaper Medium 34s,1,450,450,TXN-599439
SAL-51891,2026-07-02,STR-001,PRD-1077,Bingo Mad Angles Cream & Onion 70g,7,20,140,TXN-803176
SAL-51892,2026-07-02,STR-001,PRD-1073,Haldiram Nagpur Aloo Bhujia 200g,3,60,180,TXN-242350
SAL-51893,2026-07-02,STR-001,PRD-1022,Masoor Dal Red 1kg,7,110,770,TXN-764323
SAL-51894,2026-07-03,STR-002,PRD-1177,Harpic Power Plus Toilet Cleaner 500ml,15,95,1425,TXN-913735
SAL-51895,2026-07-03,STR-002,PRD-1033,V.V.D Gold Coconut Oil 500ml,2,185,370,TXN-611185
SAL-51896,2026-07-03,STR-001,PRD-1120,Knorr Thick Tomato Soup 53g,1,40,40,TXN-413630
SAL-51897,2026-07-03,STR-002,PRD-1081,Ribbon Pakoda 200g,8,75,600,TXN-791274
SAL-51898,2026-07-03,STR-002,PRD-1207,Pigeon Baby Feeding Bottle 250ml,4,220,880,TXN-266926
SAL-51899,2026-07-03,STR-002,PRD-1024,Black Eyed Beans (Karamani) 500g,1,70,70,TXN-674559
SAL-51900,2026-07-03,STR-001,PRD-1124,MTR Gulab Jamun Mix 175g,4,95,380,TXN-542957
SAL-51901,2026-07-03,STR-002,PRD-1136,Ching's Secret Dark Soy Sauce 210g,1,65,65,TXN-465226
SAL-51902,2026-07-03,STR-003,PRD-1137,Del Monte Whole Corn Canned 415g,4,95,380,TXN-510059
SAL-51903,2026-07-03,STR-002,PRD-1202,Johnson's Baby Powder 200g,2,190,380,TXN-862057
SAL-51904,2026-07-03,STR-002,PRD-1084,Pringles Sour Cream & Onion 107g,3,115,345,TXN-997845
SAL-51905,2026-07-03,STR-001,PRD-1081,Ribbon Pakoda 200g,4,75,300,TXN-202046
SAL-51906,2026-07-03,STR-001,PRD-1094,Red Bull Energy Drink 250ml,3,125,375,TXN-888808
SAL-51907,2026-07-03,STR-002,PRD-1042,Amul Cheese Slices 200g,5,140,700,TXN-944178
SAL-51908,2026-07-03,STR-002,PRD-1032,Parachute Coconut Oil 500ml,1,190,190,TXN-786433
SAL-51909,2026-07-03,STR-001,PRD-1041,Amul Pasteurised Butter 100g,1,58,58,TXN-244243
SAL-51910,2026-07-03,STR-001,PRD-1033,V.V.D Gold Coconut Oil 500ml,4,185,740,TXN-605876
SAL-51911,2026-07-03,STR-001,PRD-1123,Top Ramen Curry Noodles 280g,4,55,220,TXN-251857
SAL-51912,2026-07-03,STR-002,PRD-1068,Parle Monaco Salted Biscuit 200g,3,30,90,TXN-943430
SAL-51913,2026-07-03,STR-002,PRD-1206,Sebamed Baby Protective Facial Cream 50ml,6,780,4680,TXN-871037
SAL-51914,2026-07-03,STR-003,PRD-1132,Sundrop Peanut Butter Crunchy 500g,5,195,975,TXN-479821
SAL-51915,2026-07-03,STR-003,PRD-1046,Cavins Milkshake Strawberry 200ml,5,40,200,TXN-703646
SAL-51916,2026-07-03,STR-001,PRD-1113,Ensure Diabetes Care Vanilla 400g,3,690,2070,TXN-923655
SAL-51917,2026-07-03,STR-002,PRD-1137,Del Monte Whole Corn Canned 415g,4,95,380,TXN-254775
SAL-51918,2026-07-03,STR-003,PRD-1207,Pigeon Baby Feeding Bottle 250ml,2,220,440,TXN-547858
SAL-51919,2026-07-03,STR-002,PRD-1001,India Gate Basmati Rice 5kg,14,520,7280,TXN-276394
SAL-51920,2026-07-03,STR-002,PRD-1112,Women's Horlicks Caramel 400g,1,310,310,TXN-200713
SAL-51921,2026-07-03,STR-002,PRD-1023,Horse Gram (Kollu) 500g,8,60,480,TXN-596894
SAL-51922,2026-07-03,STR-001,PRD-1193,Matchbox Homelites Safety Matches (10-Box),1,30,30,TXN-155021
SAL-51923,2026-07-03,STR-001,PRD-1069,Parle Krackjack Sweet & Salty 200g,2,30,60,TXN-640472
SAL-51924,2026-07-03,STR-001,PRD-1140,Robusta Bananas 1kg,19,45,855,TXN-722217
SAL-51925,2026-07-03,STR-003,PRD-1152,Ooty Carrot 500g,5,35,175,TXN-255785
SAL-51926,2026-07-03,STR-003,PRD-1115,Maggi 2-Minute Masala Noodles 280g (4-Pack),22,56,1232,TXN-523618
SAL-51927,2026-07-03,STR-003,PRD-1131,Dabur 100% Pure Honey 250g,1,135,135,TXN-515912
SAL-51928,2026-07-03,STR-002,PRD-1046,Cavins Milkshake Strawberry 200ml,1,40,40,TXN-821403
SAL-51929,2026-07-03,STR-002,PRD-1187,All Out Mosquito Repellent Refill 45ml (2-Pack),4,145,580,TXN-280865
SAL-51930,2026-07-03,STR-003,PRD-1080,Murukku Traditional 250g,8,80,640,TXN-493605
SAL-51931,2026-07-03,STR-002,PRD-1039,Hatsun Fresh Curd 500g Pouch,4,35,140,TXN-933958
SAL-51932,2026-07-03,STR-003,PRD-1142,Seedless Black Grapes 500g,2,80,160,TXN-193964
SAL-51933,2026-07-03,STR-002,PRD-1004,Aashirvaad Shuddha Chakki Atta 5kg,4,245,980,TXN-957939
SAL-51934,2026-07-03,STR-001,PRD-1194,Mangaldeep Sandal Agarbatti 100g,4,50,200,TXN-388584
SAL-51935,2026-07-03,STR-001,PRD-1166,Pears Soft & Fresh Soap 125g,13,65,845,TXN-566740
SAL-51936,2026-07-03,STR-002,PRD-1114,Milo Cocoa Beverage Powder 400g,1,220,220,TXN-225829
SAL-51937,2026-07-03,STR-001,PRD-1053,Sweet Bun 2-Pack,4,20,80,TXN-227980
SAL-51938,2026-07-03,STR-002,PRD-1107,Horlicks Classic Malt 500g Jar,6,245,1470,TXN-801279
SAL-51939,2026-07-03,STR-001,PRD-1180,Rin Detergent Bar 250g (4-Pack),20,60,1200,TXN-700446
SAL-51940,2026-07-03,STR-002,PRD-1164,Colgate Strong Teeth Toothpaste 150g,3,95,285,TXN-827424
SAL-51941,2026-07-03,STR-003,PRD-1053,Sweet Bun 2-Pack,6,20,120,TXN-932929
SAL-51942,2026-07-03,STR-003,PRD-1102,Nescafe Classic Instant Coffee 50g,4,160,640,TXN-502611
SAL-51943,2026-07-03,STR-002,PRD-1053,Sweet Bun 2-Pack,4,20,80,TXN-775908
SAL-51944,2026-07-03,STR-002,PRD-1013,Tata Sampann Toor Dal 1kg,3,165,495,TXN-412856
SAL-51945,2026-07-03,STR-003,PRD-1111,Pediasure Chocolate 400g Jar,13,620,8060,TXN-204271
SAL-51946,2026-07-03,STR-001,PRD-1181,Comfort After Wash Fabric Conditioner 860ml,3,235,705,TXN-848440
SAL-51947,2026-07-03,STR-002,PRD-1045,Aavin Flavoured Milk Chocolate 200ml,15,30,450,TXN-933853
SAL-51948,2026-07-03,STR-001,PRD-1099,Red Label Natural Care Tea 250g,6,170,1020,TXN-525019
SAL-51949,2026-07-03,STR-003,PRD-1206,Sebamed Baby Protective Facial Cream 50ml,7,780,5460,TXN-120705
SAL-51950,2026-07-03,STR-002,PRD-1172,Dabur Red Toothpowder 100g,4,45,180,TXN-957171
SAL-51951,2026-07-03,STR-001,PRD-1078,Hot & Crispy Banana Chips 250g,9,90,810,TXN-951649
SAL-51952,2026-07-03,STR-002,PRD-1178,Lizol Disinfectant Floor Cleaner Citrus 1L,3,215,645,TXN-167037
SAL-51953,2026-07-03,STR-001,PRD-1136,Ching's Secret Dark Soy Sauce 210g,1,65,65,TXN-928446
SAL-51954,2026-07-03,STR-001,PRD-1022,Masoor Dal Red 1kg,6,110,660,TXN-890110
SAL-51955,2026-07-03,STR-002,PRD-1120,Knorr Thick Tomato Soup 53g,2,40,80,TXN-790573
SAL-51956,2026-07-03,STR-003,PRD-1055,Britannia Gobbles Marble Cake 110g,23,35,805,TXN-289440
SAL-51957,2026-07-03,STR-002,PRD-1076,Kurkure Masala Munch 85g,5,20,100,TXN-828986
SAL-51958,2026-07-03,STR-003,PRD-1081,Ribbon Pakoda 200g,1,75,75,TXN-681667
SAL-51959,2026-07-03,STR-003,PRD-1019,Green Gram Whole 1kg,4,130,520,TXN-429563
SAL-51960,2026-07-04,STR-001,PRD-1045,Aavin Flavoured Milk Chocolate 200ml,17,30,510,TXN-431727
SAL-51961,2026-07-04,STR-001,PRD-1015,Chana Dal 1kg,28,115,3220,TXN-554691
SAL-51962,2026-07-04,STR-001,PRD-1047,Milky Mist Fresh Cream 200ml,4,70,280,TXN-732928
SAL-51963,2026-07-04,STR-001,PRD-1207,Pigeon Baby Feeding Bottle 250ml,3,220,660,TXN-383246
SAL-51964,2026-07-04,STR-001,PRD-1075,Lays Classic Salted Potato Chips 50g,10,20,200,TXN-215333
SAL-51965,2026-07-04,STR-001,PRD-1059,Parle-G Glucose Biscuit 250g,6,30,180,TXN-526541
SAL-51966,2026-07-04,STR-002,PRD-1032,Parachute Coconut Oil 500ml,1,190,190,TXN-771274
SAL-51967,2026-07-04,STR-002,PRD-1202,Johnson's Baby Powder 200g,2,190,380,TXN-449718
SAL-51968,2026-07-04,STR-001,PRD-1093,Frooti Mango Drink 1L,7,65,455,TXN-253437
SAL-51969,2026-07-04,STR-002,PRD-1013,Tata Sampann Toor Dal 1kg,3,165,495,TXN-336732
SAL-51970,2026-07-04,STR-002,PRD-1031,Sundrop SuperLite Oil 1L,2,165,330,TXN-202704
SAL-51971,2026-07-04,STR-003,PRD-1045,Aavin Flavoured Milk Chocolate 200ml,10,30,300,TXN-333020
SAL-51972,2026-07-04,STR-002,PRD-1182,Exo Touch & Shine Dishwash Bar 250g,5,30,150,TXN-210103
SAL-51973,2026-07-04,STR-001,PRD-1108,Boost Health Drink 500g Refill,2,235,470,TXN-229502
SAL-51974,2026-07-04,STR-002,PRD-1062,Britannia Marie Gold 300g,5,40,200,TXN-654654
SAL-51975,2026-07-04,STR-003,PRD-1152,Ooty Carrot 500g,5,35,175,TXN-699951
SAL-51976,2026-07-04,STR-001,PRD-1001,India Gate Basmati Rice 5kg,11,520,5720,TXN-678333
SAL-51977,2026-07-04,STR-001,PRD-1090,Bovonto Grape Soft Drink 1.5L,12,65,780,TXN-203878
SAL-51978,2026-07-04,STR-003,PRD-1108,Boost Health Drink 500g Refill,7,235,1645,TXN-279041
SAL-51979,2026-07-04,STR-003,PRD-1017,Urad Dal White Split 1kg,4,160,640,TXN-888395
SAL-51980,2026-07-04,STR-001,PRD-1187,All Out Mosquito Repellent Refill 45ml (2-Pack),2,145,290,TXN-461940
SAL-51981,2026-07-04,STR-001,PRD-1106,Continental Xtra Instant Coffee 200g,5,240,1200,TXN-810737
SAL-51982,2026-07-04,STR-002,PRD-1192,Freshwrap Aluminum Foil 18m Roll,2,175,350,TXN-657509
SAL-51983,2026-07-04,STR-002,PRD-1160,Curry Leaves 50g Bundle,1,10,10,TXN-990901
SAL-51984,2026-07-04,STR-002,PRD-1051,Modern Whole Wheat Bread 400g,3,48,144,TXN-721082
SAL-51985,2026-07-04,STR-003,PRD-1207,Pigeon Baby Feeding Bottle 250ml,1,220,220,TXN-109958
SAL-51986,2026-07-04,STR-001,PRD-1177,Harpic Power Plus Toilet Cleaner 500ml,10,95,950,TXN-847868
SAL-51987,2026-07-04,STR-001,PRD-1113,Ensure Diabetes Care Vanilla 400g,3,690,2070,TXN-232506
SAL-51988,2026-07-04,STR-002,PRD-1188,Good Knight Gold Flash Machine + Refill,5,130,650,TXN-695130
SAL-51989,2026-07-04,STR-001,PRD-1127,Kissan Fresh Tomato Ketchup 950g,3,135,405,TXN-155432
SAL-51990,2026-07-04,STR-001,PRD-1194,Mangaldeep Sandal Agarbatti 100g,4,50,200,TXN-770242
SAL-51991,2026-07-04,STR-001,PRD-1184,Ariel Matic Front Load Detergent 1kg,1,280,280,TXN-841870
SAL-51992,2026-07-04,STR-001,PRD-1076,Kurkure Masala Munch 85g,5,20,100,TXN-811160
SAL-51993,2026-07-04,STR-002,PRD-1036,Deepam Lamp Oil 1L,5,110,550,TXN-841119
SAL-51994,2026-07-04,STR-001,PRD-1017,Urad Dal White Split 1kg,4,160,640,TXN-560282
SAL-51995,2026-07-04,STR-001,PRD-1086,Tropicana 100% Orange Juice 1L,4,145,580,TXN-937255
SAL-51996,2026-07-04,STR-002,PRD-1068,Parle Monaco Salted Biscuit 200g,6,30,180,TXN-645883
SAL-51997,2026-07-04,STR-001,PRD-1052,Britannia Fruit Bun 150g,5,25,125,TXN-953565
SAL-51998,2026-07-04,STR-002,PRD-1108,Boost Health Drink 500g Refill,2,235,470,TXN-766511
SAL-51999,2026-07-04,STR-001,PRD-1078,Hot & Crispy Banana Chips 250g,12,90,1080,TXN-420509
SAL-52000,2026-07-04,STR-001,PRD-1049,Modern Family Special White Bread 400g,5,45,225,TXN-427928
SAL-52001,2026-07-04,STR-001,PRD-1199,Pampers Baby Wipes Gentle 72 Sheets,16,185,2960,TXN-765506
SAL-52002,2026-07-04,STR-002,PRD-1078,Hot & Crispy Banana Chips 250g,7,90,630,TXN-865411
SAL-52003,2026-07-04,STR-003,PRD-1129,Aachi Lime Pickle 300g,1,65,65,TXN-198181
SAL-52004,2026-07-04,STR-003,PRD-1100,Chakra Gold Tea 250g,7,150,1050,TXN-160200
SAL-52005,2026-07-04,STR-002,PRD-1152,Ooty Carrot 500g,4,35,140,TXN-399736
SAL-52006,2026-07-04,STR-002,PRD-1198,Garbage Bags Black Medium 30 Sheets,7,90,630,TXN-544579
SAL-52007,2026-07-04,STR-002,PRD-1094,Red Bull Energy Drink 250ml,1,125,125,TXN-621986
SAL-52008,2026-07-04,STR-003,PRD-1137,Del Monte Whole Corn Canned 415g,3,95,285,TXN-809649
SAL-52009,2026-07-04,STR-003,PRD-1059,Parle-G Glucose Biscuit 250g,6,30,180,TXN-831782
SAL-52010,2026-07-04,STR-002,PRD-1144,Pomegranate Kabuli 1kg,7,210,1470,TXN-114575
SAL-52011,2026-07-04,STR-003,PRD-1164,Colgate Strong Teeth Toothpaste 150g,2,95,190,TXN-971783
SAL-52012,2026-07-04,STR-001,PRD-1031,Sundrop SuperLite Oil 1L,6,165,990,TXN-848851
SAL-52013,2026-07-04,STR-002,PRD-1153,Ladies Finger (Bhindi) 500g,3,30,90,TXN-874879
SAL-52014,2026-07-04,STR-002,PRD-1052,Britannia Fruit Bun 150g,3,25,75,TXN-963359
SAL-52015,2026-07-04,STR-001,PRD-1193,Matchbox Homelites Safety Matches (10-Box),3,30,90,TXN-653764
SAL-52016,2026-07-04,STR-001,PRD-1074,Lays Magic Masala Potato Chips 50g,6,20,120,TXN-144413
SAL-52017,2026-07-04,STR-002,PRD-1026,Idhayam Sesame/Gingelly Oil 1L,5,320,1600,TXN-276718
SAL-52018,2026-07-04,STR-002,PRD-1097,3 Roses Dust Tea 250g,6,160,960,TXN-900808
SAL-52019,2026-07-04,STR-001,PRD-1070,Hide & Seek Chocolate Chip Biscuits 120g,17,40,680,TXN-336001
SAL-52020,2026-07-04,STR-002,PRD-1134,Weikfield Vanilla Custard Powder 100g,4,45,180,TXN-484880
SAL-52021,2026-07-04,STR-001,PRD-1203,Johnson's Baby Hair Oil 100ml,5,120,600,TXN-638637
SAL-52022,2026-07-04,STR-002,PRD-1184,Ariel Matic Front Load Detergent 1kg,1,280,280,TXN-153379
SAL-52023,2026-07-04,STR-002,PRD-1151,Hybrid Tomato 1kg,2,40,80,TXN-497509
SAL-52024,2026-07-05,STR-001,PRD-1062,Britannia Marie Gold 300g,3,40,120,TXN-880060
SAL-52025,2026-07-05,STR-001,PRD-1135,Baking Soda 100g,10,25,250,TXN-133141
SAL-52026,2026-07-05,STR-002,PRD-1041,Amul Pasteurised Butter 100g,2,58,116,TXN-308658
SAL-52027,2026-07-05,STR-002,PRD-1122,Maggi Cuppa Masala Noodles 70g,19,50,950,TXN-797557
SAL-52028,2026-07-05,STR-002,PRD-1090,Bovonto Grape Soft Drink 1.5L,30,65,1950,TXN-224562
SAL-52029,2026-07-05,STR-002,PRD-1194,Mangaldeep Sandal Agarbatti 100g,2,50,100,TXN-676846
SAL-52030,2026-07-05,STR-001,PRD-1043,Milky Mist Paneer 200g,2,115,230,TXN-814852
SAL-52031,2026-07-05,STR-002,PRD-1108,Boost Health Drink 500g Refill,4,235,940,TXN-519300
SAL-52032,2026-07-05,STR-001,PRD-1174,Vaseline Total Moisture Body Lotion 200ml,4,215,860,TXN-877931
SAL-52033,2026-07-05,STR-001,PRD-1106,Continental Xtra Instant Coffee 200g,6,240,1440,TXN-507737
SAL-52034,2026-07-05,STR-001,PRD-1096,Bisleri Water Bottle 2L,1,30,30,TXN-213119
SAL-52035,2026-07-05,STR-002,PRD-1077,Bingo Mad Angles Cream & Onion 70g,5,20,100,TXN-232250
SAL-52036,2026-07-05,STR-001,PRD-1002,Ponni Boiled Rice 10kg,2,680,1360,TXN-624288
SAL-52037,2026-07-05,STR-001,PRD-1205,Himalaya Baby Lotion 200ml,8,175,1400,TXN-817684
SAL-52038,2026-07-05,STR-002,PRD-1142,Seedless Black Grapes 500g,2,80,160,TXN-811259
SAL-52039,2026-07-05,STR-002,PRD-1110,Complan Chocolate Health Drink 500g,19,260,4940,TXN-108418
SAL-52040,2026-07-05,STR-003,PRD-1185,Scotch-Brite Scrub Pad Large (3-Pack),19,45,855,TXN-403527
SAL-52041,2026-07-05,STR-003,PRD-1013,Tata Sampann Toor Dal 1kg,4,165,660,TXN-186627
SAL-52042,2026-07-05,STR-001,PRD-1167,Dove Cream Beauty Bathing Bar 125g,6,75,450,TXN-359781
SAL-52043,2026-07-05,STR-003,PRD-1175,Vim Dishwash Gel Lemon 500ml,21,115,2415,TXN-864672
SAL-52044,2026-07-05,STR-002,PRD-1021,Kabuli Chana 1kg,5,140,700,TXN-361584
SAL-52045,2026-07-05,STR-003,PRD-1128,Mother's Recipe Mango Pickle 300g,1,85,85,TXN-220607
SAL-52046,2026-07-05,STR-002,PRD-1003,Sona Masoori Rice 5kg,3,380,1140,TXN-835005
SAL-52047,2026-07-05,STR-001,PRD-1166,Pears Soft & Fresh Soap 125g,8,65,520,TXN-960471
SAL-52048,2026-07-05,STR-001,PRD-1108,Boost Health Drink 500g Refill,2,235,470,TXN-208071
SAL-52049,2026-07-05,STR-001,PRD-1128,Mother's Recipe Mango Pickle 300g,1,85,85,TXN-626735
SAL-52050,2026-07-05,STR-002,PRD-1039,Hatsun Fresh Curd 500g Pouch,3,35,105,TXN-297833
SAL-52051,2026-07-05,STR-001,PRD-1003,Sona Masoori Rice 5kg,5,380,1900,TXN-719914
SAL-52052,2026-07-05,STR-002,PRD-1126,Eastern Chicken Masala 100g,4,42,168,TXN-255950
SAL-52053,2026-07-05,STR-003,PRD-1067,Britannia NutriChoice Digestive 250g,9,65,585,TXN-238722
SAL-52054,2026-07-05,STR-001,PRD-1145,Green Guava 1kg,17,70,1190,TXN-387164
SAL-52055,2026-07-05,STR-002,PRD-1128,Mother's Recipe Mango Pickle 300g,2,85,170,TXN-253311
SAL-52056,2026-07-05,STR-002,PRD-1004,Aashirvaad Shuddha Chakki Atta 5kg,3,245,735,TXN-746412
SAL-52057,2026-07-05,STR-002,PRD-1037,Aavin Toned Milk 500ml Pouch,3,24,72,TXN-153430
SAL-52058,2026-07-05,STR-002,PRD-1155,Coriander Leaves 100g Bundle,10,15,150,TXN-650472
SAL-52059,2026-07-05,STR-002,PRD-1177,Harpic Power Plus Toilet Cleaner 500ml,8,95,760,TXN-764073
SAL-52060,2026-07-05,STR-001,PRD-1072,Unibic Assorted Cookies 75g,2,45,90,TXN-332548
SAL-52061,2026-07-05,STR-002,PRD-1031,Sundrop SuperLite Oil 1L,2,165,330,TXN-602472
SAL-52062,2026-07-05,STR-002,PRD-1190,Duracell Chota Power AA Batteries (4-Pack),6,160,960,TXN-547818
SAL-52063,2026-07-05,STR-002,PRD-1185,Scotch-Brite Scrub Pad Large (3-Pack),15,45,675,TXN-419071
SAL-52064,2026-07-05,STR-001,PRD-1056,Winkies Chocolate Swiss Roll 100g,7,30,210,TXN-481237
SAL-52065,2026-07-05,STR-001,PRD-1148,Kiwi Fruit 3-Pack,1,120,120,TXN-468075
SAL-52066,2026-07-05,STR-002,PRD-1045,Aavin Flavoured Milk Chocolate 200ml,13,30,390,TXN-358965
SAL-52067,2026-07-05,STR-003,PRD-1003,Sona Masoori Rice 5kg,4,380,1520,TXN-149866
SAL-52068,2026-07-05,STR-003,PRD-1056,Winkies Chocolate Swiss Roll 100g,5,30,150,TXN-100561
SAL-52069,2026-07-05,STR-003,PRD-1090,Bovonto Grape Soft Drink 1.5L,11,65,715,TXN-880931
SAL-52070,2026-07-05,STR-001,PRD-1082,Haldiram Khatta Meetha Mix 200g,3,65,195,TXN-399176
SAL-52071,2026-07-05,STR-002,PRD-1169,Parachute Advansed Jasmine Hair Oil 200ml,3,105,315,TXN-735984
SAL-52072,2026-07-05,STR-003,PRD-1142,Seedless Black Grapes 500g,1,80,80,TXN-293818
SAL-52073,2026-07-05,STR-002,PRD-1135,Baking Soda 100g,12,25,300,TXN-615151
SAL-52074,2026-07-05,STR-002,PRD-1154,Green Capsicum 500g,1,45,45,TXN-114325
SAL-52075,2026-07-05,STR-002,PRD-1193,Matchbox Homelites Safety Matches (10-Box),3,30,90,TXN-478083
SAL-52076,2026-07-05,STR-002,PRD-1097,3 Roses Dust Tea 250g,6,160,960,TXN-478939
SAL-52077,2026-07-05,STR-001,PRD-1040,Milky Mist Thick Curd 1kg Bucket,1,90,90,TXN-717518
SAL-52078,2026-07-05,STR-002,PRD-1158,Ginger 250g,3,40,120,TXN-489642
SAL-52079,2026-07-05,STR-001,PRD-1059,Parle-G Glucose Biscuit 250g,4,30,120,TXN-389351
SAL-52080,2026-07-05,STR-002,PRD-1051,Modern Whole Wheat Bread 400g,2,48,96,TXN-502704
SAL-52081,2026-07-05,STR-003,PRD-1156,Fresh Mint Leaves 100g,1,12,12,TXN-211532
SAL-52082,2026-07-05,STR-003,PRD-1129,Aachi Lime Pickle 300g,1,65,65,TXN-878659
SAL-52083,2026-07-05,STR-002,PRD-1072,Unibic Assorted Cookies 75g,1,45,45,TXN-143032
SAL-52084,2026-07-05,STR-003,PRD-1040,Milky Mist Thick Curd 1kg Bucket,1,90,90,TXN-786141
SAL-52085,2026-07-05,STR-001,PRD-1069,Parle Krackjack Sweet & Salty 200g,6,30,180,TXN-302299
SAL-52086,2026-07-05,STR-001,PRD-1103,Narasus Pure Filter Coffee 200g,3,120,360,TXN-203428
SAL-52087,2026-07-05,STR-002,PRD-1015,Chana Dal 1kg,7,115,805,TXN-673129
SAL-52088,2026-07-05,STR-003,PRD-1048,Amul Fresh Condensed Milk 400g,1,130,130,TXN-416120
SAL-52089,2026-07-06,STR-001,PRD-1171,Gillette Guard Razor 1-Pack,8,25,200,TXN-320172
SAL-52090,2026-07-06,STR-002,PRD-1073,Haldiram Nagpur Aloo Bhujia 200g,5,60,300,TXN-101467
SAL-52091,2026-07-06,STR-002,PRD-1192,Freshwrap Aluminum Foil 18m Roll,1,175,175,TXN-763416
SAL-52092,2026-07-06,STR-001,PRD-1056,Winkies Chocolate Swiss Roll 100g,12,30,360,TXN-487040
SAL-52093,2026-07-06,STR-003,PRD-1016,Urad Dal Black Whole 1kg,1,155,155,TXN-839730
SAL-52094,2026-07-06,STR-003,PRD-1046,Cavins Milkshake Strawberry 200ml,6,40,240,TXN-376864
SAL-52095,2026-07-06,STR-003,PRD-1069,Parle Krackjack Sweet & Salty 200g,6,30,180,TXN-528178
SAL-52096,2026-07-06,STR-001,PRD-1151,Hybrid Tomato 1kg,4,40,160,TXN-409220
SAL-52097,2026-07-06,STR-002,PRD-1198,Garbage Bags Black Medium 30 Sheets,4,90,360,TXN-160045
SAL-52098,2026-07-06,STR-002,PRD-1091,7Up Nimbooz 350ml,4,25,100,TXN-110913
SAL-52099,2026-07-06,STR-003,PRD-1201,Himalaya Gentle Baby Soap 75g (3-Pack),5,135,675,TXN-329931
SAL-52100,2026-07-06,STR-002,PRD-1125,Aachi Biryani Masala 100g,6,45,270,TXN-393276
SAL-52101,2026-07-06,STR-001,PRD-1132,Sundrop Peanut Butter Crunchy 500g,3,195,585,TXN-116398
SAL-52102,2026-07-06,STR-003,PRD-1161,Mysore Sandal Soap 125g,6,55,330,TXN-915987
SAL-52103,2026-07-06,STR-001,PRD-1043,Milky Mist Paneer 200g,3,115,345,TXN-711593
SAL-52104,2026-07-06,STR-002,PRD-1025,Gold Winner Sunflower Oil 1L,15,145,2175,TXN-785584
SAL-52105,2026-07-06,STR-001,PRD-1174,Vaseline Total Moisture Body Lotion 200ml,3,215,645,TXN-756649
SAL-52106,2026-07-06,STR-002,PRD-1151,Hybrid Tomato 1kg,3,40,120,TXN-677637
SAL-52107,2026-07-06,STR-003,PRD-1188,Good Knight Gold Flash Machine + Refill,7,130,910,TXN-563664
SAL-52108,2026-07-06,STR-002,PRD-1181,Comfort After Wash Fabric Conditioner 860ml,4,235,940,TXN-381850
SAL-52109,2026-07-06,STR-001,PRD-1009,Raw Rice 5kg,3,320,960,TXN-760393
SAL-52110,2026-07-06,STR-003,PRD-1060,Britannia Bourbon Chocolate Biscuit 150g,19,35,665,TXN-889470
SAL-52111,2026-07-06,STR-001,PRD-1099,Red Label Natural Care Tea 250g,5,170,850,TXN-567723
SAL-52112,2026-07-06,STR-002,PRD-1047,Milky Mist Fresh Cream 200ml,2,70,140,TXN-861566
SAL-52113,2026-07-06,STR-003,PRD-1104,Cothas Coffee Chicory Blend 500g,1,220,220,TXN-255539
SAL-52114,2026-07-06,STR-002,PRD-1017,Urad Dal White Split 1kg,9,160,1440,TXN-198242
SAL-52115,2026-07-06,STR-003,PRD-1203,Johnson's Baby Hair Oil 100ml,3,120,360,TXN-581705
SAL-52116,2026-07-06,STR-001,PRD-1023,Horse Gram (Kollu) 500g,6,60,360,TXN-284665
SAL-52117,2026-07-06,STR-001,PRD-1069,Parle Krackjack Sweet & Salty 200g,3,30,90,TXN-614345
SAL-52118,2026-07-06,STR-003,PRD-1143,Ripe Papaya 1kg,9,50,450,TXN-289170
SAL-52119,2026-07-06,STR-002,PRD-1178,Lizol Disinfectant Floor Cleaner Citrus 1L,3,215,645,TXN-122069
SAL-52120,2026-07-06,STR-001,PRD-1192,Freshwrap Aluminum Foil 18m Roll,1,175,175,TXN-286367
SAL-52121,2026-07-06,STR-001,PRD-1185,Scotch-Brite Scrub Pad Large (3-Pack),20,45,900,TXN-820756
SAL-52122,2026-07-06,STR-003,PRD-1027,Fortune Sunlite Sunflower Oil 1L,1,140,140,TXN-175548
SAL-52123,2026-07-06,STR-002,PRD-1060,Britannia Bourbon Chocolate Biscuit 150g,19,35,665,TXN-577127
SAL-52124,2026-07-06,STR-001,PRD-1158,Ginger 250g,3,40,120,TXN-522056
SAL-52125,2026-07-06,STR-003,PRD-1138,Knorr Dark Soy Sauce 200ml,6,70,420,TXN-947241
SAL-52126,2026-07-06,STR-002,PRD-1202,Johnson's Baby Powder 200g,2,190,380,TXN-204574
SAL-52127,2026-07-06,STR-003,PRD-1140,Robusta Bananas 1kg,18,45,810,TXN-121722
SAL-52128,2026-07-06,STR-003,PRD-1144,Pomegranate Kabuli 1kg,6,210,1260,TXN-114210
SAL-52129,2026-07-06,STR-002,PRD-1098,Tata Tea Gold 500g,6,290,1740,TXN-775788
SAL-52130,2026-07-06,STR-001,PRD-1075,Lays Classic Salted Potato Chips 50g,25,20,500,TXN-238599
SAL-52131,2026-07-06,STR-001,PRD-1067,Britannia NutriChoice Digestive 250g,10,65,650,TXN-187656
SAL-52132,2026-07-06,STR-002,PRD-1002,Ponni Boiled Rice 10kg,2,680,1360,TXN-757860
SAL-52133,2026-07-06,STR-002,PRD-1058,Pav Bun 6-Pack,2,35,70,TXN-930892
SAL-52134,2026-07-06,STR-001,PRD-1206,Sebamed Baby Protective Facial Cream 50ml,9,780,7020,TXN-930116
SAL-52135,2026-07-06,STR-002,PRD-1004,Aashirvaad Shuddha Chakki Atta 5kg,3,245,735,TXN-841821
SAL-52136,2026-07-06,STR-002,PRD-1164,Colgate Strong Teeth Toothpaste 150g,1,95,95,TXN-245993
SAL-52137,2026-07-06,STR-001,PRD-1189,Odonil Room Air Freshener Spray Citrus 220ml,3,160,480,TXN-690192
SAL-52138,2026-07-06,STR-001,PRD-1094,Red Bull Energy Drink 250ml,6,125,750,TXN-955076
SAL-52139,2026-07-06,STR-003,PRD-1109,Bournvita Chocolate Health Drink 500g,2,240,480,TXN-447871
SAL-52140,2026-07-06,STR-001,PRD-1080,Murukku Traditional 250g,3,80,240,TXN-355652
SAL-52141,2026-07-06,STR-002,PRD-1107,Horlicks Classic Malt 500g Jar,3,245,735,TXN-825657
SAL-52142,2026-07-06,STR-001,PRD-1097,3 Roses Dust Tea 250g,2,160,320,TXN-670019
SAL-52143,2026-07-06,STR-001,PRD-1199,Pampers Baby Wipes Gentle 72 Sheets,7,185,1295,TXN-964996
SAL-52144,2026-07-06,STR-002,PRD-1043,Milky Mist Paneer 200g,2,115,230,TXN-671098
SAL-52145,2026-07-06,STR-002,PRD-1062,Britannia Marie Gold 300g,4,40,160,TXN-636391
SAL-52146,2026-07-06,STR-002,PRD-1081,Ribbon Pakoda 200g,8,75,600,TXN-535457
SAL-52147,2026-07-06,STR-002,PRD-1086,Tropicana 100% Orange Juice 1L,1,145,145,TXN-335208
SAL-52148,2026-07-06,STR-001,PRD-1015,Chana Dal 1kg,12,115,1380,TXN-787199
SAL-52149,2026-07-06,STR-001,PRD-1054,Garlic Butter Toast 150g,4,40,160,TXN-817663
SAL-52150,2026-07-06,STR-003,PRD-1100,Chakra Gold Tea 250g,9,150,1350,TXN-849575
SAL-52151,2026-07-06,STR-003,PRD-1048,Amul Fresh Condensed Milk 400g,1,130,130,TXN-217869
SAL-52152,2026-07-06,STR-003,PRD-1097,3 Roses Dust Tea 250g,5,160,800,TXN-215485
SAL-52153,2026-07-06,STR-002,PRD-1019,Green Gram Whole 1kg,3,130,390,TXN-395503
SAL-52154,2026-07-06,STR-001,PRD-1090,Bovonto Grape Soft Drink 1.5L,13,65,845,TXN-745604
SAL-52155,2026-07-07,STR-002,PRD-1120,Knorr Thick Tomato Soup 53g,1,40,40,TXN-240082
SAL-52156,2026-07-07,STR-002,PRD-1043,Milky Mist Paneer 200g,7,115,805,TXN-162471
SAL-52157,2026-07-07,STR-002,PRD-1130,Nutella Hazelnut Spread 350g Jar,30,380,11400,TXN-478387
SAL-52158,2026-07-07,STR-002,PRD-1031,Sundrop SuperLite Oil 1L,4,165,660,TXN-916470
SAL-52159,2026-07-07,STR-003,PRD-1016,Urad Dal Black Whole 1kg,1,155,155,TXN-409012
SAL-52160,2026-07-07,STR-001,PRD-1055,Britannia Gobbles Marble Cake 110g,13,35,455,TXN-975825
SAL-52161,2026-07-07,STR-001,PRD-1065,Britannia Good Day Butter 200g,16,45,720,TXN-541531
SAL-52162,2026-07-07,STR-002,PRD-1154,Green Capsicum 500g,2,45,90,TXN-968034
SAL-52163,2026-07-07,STR-002,PRD-1191,Eveready Red AA Batteries (4-Pack),1,60,60,TXN-883281
SAL-52164,2026-07-07,STR-001,PRD-1121,MTR Ready to Eat Paneer Butter Masala 300g,1,140,140,TXN-829578
SAL-52165,2026-07-07,STR-002,PRD-1153,Ladies Finger (Bhindi) 500g,2,30,60,TXN-545339
SAL-52166,2026-07-07,STR-003,PRD-1054,Garlic Butter Toast 150g,3,40,120,TXN-835473
SAL-52167,2026-07-07,STR-001,PRD-1109,Bournvita Chocolate Health Drink 500g,2,240,480,TXN-709859
SAL-52168,2026-07-07,STR-003,PRD-1103,Narasus Pure Filter Coffee 200g,2,120,240,TXN-978116
SAL-52169,2026-07-07,STR-003,PRD-1125,Aachi Biryani Masala 100g,7,45,315,TXN-265856
SAL-52170,2026-07-07,STR-002,PRD-1038,Aavin Full Cream Milk 500ml,2,30,60,TXN-482986
SAL-52171,2026-07-07,STR-001,PRD-1098,Tata Tea Gold 500g,4,290,1160,TXN-356949
SAL-52172,2026-07-07,STR-001,PRD-1180,Rin Detergent Bar 250g (4-Pack),10,60,600,TXN-696831
SAL-52173,2026-07-07,STR-001,PRD-1133,Hershey's Chocolate Syrup 623g,14,230,3220,TXN-536726
SAL-52174,2026-07-07,STR-001,PRD-1096,Bisleri Water Bottle 2L,1,30,30,TXN-291285
SAL-52175,2026-07-07,STR-002,PRD-1028,Aavin Pure Ghee 500ml,5,315,1575,TXN-246918
SAL-52176,2026-07-07,STR-001,PRD-1002,Ponni Boiled Rice 10kg,5,680,3400,TXN-832497
SAL-52177,2026-07-07,STR-002,PRD-1054,Garlic Butter Toast 150g,7,40,280,TXN-593024
SAL-52178,2026-07-07,STR-003,PRD-1053,Sweet Bun 2-Pack,4,20,80,TXN-453723
SAL-52179,2026-07-07,STR-003,PRD-1115,Maggi 2-Minute Masala Noodles 280g (4-Pack),18,56,1008,TXN-776171
SAL-52180,2026-07-07,STR-001,PRD-1054,Garlic Butter Toast 150g,6,40,240,TXN-400699
SAL-52181,2026-07-07,STR-003,PRD-1140,Robusta Bananas 1kg,13,45,585,TXN-162915
SAL-52182,2026-07-07,STR-001,PRD-1161,Mysore Sandal Soap 125g,6,55,330,TXN-133679
SAL-52183,2026-07-07,STR-002,PRD-1172,Dabur Red Toothpowder 100g,5,45,225,TXN-282012
SAL-52184,2026-07-07,STR-001,PRD-1025,Gold Winner Sunflower Oil 1L,13,145,1885,TXN-111395
SAL-52185,2026-07-07,STR-002,PRD-1041,Amul Pasteurised Butter 100g,3,58,174,TXN-544198
SAL-52186,2026-07-07,STR-001,PRD-1208,Mee Mee Baby Laundry Detergent 1L,1,380,380,TXN-576364
SAL-52187,2026-07-07,STR-001,PRD-1154,Green Capsicum 500g,2,45,90,TXN-969812
SAL-52188,2026-07-07,STR-001,PRD-1101,BRU Instant Coffee 100g Glass Jar,3,185,555,TXN-699853
SAL-52189,2026-07-07,STR-001,PRD-1053,Sweet Bun 2-Pack,6,20,120,TXN-843810
SAL-52190,2026-07-07,STR-002,PRD-1033,V.V.D Gold Coconut Oil 500ml,2,185,370,TXN-264417
SAL-52191,2026-07-07,STR-003,PRD-1116,Sunfeast Yippee Magic Masala Noodles 240g,4,48,192,TXN-196402
SAL-52192,2026-07-07,STR-003,PRD-1046,Cavins Milkshake Strawberry 200ml,4,40,160,TXN-231211
SAL-52193,2026-07-07,STR-001,PRD-1139,Fresh Shimla Apples 1kg,2,180,360,TXN-511346
SAL-52194,2026-07-07,STR-002,PRD-1127,Kissan Fresh Tomato Ketchup 950g,2,135,270,TXN-882233
SAL-52195,2026-07-07,STR-002,PRD-1115,Maggi 2-Minute Masala Noodles 280g (4-Pack),17,56,952,TXN-734475
SAL-52196,2026-07-07,STR-002,PRD-1178,Lizol Disinfectant Floor Cleaner Citrus 1L,4,215,860,TXN-956223
SAL-52197,2026-07-07,STR-001,PRD-1153,Ladies Finger (Bhindi) 500g,6,30,180,TXN-600607
SAL-52198,2026-07-07,STR-002,PRD-1173,Himalaya Purifying Neem Face Wash 100ml,2,140,280,TXN-773071
SAL-52199,2026-07-07,STR-002,PRD-1149,Fresh Red Onion 1kg,2,35,70,TXN-498951
SAL-52200,2026-07-07,STR-002,PRD-1050,Britannia 100% Whole Wheat Bread 400g,13,50,650,TXN-942362
SAL-52201,2026-07-07,STR-001,PRD-1089,Sprite Lemon-Lime 750ml,7,40,280,TXN-544828
SAL-52202,2026-07-07,STR-002,PRD-1138,Knorr Dark Soy Sauce 200ml,1,70,70,TXN-213666
SAL-52203,2026-07-07,STR-001,PRD-1151,Hybrid Tomato 1kg,1,40,40,TXN-480320
SAL-52204,2026-07-07,STR-001,PRD-1198,Garbage Bags Black Medium 30 Sheets,6,90,540,TXN-987734
SAL-52205,2026-07-07,STR-002,PRD-1179,Colin Glass Cleaner Spray 500ml,6,105,630,TXN-351165
SAL-52206,2026-07-07,STR-001,PRD-1194,Mangaldeep Sandal Agarbatti 100g,2,50,100,TXN-667875
SAL-52207,2026-07-07,STR-002,PRD-1192,Freshwrap Aluminum Foil 18m Roll,1,175,175,TXN-322203
SAL-52208,2026-07-07,STR-003,PRD-1177,Harpic Power Plus Toilet Cleaner 500ml,11,95,1045,TXN-893270
SAL-52209,2026-07-07,STR-001,PRD-1192,Freshwrap Aluminum Foil 18m Roll,1,175,175,TXN-296863
SAL-52210,2026-07-07,STR-002,PRD-1193,Matchbox Homelites Safety Matches (10-Box),5,30,150,TXN-769399
SAL-52211,2026-07-07,STR-002,PRD-1083,Doritos Nacho Cheese Chips 60g,6,30,180,TXN-352009
SAL-52212,2026-07-07,STR-003,PRD-1138,Knorr Dark Soy Sauce 200ml,4,70,280,TXN-697817
SAL-52213,2026-07-07,STR-001,PRD-1031,Sundrop SuperLite Oil 1L,5,165,825,TXN-691123
SAL-52214,2026-07-07,STR-001,PRD-1152,Ooty Carrot 500g,9,35,315,TXN-607308
SAL-52215,2026-07-07,STR-003,PRD-1189,Odonil Room Air Freshener Spray Citrus 220ml,2,160,320,TXN-429861
SAL-52216,2026-07-07,STR-002,PRD-1032,Parachute Coconut Oil 500ml,2,190,380,TXN-888193
SAL-52217,2026-07-07,STR-001,PRD-1085,Paper Boat Mango Juice 250ml,12,35,420,TXN-517476
SAL-52218,2026-07-07,STR-003,PRD-1130,Nutella Hazelnut Spread 350g Jar,19,380,7220,TXN-429748
SAL-52219,2026-07-07,STR-001,PRD-1074,Lays Magic Masala Potato Chips 50g,7,20,140,TXN-860939
SAL-52220,2026-07-07,STR-001,PRD-1007,Saffola Masala Oats 500g,2,175,350,TXN-235808
SAL-52221,2026-07-07,STR-001,PRD-1131,Dabur 100% Pure Honey 250g,1,135,135,TXN-527070
SAL-52222,2026-07-08,STR-002,PRD-1181,Comfort After Wash Fabric Conditioner 860ml,5,235,1175,TXN-754974
SAL-52223,2026-07-08,STR-002,PRD-1037,Aavin Toned Milk 500ml Pouch,6,24,144,TXN-491835
SAL-52224,2026-07-08,STR-001,PRD-1181,Comfort After Wash Fabric Conditioner 860ml,2,235,470,TXN-533265
SAL-52225,2026-07-08,STR-003,PRD-1054,Garlic Butter Toast 150g,3,40,120,TXN-375594
SAL-52226,2026-07-08,STR-003,PRD-1009,Raw Rice 5kg,3,320,960,TXN-815711
SAL-52227,2026-07-08,STR-001,PRD-1138,Knorr Dark Soy Sauce 200ml,1,70,70,TXN-775143
SAL-52228,2026-07-08,STR-001,PRD-1172,Dabur Red Toothpowder 100g,2,45,90,TXN-928994
SAL-52229,2026-07-08,STR-001,PRD-1059,Parle-G Glucose Biscuit 250g,4,30,120,TXN-265890
SAL-52230,2026-07-08,STR-002,PRD-1055,Britannia Gobbles Marble Cake 110g,23,35,805,TXN-995304
SAL-52231,2026-07-08,STR-001,PRD-1167,Dove Cream Beauty Bathing Bar 125g,3,75,225,TXN-507081
SAL-52232,2026-07-08,STR-001,PRD-1029,Hatsun Pure Cow Ghee 500ml,7,330,2310,TXN-801655
SAL-52233,2026-07-08,STR-002,PRD-1034,Dhara Mustard Oil 1L,4,155,620,TXN-588508
SAL-52234,2026-07-08,STR-001,PRD-1084,Pringles Sour Cream & Onion 107g,2,115,230,TXN-661109
SAL-52235,2026-07-08,STR-001,PRD-1078,Hot & Crispy Banana Chips 250g,13,90,1170,TXN-587433
SAL-52236,2026-07-08,STR-003,PRD-1051,Modern Whole Wheat Bread 400g,3,48,144,TXN-289030
SAL-52237,2026-07-08,STR-003,PRD-1058,Pav Bun 6-Pack,5,35,175,TXN-516226
SAL-52238,2026-07-08,STR-003,PRD-1180,Rin Detergent Bar 250g (4-Pack),16,60,960,TXN-309160
SAL-52239,2026-07-08,STR-001,PRD-1186,Pitambari Shining Powder 200g,3,40,120,TXN-167603
SAL-52240,2026-07-08,STR-002,PRD-1188,Good Knight Gold Flash Machine + Refill,6,130,780,TXN-733727
SAL-52241,2026-07-08,STR-002,PRD-1123,Top Ramen Curry Noodles 280g,4,55,220,TXN-836405
SAL-52242,2026-07-08,STR-002,PRD-1161,Mysore Sandal Soap 125g,6,55,330,TXN-219879
SAL-52243,2026-07-08,STR-001,PRD-1048,Amul Fresh Condensed Milk 400g,1,130,130,TXN-140141
SAL-52244,2026-07-08,STR-003,PRD-1122,Maggi Cuppa Masala Noodles 70g,13,50,650,TXN-592796
SAL-52245,2026-07-08,STR-001,PRD-1130,Nutella Hazelnut Spread 350g Jar,11,380,4180,TXN-323839
SAL-52246,2026-07-08,STR-002,PRD-1155,Coriander Leaves 100g Bundle,9,15,135,TXN-132844
SAL-52247,2026-07-08,STR-001,PRD-1015,Chana Dal 1kg,28,115,3220,TXN-911813
SAL-52248,2026-07-08,STR-003,PRD-1139,Fresh Shimla Apples 1kg,3,180,540,TXN-947808
SAL-52249,2026-07-08,STR-003,PRD-1086,Tropicana 100% Orange Juice 1L,4,145,580,TXN-551002
SAL-52250,2026-07-08,STR-003,PRD-1075,Lays Classic Salted Potato Chips 50g,29,20,580,TXN-323787
SAL-52251,2026-07-08,STR-003,PRD-1055,Britannia Gobbles Marble Cake 110g,24,35,840,TXN-816881
SAL-52252,2026-07-08,STR-001,PRD-1204,MamyPoko Pants Standard Diaper Medium 34s,2,450,900,TXN-364315
SAL-52253,2026-07-08,STR-002,PRD-1179,Colin Glass Cleaner Spray 500ml,8,105,840,TXN-187651
SAL-52254,2026-07-08,STR-003,PRD-1035,Saffola Gold Edible Oil 1L,2,195,390,TXN-387210
SAL-52255,2026-07-08,STR-002,PRD-1006,Quaker Oats 1kg,2,195,390,TXN-412828
SAL-52256,2026-07-08,STR-002,PRD-1052,Britannia Fruit Bun 150g,4,25,100,TXN-573349
SAL-52257,2026-07-08,STR-003,PRD-1111,Pediasure Chocolate 400g Jar,16,620,9920,TXN-650269
SAL-52258,2026-07-08,STR-001,PRD-1197,Tissue Paper Napkins 100 Sheets,4,40,160,TXN-372050
SAL-52259,2026-07-08,STR-002,PRD-1032,Parachute Coconut Oil 500ml,1,190,190,TXN-156352
SAL-52260,2026-07-08,STR-003,PRD-1179,Colin Glass Cleaner Spray 500ml,4,105,420,TXN-549350
SAL-52261,2026-07-08,STR-003,PRD-1034,Dhara Mustard Oil 1L,11,155,1705,TXN-889762
SAL-52262,2026-07-08,STR-001,PRD-1164,Colgate Strong Teeth Toothpaste 150g,1,95,95,TXN-308252
SAL-52263,2026-07-08,STR-002,PRD-1113,Ensure Diabetes Care Vanilla 400g,3,690,2070,TXN-539459
SAL-52264,2026-07-08,STR-003,PRD-1061,Sunfeast Dark Fantasy Choco Fills 300g,4,150,600,TXN-661519
SAL-52265,2026-07-08,STR-001,PRD-1107,Horlicks Classic Malt 500g Jar,4,245,980,TXN-268494
SAL-52266,2026-07-08,STR-002,PRD-1025,Gold Winner Sunflower Oil 1L,25,145,3625,TXN-558001
SAL-52267,2026-07-08,STR-002,PRD-1101,BRU Instant Coffee 100g Glass Jar,3,185,555,TXN-826559
SAL-52268,2026-07-08,STR-003,PRD-1207,Pigeon Baby Feeding Bottle 250ml,2,220,440,TXN-962994
SAL-52269,2026-07-08,STR-002,PRD-1127,Kissan Fresh Tomato Ketchup 950g,3,135,405,TXN-181588
SAL-52270,2026-07-08,STR-001,PRD-1033,V.V.D Gold Coconut Oil 500ml,6,185,1110,TXN-706590
SAL-52271,2026-07-08,STR-002,PRD-1026,Idhayam Sesame/Gingelly Oil 1L,5,320,1600,TXN-439458
SAL-52272,2026-07-08,STR-002,PRD-1065,Britannia Good Day Butter 200g,14,45,630,TXN-963506
SAL-52273,2026-07-08,STR-001,PRD-1166,Pears Soft & Fresh Soap 125g,16,65,1040,TXN-878920
SAL-52274,2026-07-08,STR-003,PRD-1093,Frooti Mango Drink 1L,7,65,455,TXN-868738
SAL-52275,2026-07-08,STR-003,PRD-1170,Nivea Soft Light Moisturiser 100ml,6,195,1170,TXN-257817
SAL-52276,2026-07-08,STR-001,PRD-1093,Frooti Mango Drink 1L,8,65,520,TXN-254650
SAL-52277,2026-07-08,STR-002,PRD-1159,Garlic 250g,2,60,120,TXN-431777
SAL-52278,2026-07-08,STR-002,PRD-1051,Modern Whole Wheat Bread 400g,2,48,96,TXN-806682
SAL-52279,2026-07-08,STR-002,PRD-1045,Aavin Flavoured Milk Chocolate 200ml,10,30,300,TXN-645984
SAL-52280,2026-07-08,STR-001,PRD-1205,Himalaya Baby Lotion 200ml,19,175,3325,TXN-572445
SAL-52281,2026-07-08,STR-003,PRD-1175,Vim Dishwash Gel Lemon 500ml,28,115,3220,TXN-998909
SAL-52282,2026-07-08,STR-003,PRD-1103,Narasus Pure Filter Coffee 200g,2,120,240,TXN-571155
SAL-52283,2026-07-08,STR-003,PRD-1144,Pomegranate Kabuli 1kg,12,210,2520,TXN-706472
SAL-52284,2026-07-08,STR-002,PRD-1147,Watermelon Kiran 1 Unit (~3kg),2,90,180,TXN-329242
SAL-52285,2026-07-08,STR-002,PRD-1047,Milky Mist Fresh Cream 200ml,3,70,210,TXN-296772
SAL-52286,2026-07-08,STR-001,PRD-1159,Garlic 250g,4,60,240,TXN-672612
SAL-52287,2026-07-08,STR-002,PRD-1132,Sundrop Peanut Butter Crunchy 500g,3,195,585,TXN-730134
SAL-52288,2026-07-09,STR-002,PRD-1136,Ching's Secret Dark Soy Sauce 210g,1,65,65,TXN-928909
SAL-52289,2026-07-09,STR-002,PRD-1078,Hot & Crispy Banana Chips 250g,11,90,990,TXN-956379
SAL-52290,2026-07-09,STR-003,PRD-1125,Aachi Biryani Masala 100g,6,45,270,TXN-877252
SAL-52291,2026-07-09,STR-001,PRD-1076,Kurkure Masala Munch 85g,5,20,100,TXN-451367
SAL-52292,2026-07-09,STR-002,PRD-1069,Parle Krackjack Sweet & Salty 200g,2,30,60,TXN-699982
SAL-52293,2026-07-09,STR-003,PRD-1207,Pigeon Baby Feeding Bottle 250ml,3,220,660,TXN-353578
SAL-52294,2026-07-09,STR-001,PRD-1006,Quaker Oats 1kg,4,195,780,TXN-510373
SAL-52295,2026-07-09,STR-003,PRD-1133,Hershey's Chocolate Syrup 623g,9,230,2070,TXN-775738
SAL-52296,2026-07-09,STR-002,PRD-1131,Dabur 100% Pure Honey 250g,1,135,135,TXN-705923
SAL-52297,2026-07-09,STR-003,PRD-1006,Quaker Oats 1kg,3,195,585,TXN-767181
SAL-52298,2026-07-09,STR-002,PRD-1109,Bournvita Chocolate Health Drink 500g,2,240,480,TXN-863481
SAL-52299,2026-07-09,STR-001,PRD-1111,Pediasure Chocolate 400g Jar,7,620,4340,TXN-433578
SAL-52300,2026-07-09,STR-001,PRD-1181,Comfort After Wash Fabric Conditioner 860ml,4,235,940,TXN-558648
SAL-52301,2026-07-09,STR-003,PRD-1045,Aavin Flavoured Milk Chocolate 200ml,9,30,270,TXN-844515
SAL-52302,2026-07-09,STR-001,PRD-1180,Rin Detergent Bar 250g (4-Pack),24,60,1440,TXN-628751
SAL-52303,2026-07-09,STR-002,PRD-1164,Colgate Strong Teeth Toothpaste 150g,1,95,95,TXN-704958
SAL-52304,2026-07-09,STR-002,PRD-1149,Fresh Red Onion 1kg,3,35,105,TXN-983981
SAL-52305,2026-07-09,STR-001,PRD-1148,Kiwi Fruit 3-Pack,2,120,240,TXN-372871
SAL-52306,2026-07-09,STR-001,PRD-1127,Kissan Fresh Tomato Ketchup 950g,3,135,405,TXN-266779
SAL-52307,2026-07-09,STR-002,PRD-1195,Cycle Pure Agarbatti Three in One 250g,19,95,1805,TXN-313660
SAL-52308,2026-07-09,STR-003,PRD-1153,Ladies Finger (Bhindi) 500g,2,30,60,TXN-126885
SAL-52309,2026-07-09,STR-002,PRD-1188,Good Knight Gold Flash Machine + Refill,7,130,910,TXN-759443
SAL-52310,2026-07-09,STR-002,PRD-1121,MTR Ready to Eat Paneer Butter Masala 300g,7,140,980,TXN-260483
SAL-52311,2026-07-09,STR-003,PRD-1041,Amul Pasteurised Butter 100g,1,58,58,TXN-841947
SAL-52312,2026-07-09,STR-001,PRD-1064,Britannia Good Day Cashew 200g,1,50,50,TXN-182598
SAL-52313,2026-07-09,STR-002,PRD-1165,Sensodyne Rapid Relief Toothpaste 80g,15,170,2550,TXN-126518
SAL-52314,2026-07-09,STR-002,PRD-1154,Green Capsicum 500g,3,45,135,TXN-236889
SAL-52315,2026-07-09,STR-001,PRD-1135,Baking Soda 100g,18,25,450,TXN-765282
SAL-52316,2026-07-09,STR-002,PRD-1064,Britannia Good Day Cashew 200g,1,50,50,TXN-475517
SAL-52317,2026-07-09,STR-002,PRD-1199,Pampers Baby Wipes Gentle 72 Sheets,8,185,1480,TXN-784219
SAL-52318,2026-07-09,STR-002,PRD-1059,Parle-G Glucose Biscuit 250g,5,30,150,TXN-411345
SAL-52319,2026-07-09,STR-003,PRD-1137,Del Monte Whole Corn Canned 415g,4,95,380,TXN-946302
SAL-52320,2026-07-09,STR-001,PRD-1103,Narasus Pure Filter Coffee 200g,3,120,360,TXN-907814
SAL-52321,2026-07-09,STR-003,PRD-1157,Green Chilli 250g,1,20,20,TXN-186993
SAL-52322,2026-07-09,STR-003,PRD-1102,Nescafe Classic Instant Coffee 50g,5,160,800,TXN-757916
SAL-52323,2026-07-09,STR-002,PRD-1036,Deepam Lamp Oil 1L,2,110,220,TXN-707497
SAL-52324,2026-07-09,STR-002,PRD-1032,Parachute Coconut Oil 500ml,2,190,380,TXN-216320
SAL-52325,2026-07-09,STR-002,PRD-1038,Aavin Full Cream Milk 500ml,3,30,90,TXN-724840
SAL-52326,2026-07-09,STR-001,PRD-1033,V.V.D Gold Coconut Oil 500ml,3,185,555,TXN-248725
SAL-52327,2026-07-09,STR-002,PRD-1148,Kiwi Fruit 3-Pack,2,120,240,TXN-289401
SAL-52328,2026-07-09,STR-001,PRD-1179,Colin Glass Cleaner Spray 500ml,3,105,315,TXN-618253
SAL-52329,2026-07-09,STR-001,PRD-1037,Aavin Toned Milk 500ml Pouch,3,24,72,TXN-205561
SAL-52330,2026-07-09,STR-001,PRD-1160,Curry Leaves 50g Bundle,1,10,10,TXN-123023
SAL-52331,2026-07-09,STR-002,PRD-1181,Comfort After Wash Fabric Conditioner 860ml,5,235,1175,TXN-610150
SAL-52332,2026-07-09,STR-003,PRD-1012,Maida Flour 1kg,16,55,880,TXN-180019
SAL-52333,2026-07-09,STR-003,PRD-1104,Cothas Coffee Chicory Blend 500g,1,220,220,TXN-540304
SAL-52334,2026-07-09,STR-003,PRD-1151,Hybrid Tomato 1kg,3,40,120,TXN-428817
SAL-52335,2026-07-09,STR-003,PRD-1076,Kurkure Masala Munch 85g,3,20,60,TXN-572780
SAL-52336,2026-07-09,STR-001,PRD-1081,Ribbon Pakoda 200g,5,75,375,TXN-288540
SAL-52337,2026-07-09,STR-001,PRD-1164,Colgate Strong Teeth Toothpaste 150g,1,95,95,TXN-287356
SAL-52338,2026-07-09,STR-003,PRD-1198,Garbage Bags Black Medium 30 Sheets,3,90,270,TXN-761875
SAL-52339,2026-07-09,STR-001,PRD-1042,Amul Cheese Slices 200g,2,140,280,TXN-132978
SAL-52340,2026-07-09,STR-001,PRD-1071,Britannia Milk Bikis 200g,3,35,105,TXN-459462
SAL-52341,2026-07-09,STR-001,PRD-1169,Parachute Advansed Jasmine Hair Oil 200ml,7,105,735,TXN-607417
SAL-52342,2026-07-09,STR-003,PRD-1126,Eastern Chicken Masala 100g,4,42,168,TXN-729138
SAL-52343,2026-07-09,STR-002,PRD-1167,Dove Cream Beauty Bathing Bar 125g,2,75,150,TXN-266082
SAL-52344,2026-07-09,STR-001,PRD-1149,Fresh Red Onion 1kg,2,35,70,TXN-366863
SAL-52345,2026-07-09,STR-001,PRD-1143,Ripe Papaya 1kg,10,50,500,TXN-302212
SAL-52346,2026-07-09,STR-003,PRD-1003,Sona Masoori Rice 5kg,6,380,2280,TXN-661988
SAL-52347,2026-07-09,STR-002,PRD-1135,Baking Soda 100g,8,25,200,TXN-636603
SAL-52348,2026-07-09,STR-002,PRD-1081,Ribbon Pakoda 200g,7,75,525,TXN-326813
SAL-52349,2026-07-09,STR-003,PRD-1182,Exo Touch & Shine Dishwash Bar 250g,4,30,120,TXN-220364
SAL-52350,2026-07-09,STR-001,PRD-1097,3 Roses Dust Tea 250g,4,160,640,TXN-130930
SAL-52351,2026-07-09,STR-003,PRD-1095,Kinley Packaged Drinking Water 1L,10,20,200,TXN-330436
SAL-52352,2026-07-09,STR-003,PRD-1149,Fresh Red Onion 1kg,1,35,35,TXN-825196
SAL-52353,2026-07-09,STR-003,PRD-1087,Real Fruit Power Guava Juice 1L,8,130,1040,TXN-380589
SAL-52354,2026-07-09,STR-003,PRD-1002,Ponni Boiled Rice 10kg,2,680,1360,TXN-308915
SAL-52355,2026-07-09,STR-002,PRD-1006,Quaker Oats 1kg,4,195,780,TXN-465484
SAL-52356,2026-07-10,STR-003,PRD-1198,Garbage Bags Black Medium 30 Sheets,2,90,180,TXN-737433
SAL-52357,2026-07-10,STR-002,PRD-1106,Continental Xtra Instant Coffee 200g,8,240,1920,TXN-946648
SAL-52358,2026-07-10,STR-002,PRD-1168,Sunsilk Black Shine Shampoo 180ml,1,125,125,TXN-178458
SAL-52359,2026-07-10,STR-003,PRD-1178,Lizol Disinfectant Floor Cleaner Citrus 1L,5,215,1075,TXN-777663
SAL-52360,2026-07-10,STR-003,PRD-1184,Ariel Matic Front Load Detergent 1kg,1,280,280,TXN-435671
SAL-52361,2026-07-10,STR-002,PRD-1144,Pomegranate Kabuli 1kg,8,210,1680,TXN-152072
SAL-52362,2026-07-10,STR-001,PRD-1070,Hide & Seek Chocolate Chip Biscuits 120g,22,40,880,TXN-622873
SAL-52363,2026-07-10,STR-003,PRD-1090,Bovonto Grape Soft Drink 1.5L,11,65,715,TXN-387745
SAL-52364,2026-07-10,STR-001,PRD-1063,Oreo Vanilla Cream Biscuit 120g,4,35,140,TXN-230120
SAL-52365,2026-07-10,STR-001,PRD-1072,Unibic Assorted Cookies 75g,1,45,45,TXN-730645
SAL-52366,2026-07-10,STR-003,PRD-1101,BRU Instant Coffee 100g Glass Jar,4,185,740,TXN-501455
SAL-52367,2026-07-10,STR-001,PRD-1142,Seedless Black Grapes 500g,3,80,240,TXN-122301
SAL-52368,2026-07-10,STR-001,PRD-1038,Aavin Full Cream Milk 500ml,3,30,90,TXN-774933
SAL-52369,2026-07-10,STR-003,PRD-1112,Women's Horlicks Caramel 400g,1,310,310,TXN-703726
SAL-52370,2026-07-10,STR-002,PRD-1060,Britannia Bourbon Chocolate Biscuit 150g,30,35,1050,TXN-584202
SAL-52371,2026-07-10,STR-003,PRD-1074,Lays Magic Masala Potato Chips 50g,3,20,60,TXN-982526
SAL-52372,2026-07-10,STR-003,PRD-1175,Vim Dishwash Gel Lemon 500ml,28,115,3220,TXN-138805
SAL-52373,2026-07-10,STR-002,PRD-1156,Fresh Mint Leaves 100g,6,12,72,TXN-653138
SAL-52374,2026-07-10,STR-003,PRD-1160,Curry Leaves 50g Bundle,1,10,10,TXN-776096
SAL-52375,2026-07-10,STR-003,PRD-1152,Ooty Carrot 500g,3,35,105,TXN-592718
SAL-52376,2026-07-10,STR-002,PRD-1098,Tata Tea Gold 500g,3,290,870,TXN-941496
SAL-52377,2026-07-10,STR-002,PRD-1115,Maggi 2-Minute Masala Noodles 280g (4-Pack),11,56,616,TXN-415619
SAL-52378,2026-07-10,STR-003,PRD-1039,Hatsun Fresh Curd 500g Pouch,3,35,105,TXN-890303
SAL-52379,2026-07-10,STR-002,PRD-1138,Knorr Dark Soy Sauce 200ml,2,70,140,TXN-183641
SAL-52380,2026-07-10,STR-003,PRD-1154,Green Capsicum 500g,2,45,90,TXN-428387
SAL-52381,2026-07-10,STR-003,PRD-1072,Unibic Assorted Cookies 75g,1,45,45,TXN-149359
SAL-52382,2026-07-10,STR-001,PRD-1204,MamyPoko Pants Standard Diaper Medium 34s,1,450,450,TXN-830288
SAL-52383,2026-07-10,STR-002,PRD-1127,Kissan Fresh Tomato Ketchup 950g,4,135,540,TXN-617300
SAL-52384,2026-07-10,STR-001,PRD-1135,Baking Soda 100g,16,25,400,TXN-227310
SAL-52385,2026-07-10,STR-001,PRD-1024,Black Eyed Beans (Karamani) 500g,1,70,70,TXN-747995
SAL-52386,2026-07-10,STR-001,PRD-1162,Dettol Original Soap 75g (3-Pack),3,105,315,TXN-334896
SAL-52387,2026-07-10,STR-001,PRD-1061,Sunfeast Dark Fantasy Choco Fills 300g,2,150,300,TXN-110901
SAL-52388,2026-07-10,STR-001,PRD-1013,Tata Sampann Toor Dal 1kg,3,165,495,TXN-438542
SAL-52389,2026-07-10,STR-002,PRD-1184,Ariel Matic Front Load Detergent 1kg,1,280,280,TXN-859434
SAL-52390,2026-07-10,STR-003,PRD-1091,7Up Nimbooz 350ml,2,25,50,TXN-278458
SAL-52391,2026-07-10,STR-003,PRD-1147,Watermelon Kiran 1 Unit (~3kg),2,90,180,TXN-859282
SAL-52392,2026-07-10,STR-001,PRD-1106,Continental Xtra Instant Coffee 200g,6,240,1440,TXN-486798
SAL-52393,2026-07-10,STR-002,PRD-1191,Eveready Red AA Batteries (4-Pack),3,60,180,TXN-663670
SAL-52394,2026-07-10,STR-001,PRD-1127,Kissan Fresh Tomato Ketchup 950g,3,135,405,TXN-821673
SAL-52395,2026-07-10,STR-003,PRD-1143,Ripe Papaya 1kg,9,50,450,TXN-372302
SAL-52396,2026-07-10,STR-003,PRD-1011,Seeraga Samba Rice 1kg,3,145,435,TXN-145168
SAL-52397,2026-07-10,STR-001,PRD-1042,Amul Cheese Slices 200g,1,140,140,TXN-419071
SAL-52398,2026-07-10,STR-003,PRD-1065,Britannia Good Day Butter 200g,7,45,315,TXN-445326
SAL-52399,2026-07-10,STR-003,PRD-1116,Sunfeast Yippee Magic Masala Noodles 240g,7,48,336,TXN-930081
SAL-52400,2026-07-10,STR-003,PRD-1067,Britannia NutriChoice Digestive 250g,16,65,1040,TXN-383023
SAL-52401,2026-07-10,STR-002,PRD-1129,Aachi Lime Pickle 300g,3,65,195,TXN-244455
SAL-52402,2026-07-10,STR-001,PRD-1089,Sprite Lemon-Lime 750ml,9,40,360,TXN-225725
SAL-52403,2026-07-10,STR-001,PRD-1078,Hot & Crispy Banana Chips 250g,11,90,990,TXN-991450
SAL-52404,2026-07-10,STR-001,PRD-1134,Weikfield Vanilla Custard Powder 100g,7,45,315,TXN-533370
SAL-52405,2026-07-10,STR-001,PRD-1053,Sweet Bun 2-Pack,7,20,140,TXN-800695
SAL-52406,2026-07-10,STR-002,PRD-1113,Ensure Diabetes Care Vanilla 400g,2,690,1380,TXN-653217
SAL-52407,2026-07-10,STR-001,PRD-1045,Aavin Flavoured Milk Chocolate 200ml,9,30,270,TXN-601142
SAL-52408,2026-07-10,STR-002,PRD-1004,Aashirvaad Shuddha Chakki Atta 5kg,4,245,980,TXN-394169
SAL-52409,2026-07-10,STR-001,PRD-1005,Pillsbury Chakki Fresh Atta 5kg,11,240,2640,TXN-866367
SAL-52410,2026-07-10,STR-003,PRD-1118,MTR Rava Dosa Mix 500g,1,115,115,TXN-903421
SAL-52411,2026-07-10,STR-002,PRD-1077,Bingo Mad Angles Cream & Onion 70g,3,20,60,TXN-186816
SAL-52412,2026-07-10,STR-003,PRD-1167,Dove Cream Beauty Bathing Bar 125g,2,75,150,TXN-976129
SAL-52413,2026-07-10,STR-002,PRD-1204,MamyPoko Pants Standard Diaper Medium 34s,7,450,3150,TXN-791515
SAL-52414,2026-07-10,STR-002,PRD-1116,Sunfeast Yippee Magic Masala Noodles 240g,8,48,384,TXN-997437
SAL-52415,2026-07-10,STR-002,PRD-1084,Pringles Sour Cream & Onion 107g,3,115,345,TXN-181806
SAL-52416,2026-07-10,STR-002,PRD-1202,Johnson's Baby Powder 200g,2,190,380,TXN-618631
SAL-52417,2026-07-10,STR-003,PRD-1024,Black Eyed Beans (Karamani) 500g,1,70,70,TXN-113765
SAL-52418,2026-07-10,STR-001,PRD-1139,Fresh Shimla Apples 1kg,6,180,1080,TXN-590891
SAL-52419,2026-07-10,STR-003,PRD-1102,Nescafe Classic Instant Coffee 50g,5,160,800,TXN-297045
SAL-52420,2026-07-10,STR-001,PRD-1077,Bingo Mad Angles Cream & Onion 70g,4,20,80,TXN-456987
SAL-52421,2026-07-10,STR-003,PRD-1189,Odonil Room Air Freshener Spray Citrus 220ml,2,160,320,TXN-719208
SAL-52422,2026-07-10,STR-001,PRD-1202,Johnson's Baby Powder 200g,1,190,190,TXN-426972
SAL-52423,2026-07-11,STR-003,PRD-1163,Clinic Plus Strong & Long Shampoo 175ml,3,110,330,TXN-169045
SAL-52424,2026-07-11,STR-001,PRD-1056,Winkies Chocolate Swiss Roll 100g,12,30,360,TXN-388840
SAL-52425,2026-07-11,STR-003,PRD-1181,Comfort After Wash Fabric Conditioner 860ml,2,235,470,TXN-750348
SAL-52426,2026-07-11,STR-001,PRD-1039,Hatsun Fresh Curd 500g Pouch,6,35,210,TXN-524211
SAL-52427,2026-07-11,STR-003,PRD-1047,Milky Mist Fresh Cream 200ml,4,70,280,TXN-206225
SAL-52428,2026-07-11,STR-001,PRD-1139,Fresh Shimla Apples 1kg,3,180,540,TXN-313464
SAL-52429,2026-07-11,STR-002,PRD-1163,Clinic Plus Strong & Long Shampoo 175ml,4,110,440,TXN-401982
SAL-52430,2026-07-11,STR-001,PRD-1185,Scotch-Brite Scrub Pad Large (3-Pack),18,45,810,TXN-401967
SAL-52431,2026-07-11,STR-003,PRD-1073,Haldiram Nagpur Aloo Bhujia 200g,4,60,240,TXN-198820
SAL-52432,2026-07-11,STR-002,PRD-1144,Pomegranate Kabuli 1kg,8,210,1680,TXN-834497
SAL-52433,2026-07-11,STR-002,PRD-1068,Parle Monaco Salted Biscuit 200g,4,30,120,TXN-874992
SAL-52434,2026-07-11,STR-003,PRD-1025,Gold Winner Sunflower Oil 1L,13,145,1885,TXN-821353
SAL-52435,2026-07-11,STR-003,PRD-1100,Chakra Gold Tea 250g,7,150,1050,TXN-430419
SAL-52436,2026-07-11,STR-003,PRD-1152,Ooty Carrot 500g,7,35,245,TXN-274740
SAL-52437,2026-07-11,STR-001,PRD-1060,Britannia Bourbon Chocolate Biscuit 150g,12,35,420,TXN-577328
SAL-52438,2026-07-11,STR-001,PRD-1111,Pediasure Chocolate 400g Jar,6,620,3720,TXN-113353
SAL-52439,2026-07-11,STR-001,PRD-1208,Mee Mee Baby Laundry Detergent 1L,1,380,380,TXN-548709
SAL-52440,2026-07-11,STR-003,PRD-1037,Aavin Toned Milk 500ml Pouch,4,24,96,TXN-286138
SAL-52441,2026-07-11,STR-003,PRD-1053,Sweet Bun 2-Pack,7,20,140,TXN-180716
SAL-52442,2026-07-11,STR-002,PRD-1166,Pears Soft & Fresh Soap 125g,8,65,520,TXN-897191
SAL-52443,2026-07-11,STR-002,PRD-1039,Hatsun Fresh Curd 500g Pouch,4,35,140,TXN-722859
SAL-52444,2026-07-11,STR-002,PRD-1040,Milky Mist Thick Curd 1kg Bucket,1,90,90,TXN-596846
SAL-52445,2026-07-11,STR-002,PRD-1087,Real Fruit Power Guava Juice 1L,2,130,260,TXN-612027
SAL-52446,2026-07-11,STR-003,PRD-1006,Quaker Oats 1kg,4,195,780,TXN-595523
SAL-52447,2026-07-11,STR-001,PRD-1166,Pears Soft & Fresh Soap 125g,7,65,455,TXN-958706
SAL-52448,2026-07-11,STR-001,PRD-1068,Parle Monaco Salted Biscuit 200g,3,30,90,TXN-813080
SAL-52449,2026-07-11,STR-003,PRD-1096,Bisleri Water Bottle 2L,1,30,30,TXN-975937
SAL-52450,2026-07-11,STR-002,PRD-1011,Seeraga Samba Rice 1kg,1,145,145,TXN-627587
SAL-52451,2026-07-11,STR-003,PRD-1171,Gillette Guard Razor 1-Pack,3,25,75,TXN-253703
SAL-52452,2026-07-11,STR-002,PRD-1191,Eveready Red AA Batteries (4-Pack),3,60,180,TXN-204849
SAL-52453,2026-07-11,STR-001,PRD-1127,Kissan Fresh Tomato Ketchup 950g,2,135,270,TXN-871947
SAL-52454,2026-07-11,STR-001,PRD-1096,Bisleri Water Bottle 2L,1,30,30,TXN-614496
SAL-52455,2026-07-11,STR-002,PRD-1043,Milky Mist Paneer 200g,6,115,690,TXN-672223
SAL-52456,2026-07-11,STR-002,PRD-1198,Garbage Bags Black Medium 30 Sheets,4,90,360,TXN-610125
SAL-52457,2026-07-11,STR-002,PRD-1031,Sundrop SuperLite Oil 1L,2,165,330,TXN-581035
SAL-52458,2026-07-11,STR-001,PRD-1128,Mother's Recipe Mango Pickle 300g,1,85,85,TXN-469755
SAL-52459,2026-07-11,STR-002,PRD-1155,Coriander Leaves 100g Bundle,9,15,135,TXN-449950
SAL-52460,2026-07-11,STR-001,PRD-1077,Bingo Mad Angles Cream & Onion 70g,6,20,120,TXN-912149
SAL-52461,2026-07-11,STR-001,PRD-1055,Britannia Gobbles Marble Cake 110g,16,35,560,TXN-984680
SAL-52462,2026-07-11,STR-002,PRD-1143,Ripe Papaya 1kg,5,50,250,TXN-218238
SAL-52463,2026-07-11,STR-001,PRD-1181,Comfort After Wash Fabric Conditioner 860ml,3,235,705,TXN-644534
SAL-52464,2026-07-11,STR-001,PRD-1183,Domex Fresh Guard Toilet Cleaner 500ml,1,85,85,TXN-530250
SAL-52465,2026-07-11,STR-002,PRD-1120,Knorr Thick Tomato Soup 53g,2,40,80,TXN-791396
SAL-52466,2026-07-11,STR-001,PRD-1020,Fried Gram (Pottukadalai) 500g,27,75,2025,TXN-474545
SAL-52467,2026-07-11,STR-001,PRD-1159,Garlic 250g,4,60,240,TXN-356238
SAL-52468,2026-07-11,STR-003,PRD-1098,Tata Tea Gold 500g,7,290,2030,TXN-829605
SAL-52469,2026-07-11,STR-002,PRD-1133,Hershey's Chocolate Syrup 623g,13,230,2990,TXN-476879
SAL-52470,2026-07-11,STR-001,PRD-1036,Deepam Lamp Oil 1L,3,110,330,TXN-193610
SAL-52471,2026-07-11,STR-003,PRD-1018,Rajma Red Kidney Beans 500g,3,95,285,TXN-496129
SAL-52472,2026-07-11,STR-001,PRD-1138,Knorr Dark Soy Sauce 200ml,3,70,210,TXN-387230
SAL-52473,2026-07-11,STR-002,PRD-1152,Ooty Carrot 500g,9,35,315,TXN-811774
SAL-52474,2026-07-11,STR-002,PRD-1070,Hide & Seek Chocolate Chip Biscuits 120g,17,40,680,TXN-571093
SAL-52475,2026-07-11,STR-002,PRD-1106,Continental Xtra Instant Coffee 200g,8,240,1920,TXN-652501
SAL-52476,2026-07-11,STR-003,PRD-1068,Parle Monaco Salted Biscuit 200g,2,30,60,TXN-812052
SAL-52477,2026-07-11,STR-002,PRD-1145,Green Guava 1kg,15,70,1050,TXN-447283
SAL-52478,2026-07-11,STR-001,PRD-1064,Britannia Good Day Cashew 200g,1,50,50,TXN-537564
SAL-52479,2026-07-11,STR-001,PRD-1100,Chakra Gold Tea 250g,20,150,3000,TXN-389666
SAL-52480,2026-07-11,STR-001,PRD-1191,Eveready Red AA Batteries (4-Pack),4,60,240,TXN-143096
SAL-52481,2026-07-11,STR-001,PRD-1178,Lizol Disinfectant Floor Cleaner Citrus 1L,2,215,430,TXN-835928
SAL-52482,2026-07-11,STR-001,PRD-1187,All Out Mosquito Repellent Refill 45ml (2-Pack),2,145,290,TXN-742113
SAL-52483,2026-07-11,STR-002,PRD-1156,Fresh Mint Leaves 100g,2,12,24,TXN-933966
SAL-52484,2026-07-11,STR-001,PRD-1040,Milky Mist Thick Curd 1kg Bucket,1,90,90,TXN-931023
SAL-52485,2026-07-11,STR-001,PRD-1019,Green Gram Whole 1kg,7,130,910,TXN-402418
SAL-52486,2026-07-11,STR-001,PRD-1090,Bovonto Grape Soft Drink 1.5L,9,65,585,TXN-108739
SAL-52487,2026-07-11,STR-003,PRD-1040,Milky Mist Thick Curd 1kg Bucket,1,90,90,TXN-818826
SAL-52488,2026-07-11,STR-001,PRD-1042,Amul Cheese Slices 200g,1,140,140,TXN-813999
SAL-52489,2026-07-11,STR-003,PRD-1013,Tata Sampann Toor Dal 1kg,3,165,495,TXN-403858
SAL-52490,2026-07-11,STR-002,PRD-1207,Pigeon Baby Feeding Bottle 250ml,3,220,660,TXN-796590
SAL-52491,2026-07-12,STR-002,PRD-1059,Parle-G Glucose Biscuit 250g,4,30,120,TXN-628288
SAL-52492,2026-07-12,STR-003,PRD-1109,Bournvita Chocolate Health Drink 500g,4,240,960,TXN-847213
SAL-52493,2026-07-12,STR-002,PRD-1175,Vim Dishwash Gel Lemon 500ml,18,115,2070,TXN-471399
SAL-52494,2026-07-12,STR-002,PRD-1104,Cothas Coffee Chicory Blend 500g,1,220,220,TXN-540932
SAL-52495,2026-07-12,STR-002,PRD-1024,Black Eyed Beans (Karamani) 500g,1,70,70,TXN-583691
SAL-52496,2026-07-12,STR-002,PRD-1106,Continental Xtra Instant Coffee 200g,2,240,480,TXN-686058
SAL-52497,2026-07-12,STR-002,PRD-1006,Quaker Oats 1kg,1,195,195,TXN-904016
SAL-52498,2026-07-12,STR-003,PRD-1163,Clinic Plus Strong & Long Shampoo 175ml,4,110,440,TXN-892572
SAL-52499,2026-07-12,STR-002,PRD-1015,Chana Dal 1kg,8,115,920,TXN-417078
SAL-52500,2026-07-12,STR-002,PRD-1102,Nescafe Classic Instant Coffee 50g,4,160,640,TXN-751050
SAL-52501,2026-07-12,STR-002,PRD-1045,Aavin Flavoured Milk Chocolate 200ml,11,30,330,TXN-693047
SAL-52502,2026-07-12,STR-001,PRD-1020,Fried Gram (Pottukadalai) 500g,25,75,1875,TXN-156136
SAL-52503,2026-07-12,STR-001,PRD-1176,Surf Excel Quick Wash Detergent Powder 1kg,1,210,210,TXN-511733
SAL-52504,2026-07-12,STR-003,PRD-1110,Complan Chocolate Health Drink 500g,10,260,2600,TXN-802629
SAL-52505,2026-07-12,STR-001,PRD-1003,Sona Masoori Rice 5kg,1,380,380,TXN-946705
SAL-52506,2026-07-12,STR-001,PRD-1155,Coriander Leaves 100g Bundle,17,15,255,TXN-643171
SAL-52507,2026-07-12,STR-001,PRD-1127,Kissan Fresh Tomato Ketchup 950g,2,135,270,TXN-156986
SAL-52508,2026-07-12,STR-001,PRD-1001,India Gate Basmati Rice 5kg,4,520,2080,TXN-383298
SAL-52509,2026-07-12,STR-001,PRD-1019,Green Gram Whole 1kg,7,130,910,TXN-781448
SAL-52510,2026-07-12,STR-001,PRD-1091,7Up Nimbooz 350ml,3,25,75,TXN-723210
SAL-52511,2026-07-12,STR-002,PRD-1050,Britannia 100% Whole Wheat Bread 400g,11,50,550,TXN-404691
SAL-52512,2026-07-12,STR-002,PRD-1126,Eastern Chicken Masala 100g,4,42,168,TXN-824139
SAL-52513,2026-07-12,STR-003,PRD-1102,Nescafe Classic Instant Coffee 50g,3,160,480,TXN-163821
SAL-52514,2026-07-12,STR-001,PRD-1181,Comfort After Wash Fabric Conditioner 860ml,2,235,470,TXN-713015
SAL-52515,2026-07-12,STR-001,PRD-1202,Johnson's Baby Powder 200g,2,190,380,TXN-875278
SAL-52516,2026-07-12,STR-002,PRD-1056,Winkies Chocolate Swiss Roll 100g,10,30,300,TXN-835652
SAL-52517,2026-07-12,STR-001,PRD-1032,Parachute Coconut Oil 500ml,1,190,190,TXN-251154
SAL-52518,2026-07-12,STR-001,PRD-1098,Tata Tea Gold 500g,7,290,2030,TXN-619364
SAL-52519,2026-07-12,STR-002,PRD-1052,Britannia Fruit Bun 150g,2,25,50,TXN-808502
SAL-52520,2026-07-12,STR-002,PRD-1071,Britannia Milk Bikis 200g,6,35,210,TXN-262293
SAL-52521,2026-07-12,STR-001,PRD-1156,Fresh Mint Leaves 100g,2,12,24,TXN-425992
SAL-52522,2026-07-12,STR-001,PRD-1030,Amul Pure Ghee 1L Tin,20,620,12400,TXN-106764
SAL-52523,2026-07-12,STR-003,PRD-1079,Tapioca Chips Salted 200g,1,70,70,TXN-260455
SAL-52524,2026-07-12,STR-002,PRD-1012,Maida Flour 1kg,12,55,660,TXN-226913
SAL-52525,2026-07-12,STR-003,PRD-1170,Nivea Soft Light Moisturiser 100ml,7,195,1365,TXN-359214
SAL-52526,2026-07-12,STR-002,PRD-1128,Mother's Recipe Mango Pickle 300g,1,85,85,TXN-596754
SAL-52527,2026-07-12,STR-001,PRD-1090,Bovonto Grape Soft Drink 1.5L,8,65,520,TXN-630374
SAL-52528,2026-07-12,STR-002,PRD-1139,Fresh Shimla Apples 1kg,5,180,900,TXN-158356
SAL-52529,2026-07-12,STR-002,PRD-1152,Ooty Carrot 500g,10,35,350,TXN-414492
SAL-52530,2026-07-12,STR-001,PRD-1144,Pomegranate Kabuli 1kg,8,210,1680,TXN-292984
SAL-52531,2026-07-12,STR-001,PRD-1036,Deepam Lamp Oil 1L,6,110,660,TXN-982608
SAL-52532,2026-07-12,STR-003,PRD-1094,Red Bull Energy Drink 250ml,5,125,625,TXN-372914
SAL-52533,2026-07-12,STR-002,PRD-1109,Bournvita Chocolate Health Drink 500g,3,240,720,TXN-814416
SAL-52534,2026-07-12,STR-002,PRD-1112,Women's Horlicks Caramel 400g,1,310,310,TXN-790130
SAL-52535,2026-07-12,STR-001,PRD-1063,Oreo Vanilla Cream Biscuit 120g,5,35,175,TXN-553355
SAL-52536,2026-07-12,STR-001,PRD-1203,Johnson's Baby Hair Oil 100ml,2,120,240,TXN-122709
SAL-52537,2026-07-12,STR-003,PRD-1116,Sunfeast Yippee Magic Masala Noodles 240g,7,48,336,TXN-279071
SAL-52538,2026-07-12,STR-002,PRD-1208,Mee Mee Baby Laundry Detergent 1L,1,380,380,TXN-833613
SAL-52539,2026-07-12,STR-001,PRD-1051,Modern Whole Wheat Bread 400g,3,48,144,TXN-599288
SAL-52540,2026-07-12,STR-003,PRD-1072,Unibic Assorted Cookies 75g,1,45,45,TXN-403509
SAL-52541,2026-07-12,STR-003,PRD-1090,Bovonto Grape Soft Drink 1.5L,23,65,1495,TXN-717363
SAL-52542,2026-07-12,STR-002,PRD-1049,Modern Family Special White Bread 400g,4,45,180,TXN-800133
SAL-52543,2026-07-12,STR-002,PRD-1150,Fresh Potato 1kg,11,30,330,TXN-504562
SAL-52544,2026-07-12,STR-003,PRD-1199,Pampers Baby Wipes Gentle 72 Sheets,15,185,2775,TXN-212549
SAL-52545,2026-07-12,STR-001,PRD-1109,Bournvita Chocolate Health Drink 500g,3,240,720,TXN-953009
SAL-52546,2026-07-12,STR-002,PRD-1110,Complan Chocolate Health Drink 500g,16,260,4160,TXN-129329
SAL-52547,2026-07-12,STR-003,PRD-1031,Sundrop SuperLite Oil 1L,2,165,330,TXN-225961
SAL-52548,2026-07-12,STR-003,PRD-1107,Horlicks Classic Malt 500g Jar,6,245,1470,TXN-111554
SAL-52549,2026-07-12,STR-001,PRD-1204,MamyPoko Pants Standard Diaper Medium 34s,2,450,900,TXN-135739
SAL-52550,2026-07-12,STR-002,PRD-1166,Pears Soft & Fresh Soap 125g,13,65,845,TXN-789115
SAL-52551,2026-07-12,STR-002,PRD-1196,Camphor Tablets 50g Box,1,45,45,TXN-471958
SAL-52552,2026-07-12,STR-003,PRD-1135,Baking Soda 100g,26,25,650,TXN-390354
SAL-52553,2026-07-12,STR-002,PRD-1035,Saffola Gold Edible Oil 1L,7,195,1365,TXN-627649
SAL-52554,2026-07-12,STR-003,PRD-1189,Odonil Room Air Freshener Spray Citrus 220ml,2,160,320,TXN-840530
SAL-52555,2026-07-12,STR-002,PRD-1159,Garlic 250g,2,60,120,TXN-637966
SAL-52556,2026-07-13,STR-003,PRD-1023,Horse Gram (Kollu) 500g,8,60,480,TXN-175460
SAL-52557,2026-07-13,STR-002,PRD-1063,Oreo Vanilla Cream Biscuit 120g,4,35,140,TXN-815507
SAL-52558,2026-07-13,STR-002,PRD-1055,Britannia Gobbles Marble Cake 110g,26,35,910,TXN-863660
SAL-52559,2026-07-13,STR-001,PRD-1127,Kissan Fresh Tomato Ketchup 950g,2,135,270,TXN-620277
SAL-52560,2026-07-13,STR-003,PRD-1202,Johnson's Baby Powder 200g,2,190,380,TXN-317553
SAL-52561,2026-07-13,STR-003,PRD-1122,Maggi Cuppa Masala Noodles 70g,14,50,700,TXN-596744
SAL-52562,2026-07-13,STR-003,PRD-1165,Sensodyne Rapid Relief Toothpaste 80g,18,170,3060,TXN-473801
SAL-52563,2026-07-13,STR-002,PRD-1051,Modern Whole Wheat Bread 400g,4,48,192,TXN-685836
SAL-52564,2026-07-13,STR-001,PRD-1101,BRU Instant Coffee 100g Glass Jar,6,185,1110,TXN-940534
SAL-52565,2026-07-13,STR-003,PRD-1109,Bournvita Chocolate Health Drink 500g,1,240,240,TXN-548278
SAL-52566,2026-07-13,STR-002,PRD-1142,Seedless Black Grapes 500g,4,80,320,TXN-174310
SAL-52567,2026-07-13,STR-002,PRD-1025,Gold Winner Sunflower Oil 1L,18,145,2610,TXN-233370
SAL-52568,2026-07-13,STR-002,PRD-1174,Vaseline Total Moisture Body Lotion 200ml,2,215,430,TXN-412713
SAL-52569,2026-07-13,STR-001,PRD-1136,Ching's Secret Dark Soy Sauce 210g,1,65,65,TXN-622937
SAL-52570,2026-07-13,STR-002,PRD-1170,Nivea Soft Light Moisturiser 100ml,3,195,585,TXN-730707
SAL-52571,2026-07-13,STR-003,PRD-1065,Britannia Good Day Butter 200g,13,45,585,TXN-123637
SAL-52572,2026-07-13,STR-002,PRD-1207,Pigeon Baby Feeding Bottle 250ml,2,220,440,TXN-403978
SAL-52573,2026-07-13,STR-003,PRD-1182,Exo Touch & Shine Dishwash Bar 250g,4,30,120,TXN-363592
SAL-52574,2026-07-13,STR-002,PRD-1189,Odonil Room Air Freshener Spray Citrus 220ml,2,160,320,TXN-475290
SAL-52575,2026-07-13,STR-001,PRD-1094,Red Bull Energy Drink 250ml,2,125,250,TXN-265531
SAL-52576,2026-07-13,STR-002,PRD-1047,Milky Mist Fresh Cream 200ml,4,70,280,TXN-178409
SAL-52577,2026-07-13,STR-001,PRD-1117,MTR Rava Idli Mix 500g,5,110,550,TXN-353124
SAL-52578,2026-07-13,STR-003,PRD-1125,Aachi Biryani Masala 100g,9,45,405,TXN-740939
SAL-52579,2026-07-13,STR-003,PRD-1145,Green Guava 1kg,18,70,1260,TXN-518612
SAL-52580,2026-07-13,STR-002,PRD-1017,Urad Dal White Split 1kg,7,160,1120,TXN-672461
SAL-52581,2026-07-13,STR-003,PRD-1011,Seeraga Samba Rice 1kg,2,145,290,TXN-216260
SAL-52582,2026-07-13,STR-001,PRD-1058,Pav Bun 6-Pack,5,35,175,TXN-375831
SAL-52583,2026-07-13,STR-001,PRD-1084,Pringles Sour Cream & Onion 107g,3,115,345,TXN-133842
SAL-52584,2026-07-13,STR-002,PRD-1035,Saffola Gold Edible Oil 1L,5,195,975,TXN-373553
SAL-52585,2026-07-13,STR-001,PRD-1039,Hatsun Fresh Curd 500g Pouch,3,35,105,TXN-901883
SAL-52586,2026-07-13,STR-001,PRD-1180,Rin Detergent Bar 250g (4-Pack),10,60,600,TXN-314154
SAL-52587,2026-07-13,STR-003,PRD-1171,Gillette Guard Razor 1-Pack,4,25,100,TXN-869521
SAL-52588,2026-07-13,STR-001,PRD-1086,Tropicana 100% Orange Juice 1L,2,145,290,TXN-894133
SAL-52589,2026-07-13,STR-003,PRD-1038,Aavin Full Cream Milk 500ml,3,30,90,TXN-165356
SAL-52590,2026-07-13,STR-003,PRD-1138,Knorr Dark Soy Sauce 200ml,4,70,280,TXN-176453
SAL-52591,2026-07-13,STR-003,PRD-1151,Hybrid Tomato 1kg,5,40,200,TXN-691246
SAL-52592,2026-07-13,STR-001,PRD-1024,Black Eyed Beans (Karamani) 500g,1,70,70,TXN-837244
SAL-52593,2026-07-13,STR-002,PRD-1023,Horse Gram (Kollu) 500g,12,60,720,TXN-946712
SAL-52594,2026-07-13,STR-003,PRD-1090,Bovonto Grape Soft Drink 1.5L,10,65,650,TXN-174200
SAL-52595,2026-07-13,STR-001,PRD-1042,Amul Cheese Slices 200g,3,140,420,TXN-727203
SAL-52596,2026-07-13,STR-002,PRD-1159,Garlic 250g,1,60,60,TXN-858466
SAL-52597,2026-07-13,STR-002,PRD-1135,Baking Soda 100g,9,25,225,TXN-137329
SAL-52598,2026-07-13,STR-001,PRD-1116,Sunfeast Yippee Magic Masala Noodles 240g,6,48,288,TXN-336186
SAL-52599,2026-07-13,STR-003,PRD-1039,Hatsun Fresh Curd 500g Pouch,5,35,175,TXN-552476
SAL-52600,2026-07-13,STR-001,PRD-1162,Dettol Original Soap 75g (3-Pack),5,105,525,TXN-919506
SAL-52601,2026-07-13,STR-002,PRD-1136,Ching's Secret Dark Soy Sauce 210g,1,65,65,TXN-338818
SAL-52602,2026-07-13,STR-003,PRD-1048,Amul Fresh Condensed Milk 400g,1,130,130,TXN-158045
SAL-52603,2026-07-13,STR-003,PRD-1206,Sebamed Baby Protective Facial Cream 50ml,2,780,1560,TXN-919800
SAL-52604,2026-07-13,STR-002,PRD-1200,Nestle Cerelac Wheat Apple 300g,1,295,295,TXN-660134
SAL-52605,2026-07-13,STR-003,PRD-1072,Unibic Assorted Cookies 75g,1,45,45,TXN-497817
SAL-52606,2026-07-13,STR-001,PRD-1071,Britannia Milk Bikis 200g,7,35,245,TXN-873768
SAL-52607,2026-07-13,STR-002,PRD-1091,7Up Nimbooz 350ml,1,25,25,TXN-605595
SAL-52608,2026-07-13,STR-001,PRD-1177,Harpic Power Plus Toilet Cleaner 500ml,5,95,475,TXN-902875
SAL-52609,2026-07-13,STR-001,PRD-1158,Ginger 250g,2,40,80,TXN-231320
SAL-52610,2026-07-13,STR-002,PRD-1103,Narasus Pure Filter Coffee 200g,4,120,480,TXN-547567
SAL-52611,2026-07-13,STR-003,PRD-1081,Ribbon Pakoda 200g,2,75,150,TXN-221197
SAL-52612,2026-07-13,STR-002,PRD-1073,Haldiram Nagpur Aloo Bhujia 200g,4,60,240,TXN-745559
SAL-52613,2026-07-13,STR-001,PRD-1059,Parle-G Glucose Biscuit 250g,8,30,240,TXN-485570
SAL-52614,2026-07-13,STR-003,PRD-1156,Fresh Mint Leaves 100g,2,12,24,TXN-459793
SAL-52615,2026-07-13,STR-002,PRD-1190,Duracell Chota Power AA Batteries (4-Pack),11,160,1760,TXN-160736
SAL-52616,2026-07-13,STR-003,PRD-1069,Parle Krackjack Sweet & Salty 200g,3,30,90,TXN-196459
SAL-52617,2026-07-13,STR-001,PRD-1032,Parachute Coconut Oil 500ml,1,190,190,TXN-338158
SAL-52618,2026-07-13,STR-003,PRD-1009,Raw Rice 5kg,2,320,640,TXN-889125
SAL-52619,2026-07-13,STR-001,PRD-1074,Lays Magic Masala Potato Chips 50g,7,20,140,TXN-931710
SAL-52620,2026-07-13,STR-001,PRD-1013,Tata Sampann Toor Dal 1kg,6,165,990,TXN-148003
SAL-52621,2026-07-13,STR-001,PRD-1003,Sona Masoori Rice 5kg,5,380,1900,TXN-115622
SAL-52622,2026-07-13,STR-001,PRD-1130,Nutella Hazelnut Spread 350g Jar,23,380,8740,TXN-362062
SAL-52623,2026-07-13,STR-001,PRD-1147,Watermelon Kiran 1 Unit (~3kg),4,90,360,TXN-180333
SAL-52624,2026-07-14,STR-002,PRD-1021,Kabuli Chana 1kg,3,140,420,TXN-419970
SAL-52625,2026-07-14,STR-002,PRD-1046,Cavins Milkshake Strawberry 200ml,1,40,40,TXN-900059
SAL-52626,2026-07-14,STR-002,PRD-1158,Ginger 250g,3,40,120,TXN-127254
SAL-52627,2026-07-14,STR-003,PRD-1065,Britannia Good Day Butter 200g,18,45,810,TXN-891127
SAL-52628,2026-07-14,STR-002,PRD-1102,Nescafe Classic Instant Coffee 50g,6,160,960,TXN-968386
SAL-52629,2026-07-14,STR-003,PRD-1016,Urad Dal Black Whole 1kg,1,155,155,TXN-949602
SAL-52630,2026-07-14,STR-002,PRD-1113,Ensure Diabetes Care Vanilla 400g,4,690,2760,TXN-327062
SAL-52631,2026-07-14,STR-002,PRD-1126,Eastern Chicken Masala 100g,5,42,210,TXN-457506
SAL-52632,2026-07-14,STR-003,PRD-1088,Coca-Cola Original Taste 750ml,1,40,40,TXN-751721
SAL-52633,2026-07-14,STR-002,PRD-1047,Milky Mist Fresh Cream 200ml,3,70,210,TXN-871137
SAL-52634,2026-07-14,STR-003,PRD-1143,Ripe Papaya 1kg,8,50,400,TXN-946616
SAL-52635,2026-07-14,STR-003,PRD-1172,Dabur Red Toothpowder 100g,3,45,135,TXN-506963
SAL-52636,2026-07-14,STR-001,PRD-1045,Aavin Flavoured Milk Chocolate 200ml,19,30,570,TXN-810902
SAL-52637,2026-07-14,STR-002,PRD-1028,Aavin Pure Ghee 500ml,4,315,1260,TXN-660737
SAL-52638,2026-07-14,STR-003,PRD-1090,Bovonto Grape Soft Drink 1.5L,19,65,1235,TXN-700417
SAL-52639,2026-07-14,STR-003,PRD-1195,Cycle Pure Agarbatti Three in One 250g,16,95,1520,TXN-906367
SAL-52640,2026-07-14,STR-003,PRD-1074,Lays Magic Masala Potato Chips 50g,4,20,80,TXN-270444
SAL-52641,2026-07-14,STR-002,PRD-1178,Lizol Disinfectant Floor Cleaner Citrus 1L,5,215,1075,TXN-590033
SAL-52642,2026-07-14,STR-001,PRD-1129,Aachi Lime Pickle 300g,2,65,130,TXN-349799
SAL-52643,2026-07-14,STR-001,PRD-1080,Murukku Traditional 250g,2,80,160,TXN-115920
SAL-52644,2026-07-14,STR-001,PRD-1160,Curry Leaves 50g Bundle,1,10,10,TXN-815756
SAL-52645,2026-07-14,STR-002,PRD-1109,Bournvita Chocolate Health Drink 500g,4,240,960,TXN-189691
SAL-52646,2026-07-14,STR-002,PRD-1132,Sundrop Peanut Butter Crunchy 500g,4,195,780,TXN-908807
SAL-52647,2026-07-14,STR-003,PRD-1198,Garbage Bags Black Medium 30 Sheets,2,90,180,TXN-453928
SAL-52648,2026-07-14,STR-003,PRD-1189,Odonil Room Air Freshener Spray Citrus 220ml,4,160,640,TXN-140481
SAL-52649,2026-07-14,STR-003,PRD-1096,Bisleri Water Bottle 2L,1,30,30,TXN-479264
SAL-52650,2026-07-14,STR-002,PRD-1115,Maggi 2-Minute Masala Noodles 280g (4-Pack),9,56,504,TXN-362682
SAL-52651,2026-07-14,STR-001,PRD-1195,Cycle Pure Agarbatti Three in One 250g,19,95,1805,TXN-949618
SAL-52652,2026-07-14,STR-002,PRD-1181,Comfort After Wash Fabric Conditioner 860ml,7,235,1645,TXN-112938
SAL-52653,2026-07-14,STR-002,PRD-1038,Aavin Full Cream Milk 500ml,2,30,60,TXN-696053
SAL-52654,2026-07-14,STR-002,PRD-1020,Fried Gram (Pottukadalai) 500g,25,75,1875,TXN-976609
SAL-52655,2026-07-14,STR-001,PRD-1125,Aachi Biryani Masala 100g,3,45,135,TXN-287469
SAL-52656,2026-07-14,STR-001,PRD-1148,Kiwi Fruit 3-Pack,2,120,240,TXN-118105
SAL-52657,2026-07-14,STR-001,PRD-1175,Vim Dishwash Gel Lemon 500ml,17,115,1955,TXN-589097
SAL-52658,2026-07-14,STR-002,PRD-1101,BRU Instant Coffee 100g Glass Jar,1,185,185,TXN-476149
SAL-52659,2026-07-14,STR-001,PRD-1029,Hatsun Pure Cow Ghee 500ml,5,330,1650,TXN-985339
SAL-52660,2026-07-14,STR-001,PRD-1074,Lays Magic Masala Potato Chips 50g,5,20,100,TXN-528459
SAL-52661,2026-07-14,STR-001,PRD-1050,Britannia 100% Whole Wheat Bread 400g,7,50,350,TXN-183410
SAL-52662,2026-07-14,STR-003,PRD-1187,All Out Mosquito Repellent Refill 45ml (2-Pack),2,145,290,TXN-739975
SAL-52663,2026-07-14,STR-003,PRD-1083,Doritos Nacho Cheese Chips 60g,4,30,120,TXN-167154
SAL-52664,2026-07-14,STR-002,PRD-1110,Complan Chocolate Health Drink 500g,16,260,4160,TXN-370539
SAL-52665,2026-07-14,STR-002,PRD-1199,Pampers Baby Wipes Gentle 72 Sheets,15,185,2775,TXN-389558
SAL-52666,2026-07-14,STR-002,PRD-1076,Kurkure Masala Munch 85g,3,20,60,TXN-618970
SAL-52667,2026-07-14,STR-002,PRD-1134,Weikfield Vanilla Custard Powder 100g,3,45,135,TXN-760957
SAL-52668,2026-07-14,STR-001,PRD-1052,Britannia Fruit Bun 150g,2,25,50,TXN-747966
SAL-52669,2026-07-14,STR-003,PRD-1013,Tata Sampann Toor Dal 1kg,6,165,990,TXN-343974
SAL-52670,2026-07-14,STR-001,PRD-1085,Paper Boat Mango Juice 250ml,9,35,315,TXN-140372
SAL-52671,2026-07-14,STR-003,PRD-1158,Ginger 250g,1,40,40,TXN-631333
SAL-52672,2026-07-14,STR-003,PRD-1163,Clinic Plus Strong & Long Shampoo 175ml,6,110,660,TXN-708059
SAL-52673,2026-07-14,STR-003,PRD-1041,Amul Pasteurised Butter 100g,2,58,116,TXN-680290
SAL-52674,2026-07-14,STR-002,PRD-1008,Manna Ragi Flour 1kg,8,85,680,TXN-163766
SAL-52675,2026-07-14,STR-003,PRD-1179,Colin Glass Cleaner Spray 500ml,11,105,1155,TXN-371638
SAL-52676,2026-07-14,STR-001,PRD-1013,Tata Sampann Toor Dal 1kg,8,165,1320,TXN-116901
SAL-52677,2026-07-14,STR-003,PRD-1097,3 Roses Dust Tea 250g,6,160,960,TXN-999143
SAL-52678,2026-07-14,STR-003,PRD-1100,Chakra Gold Tea 250g,14,150,2100,TXN-666693
SAL-52679,2026-07-14,STR-003,PRD-1138,Knorr Dark Soy Sauce 200ml,6,70,420,TXN-729752
SAL-52680,2026-07-14,STR-003,PRD-1108,Boost Health Drink 500g Refill,3,235,705,TXN-214466
SAL-52681,2026-07-14,STR-002,PRD-1031,Sundrop SuperLite Oil 1L,1,165,165,TXN-565371
SAL-52682,2026-07-14,STR-002,PRD-1022,Masoor Dal Red 1kg,3,110,330,TXN-181212
SAL-52683,2026-07-14,STR-001,PRD-1101,BRU Instant Coffee 100g Glass Jar,3,185,555,TXN-441614
SAL-52684,2026-07-14,STR-003,PRD-1178,Lizol Disinfectant Floor Cleaner Citrus 1L,5,215,1075,TXN-969414
SAL-52685,2026-07-14,STR-003,PRD-1007,Saffola Masala Oats 500g,6,175,1050,TXN-536175
SAL-52686,2026-07-14,STR-001,PRD-1138,Knorr Dark Soy Sauce 200ml,1,70,70,TXN-547191
SAL-52687,2026-07-14,STR-001,PRD-1017,Urad Dal White Split 1kg,5,160,800,TXN-250029
SAL-52688,2026-07-14,STR-002,PRD-1081,Ribbon Pakoda 200g,3,75,225,TXN-736450
SAL-52689,2026-07-14,STR-001,PRD-1137,Del Monte Whole Corn Canned 415g,4,95,380,TXN-451258
SAL-52690,2026-07-14,STR-001,PRD-1067,Britannia NutriChoice Digestive 250g,21,65,1365,TXN-783648
SAL-52691,2026-07-14,STR-002,PRD-1155,Coriander Leaves 100g Bundle,9,15,135,TXN-408347
SAL-52692,2026-07-14,STR-001,PRD-1192,Freshwrap Aluminum Foil 18m Roll,1,175,175,TXN-268100
SAL-52693,2026-07-15,STR-001,PRD-1133,Hershey's Chocolate Syrup 623g,11,230,2530,TXN-763360
SAL-52694,2026-07-15,STR-001,PRD-1017,Urad Dal White Split 1kg,5,160,800,TXN-307727
SAL-52695,2026-07-15,STR-003,PRD-1054,Garlic Butter Toast 150g,1,40,40,TXN-226656
SAL-52696,2026-07-15,STR-002,PRD-1010,Idli Rice 5kg,16,290,4640,TXN-902694
SAL-52697,2026-07-15,STR-001,PRD-1039,Hatsun Fresh Curd 500g Pouch,5,35,175,TXN-592684
SAL-52698,2026-07-15,STR-003,PRD-1076,Kurkure Masala Munch 85g,4,20,80,TXN-232537
SAL-52699,2026-07-15,STR-001,PRD-1113,Ensure Diabetes Care Vanilla 400g,8,690,5520,TXN-974364
SAL-52700,2026-07-15,STR-002,PRD-1184,Ariel Matic Front Load Detergent 1kg,1,280,280,TXN-823566
SAL-52701,2026-07-15,STR-001,PRD-1183,Domex Fresh Guard Toilet Cleaner 500ml,1,85,85,TXN-639908
SAL-52702,2026-07-15,STR-002,PRD-1124,MTR Gulab Jamun Mix 175g,3,95,285,TXN-506967
SAL-52703,2026-07-15,STR-001,PRD-1078,Hot & Crispy Banana Chips 250g,13,90,1170,TXN-471581
SAL-52704,2026-07-15,STR-003,PRD-1136,Ching's Secret Dark Soy Sauce 210g,1,65,65,TXN-830782
SAL-52705,2026-07-15,STR-003,PRD-1012,Maida Flour 1kg,11,55,605,TXN-846568
SAL-52706,2026-07-15,STR-003,PRD-1137,Del Monte Whole Corn Canned 415g,2,95,190,TXN-453169
SAL-52707,2026-07-15,STR-001,PRD-1029,Hatsun Pure Cow Ghee 500ml,7,330,2310,TXN-452993
SAL-52708,2026-07-15,STR-003,PRD-1028,Aavin Pure Ghee 500ml,5,315,1575,TXN-746582
SAL-52709,2026-07-15,STR-002,PRD-1081,Ribbon Pakoda 200g,3,75,225,TXN-857260
SAL-52710,2026-07-15,STR-002,PRD-1203,Johnson's Baby Hair Oil 100ml,3,120,360,TXN-874633
SAL-52711,2026-07-15,STR-002,PRD-1181,Comfort After Wash Fabric Conditioner 860ml,7,235,1645,TXN-570700
SAL-52712,2026-07-15,STR-001,PRD-1207,Pigeon Baby Feeding Bottle 250ml,6,220,1320,TXN-761475
SAL-52713,2026-07-15,STR-002,PRD-1197,Tissue Paper Napkins 100 Sheets,5,40,200,TXN-975356
SAL-52714,2026-07-15,STR-001,PRD-1151,Hybrid Tomato 1kg,2,40,80,TXN-894464
SAL-52715,2026-07-15,STR-001,PRD-1194,Mangaldeep Sandal Agarbatti 100g,3,50,150,TXN-241144
SAL-52716,2026-07-15,STR-003,PRD-1044,Amul Taaza Homogenised Milk 1L Pack,5,72,360,TXN-858862
SAL-52717,2026-07-15,STR-001,PRD-1190,Duracell Chota Power AA Batteries (4-Pack),25,160,4000,TXN-959943
SAL-52718,2026-07-15,STR-002,PRD-1019,Green Gram Whole 1kg,6,130,780,TXN-187859
SAL-52719,2026-07-15,STR-002,PRD-1170,Nivea Soft Light Moisturiser 100ml,2,195,390,TXN-108161
SAL-52720,2026-07-15,STR-001,PRD-1189,Odonil Room Air Freshener Spray Citrus 220ml,3,160,480,TXN-487840
SAL-52721,2026-07-15,STR-002,PRD-1187,All Out Mosquito Repellent Refill 45ml (2-Pack),5,145,725,TXN-575557
SAL-52722,2026-07-15,STR-001,PRD-1159,Garlic 250g,4,60,240,TXN-559891
SAL-52723,2026-07-15,STR-003,PRD-1114,Milo Cocoa Beverage Powder 400g,1,220,220,TXN-857630
SAL-52724,2026-07-15,STR-002,PRD-1097,3 Roses Dust Tea 250g,5,160,800,TXN-910555
SAL-52725,2026-07-15,STR-003,PRD-1070,Hide & Seek Chocolate Chip Biscuits 120g,11,40,440,TXN-411792
SAL-52726,2026-07-15,STR-002,PRD-1207,Pigeon Baby Feeding Bottle 250ml,3,220,660,TXN-150633
SAL-52727,2026-07-15,STR-001,PRD-1106,Continental Xtra Instant Coffee 200g,4,240,960,TXN-650705
SAL-52728,2026-07-15,STR-002,PRD-1088,Coca-Cola Original Taste 750ml,1,40,40,TXN-985066
SAL-52729,2026-07-15,STR-001,PRD-1088,Coca-Cola Original Taste 750ml,1,40,40,TXN-894086
SAL-52730,2026-07-15,STR-003,PRD-1130,Nutella Hazelnut Spread 350g Jar,13,380,4940,TXN-250152
SAL-52731,2026-07-15,STR-003,PRD-1083,Doritos Nacho Cheese Chips 60g,2,30,60,TXN-870310
SAL-52732,2026-07-15,STR-002,PRD-1164,Colgate Strong Teeth Toothpaste 150g,4,95,380,TXN-866493
SAL-52733,2026-07-15,STR-001,PRD-1114,Milo Cocoa Beverage Powder 400g,1,220,220,TXN-644352
SAL-52734,2026-07-15,STR-002,PRD-1042,Amul Cheese Slices 200g,3,140,420,TXN-745374
SAL-52735,2026-07-15,STR-002,PRD-1087,Real Fruit Power Guava Juice 1L,1,130,130,TXN-464218
SAL-52736,2026-07-15,STR-002,PRD-1160,Curry Leaves 50g Bundle,1,10,10,TXN-224309
SAL-52737,2026-07-15,STR-003,PRD-1147,Watermelon Kiran 1 Unit (~3kg),3,90,270,TXN-610274
SAL-52738,2026-07-15,STR-002,PRD-1029,Hatsun Pure Cow Ghee 500ml,3,330,990,TXN-277545
SAL-52739,2026-07-15,STR-001,PRD-1127,Kissan Fresh Tomato Ketchup 950g,1,135,135,TXN-372031
SAL-52740,2026-07-15,STR-003,PRD-1201,Himalaya Gentle Baby Soap 75g (3-Pack),5,135,675,TXN-890069
SAL-52741,2026-07-15,STR-001,PRD-1182,Exo Touch & Shine Dishwash Bar 250g,3,30,90,TXN-342928
SAL-52742,2026-07-15,STR-002,PRD-1028,Aavin Pure Ghee 500ml,6,315,1890,TXN-247852
SAL-52743,2026-07-15,STR-002,PRD-1174,Vaseline Total Moisture Body Lotion 200ml,1,215,215,TXN-678985
SAL-52744,2026-07-15,STR-002,PRD-1083,Doritos Nacho Cheese Chips 60g,6,30,180,TXN-891533
SAL-52745,2026-07-15,STR-003,PRD-1161,Mysore Sandal Soap 125g,4,55,220,TXN-727459
SAL-52746,2026-07-15,STR-002,PRD-1205,Himalaya Baby Lotion 200ml,29,175,5075,TXN-666052
SAL-52747,2026-07-15,STR-001,PRD-1046,Cavins Milkshake Strawberry 200ml,2,40,80,TXN-304611
SAL-52748,2026-07-15,STR-003,PRD-1193,Matchbox Homelites Safety Matches (10-Box),2,30,60,TXN-972944
SAL-52749,2026-07-15,STR-003,PRD-1088,Coca-Cola Original Taste 750ml,1,40,40,TXN-487491
SAL-52750,2026-07-15,STR-001,PRD-1147,Watermelon Kiran 1 Unit (~3kg),2,90,180,TXN-698910
SAL-52751,2026-07-15,STR-002,PRD-1050,Britannia 100% Whole Wheat Bread 400g,18,50,900,TXN-566432
SAL-52752,2026-07-15,STR-002,PRD-1094,Red Bull Energy Drink 250ml,2,125,250,TXN-971406
SAL-52753,2026-07-15,STR-003,PRD-1103,Narasus Pure Filter Coffee 200g,4,120,480,TXN-214939
SAL-52754,2026-07-15,STR-002,PRD-1123,Top Ramen Curry Noodles 280g,5,55,275,TXN-985778
SAL-52755,2026-07-15,STR-002,PRD-1113,Ensure Diabetes Care Vanilla 400g,2,690,1380,TXN-553263
SAL-52756,2026-07-15,STR-001,PRD-1043,Milky Mist Paneer 200g,2,115,230,TXN-191083
SAL-52757,2026-07-15,STR-002,PRD-1030,Amul Pure Ghee 1L Tin,27,620,16740,TXN-391979
SAL-52758,2026-07-15,STR-002,PRD-1147,Watermelon Kiran 1 Unit (~3kg),5,90,450,TXN-222119
SAL-52759,2026-07-15,STR-001,PRD-1152,Ooty Carrot 500g,9,35,315,TXN-942678
SAL-52760,2026-07-15,STR-001,PRD-1054,Garlic Butter Toast 150g,3,40,120,TXN-931856
SAL-52761,2026-07-16,STR-003,PRD-1080,Murukku Traditional 250g,5,80,400,TXN-434397
SAL-52762,2026-07-16,STR-001,PRD-1118,MTR Rava Dosa Mix 500g,1,115,115,TXN-607236
SAL-52763,2026-07-16,STR-001,PRD-1057,Plum Cake 250g,6,120,720,TXN-612936
SAL-52764,2026-07-16,STR-003,PRD-1182,Exo Touch & Shine Dishwash Bar 250g,3,30,90,TXN-820604
SAL-52765,2026-07-16,STR-002,PRD-1121,MTR Ready to Eat Paneer Butter Masala 300g,4,140,560,TXN-405062
SAL-52766,2026-07-16,STR-001,PRD-1100,Chakra Gold Tea 250g,10,150,1500,TXN-325555
SAL-52767,2026-07-16,STR-003,PRD-1163,Clinic Plus Strong & Long Shampoo 175ml,6,110,660,TXN-920854
SAL-52768,2026-07-16,STR-001,PRD-1185,Scotch-Brite Scrub Pad Large (3-Pack),14,45,630,TXN-689569
SAL-52769,2026-07-16,STR-001,PRD-1114,Milo Cocoa Beverage Powder 400g,1,220,220,TXN-510389
SAL-52770,2026-07-16,STR-002,PRD-1156,Fresh Mint Leaves 100g,3,12,36,TXN-157287
SAL-52771,2026-07-16,STR-001,PRD-1037,Aavin Toned Milk 500ml Pouch,3,24,72,TXN-863559
SAL-52772,2026-07-16,STR-003,PRD-1187,All Out Mosquito Repellent Refill 45ml (2-Pack),2,145,290,TXN-767173
SAL-52773,2026-07-16,STR-001,PRD-1115,Maggi 2-Minute Masala Noodles 280g (4-Pack),26,56,1456,TXN-423496
SAL-52774,2026-07-16,STR-001,PRD-1069,Parle Krackjack Sweet & Salty 200g,4,30,120,TXN-332060
SAL-52775,2026-07-16,STR-001,PRD-1201,Himalaya Gentle Baby Soap 75g (3-Pack),5,135,675,TXN-274624
SAL-52776,2026-07-16,STR-003,PRD-1013,Tata Sampann Toor Dal 1kg,5,165,825,TXN-917419
SAL-52777,2026-07-16,STR-001,PRD-1004,Aashirvaad Shuddha Chakki Atta 5kg,5,245,1225,TXN-743095
SAL-52778,2026-07-16,STR-001,PRD-1089,Sprite Lemon-Lime 750ml,9,40,360,TXN-235492
SAL-52779,2026-07-16,STR-001,PRD-1050,Britannia 100% Whole Wheat Bread 400g,14,50,700,TXN-120887
SAL-52780,2026-07-16,STR-001,PRD-1136,Ching's Secret Dark Soy Sauce 210g,2,65,130,TXN-122143
SAL-52781,2026-07-16,STR-001,PRD-1080,Murukku Traditional 250g,5,80,400,TXN-194636
SAL-52782,2026-07-16,STR-001,PRD-1071,Britannia Milk Bikis 200g,8,35,280,TXN-449477
SAL-52783,2026-07-16,STR-001,PRD-1096,Bisleri Water Bottle 2L,2,30,60,TXN-904092
SAL-52784,2026-07-16,STR-002,PRD-1169,Parachute Advansed Jasmine Hair Oil 200ml,4,105,420,TXN-166547
SAL-52785,2026-07-16,STR-002,PRD-1055,Britannia Gobbles Marble Cake 110g,25,35,875,TXN-643842
SAL-52786,2026-07-16,STR-003,PRD-1174,Vaseline Total Moisture Body Lotion 200ml,2,215,430,TXN-661483
SAL-52787,2026-07-16,STR-001,PRD-1068,Parle Monaco Salted Biscuit 200g,4,30,120,TXN-264618
SAL-52788,2026-07-16,STR-001,PRD-1179,Colin Glass Cleaner Spray 500ml,7,105,735,TXN-514739
SAL-52789,2026-07-16,STR-002,PRD-1102,Nescafe Classic Instant Coffee 50g,6,160,960,TXN-340474
SAL-52790,2026-07-16,STR-001,PRD-1048,Amul Fresh Condensed Milk 400g,1,130,130,TXN-269244
SAL-52791,2026-07-16,STR-002,PRD-1072,Unibic Assorted Cookies 75g,1,45,45,TXN-447605
SAL-52792,2026-07-16,STR-003,PRD-1032,Parachute Coconut Oil 500ml,1,190,190,TXN-679811
SAL-52793,2026-07-16,STR-001,PRD-1186,Pitambari Shining Powder 200g,4,40,160,TXN-114303
SAL-52794,2026-07-16,STR-003,PRD-1077,Bingo Mad Angles Cream & Onion 70g,1,20,20,TXN-121001
SAL-52795,2026-07-16,STR-002,PRD-1002,Ponni Boiled Rice 10kg,3,680,2040,TXN-652133
SAL-52796,2026-07-16,STR-003,PRD-1156,Fresh Mint Leaves 100g,1,12,12,TXN-517267
SAL-52797,2026-07-16,STR-001,PRD-1025,Gold Winner Sunflower Oil 1L,16,145,2320,TXN-144339
SAL-52798,2026-07-16,STR-001,PRD-1177,Harpic Power Plus Toilet Cleaner 500ml,6,95,570,TXN-416110
SAL-52799,2026-07-16,STR-003,PRD-1075,Lays Classic Salted Potato Chips 50g,10,20,200,TXN-762233
SAL-52800,2026-07-16,STR-001,PRD-1065,Britannia Good Day Butter 200g,15,45,675,TXN-359322
SAL-52801,2026-07-16,STR-001,PRD-1151,Hybrid Tomato 1kg,1,40,40,TXN-886343
SAL-52802,2026-07-16,STR-002,PRD-1095,Kinley Packaged Drinking Water 1L,8,20,160,TXN-922139
SAL-52803,2026-07-16,STR-002,PRD-1137,Del Monte Whole Corn Canned 415g,2,95,190,TXN-520217
SAL-52804,2026-07-16,STR-001,PRD-1085,Paper Boat Mango Juice 250ml,9,35,315,TXN-876497
SAL-52805,2026-07-16,STR-001,PRD-1126,Eastern Chicken Masala 100g,4,42,168,TXN-189041
SAL-52806,2026-07-16,STR-002,PRD-1174,Vaseline Total Moisture Body Lotion 200ml,1,215,215,TXN-629016
SAL-52807,2026-07-16,STR-002,PRD-1191,Eveready Red AA Batteries (4-Pack),2,60,120,TXN-899419
SAL-52808,2026-07-16,STR-003,PRD-1065,Britannia Good Day Butter 200g,16,45,720,TXN-121133
SAL-52809,2026-07-16,STR-003,PRD-1108,Boost Health Drink 500g Refill,2,235,470,TXN-970581
SAL-52810,2026-07-16,STR-001,PRD-1084,Pringles Sour Cream & Onion 107g,2,115,230,TXN-259223
SAL-52811,2026-07-16,STR-002,PRD-1176,Surf Excel Quick Wash Detergent Powder 1kg,1,210,210,TXN-971861
SAL-52812,2026-07-16,STR-002,PRD-1141,Nagpur Oranges 1kg,6,90,540,TXN-427354
SAL-52813,2026-07-16,STR-001,PRD-1129,Aachi Lime Pickle 300g,2,65,130,TXN-545804
SAL-52814,2026-07-16,STR-003,PRD-1195,Cycle Pure Agarbatti Three in One 250g,13,95,1235,TXN-124570
SAL-52815,2026-07-16,STR-002,PRD-1173,Himalaya Purifying Neem Face Wash 100ml,2,140,280,TXN-581197
SAL-52816,2026-07-16,STR-001,PRD-1107,Horlicks Classic Malt 500g Jar,2,245,490,TXN-377107
SAL-52817,2026-07-16,STR-002,PRD-1035,Saffola Gold Edible Oil 1L,10,195,1950,TXN-704190
SAL-52818,2026-07-16,STR-002,PRD-1041,Amul Pasteurised Butter 100g,2,58,116,TXN-526068
SAL-52819,2026-07-16,STR-001,PRD-1104,Cothas Coffee Chicory Blend 500g,1,220,220,TXN-606828
SAL-52820,2026-07-16,STR-002,PRD-1151,Hybrid Tomato 1kg,2,40,80,TXN-837022
SAL-52821,2026-07-16,STR-001,PRD-1161,Mysore Sandal Soap 125g,4,55,220,TXN-356496
SAL-52822,2026-07-16,STR-003,PRD-1117,MTR Rava Idli Mix 500g,3,110,330,TXN-621178
SAL-52823,2026-07-16,STR-003,PRD-1089,Sprite Lemon-Lime 750ml,12,40,480,TXN-490843
SAL-52824,2026-07-16,STR-002,PRD-1153,Ladies Finger (Bhindi) 500g,5,30,150,TXN-849290
SAL-52825,2026-07-16,STR-002,PRD-1042,Amul Cheese Slices 200g,2,140,280,TXN-334944
SAL-52826,2026-07-17,STR-001,PRD-1208,Mee Mee Baby Laundry Detergent 1L,1,380,380,TXN-109708
SAL-52827,2026-07-17,STR-001,PRD-1010,Idli Rice 5kg,10,290,2900,TXN-556633
SAL-52828,2026-07-17,STR-002,PRD-1143,Ripe Papaya 1kg,7,50,350,TXN-854914
SAL-52829,2026-07-17,STR-001,PRD-1084,Pringles Sour Cream & Onion 107g,3,115,345,TXN-809553
SAL-52830,2026-07-17,STR-001,PRD-1161,Mysore Sandal Soap 125g,3,55,165,TXN-438046
SAL-52831,2026-07-17,STR-002,PRD-1133,Hershey's Chocolate Syrup 623g,10,230,2300,TXN-489684
SAL-52832,2026-07-17,STR-001,PRD-1172,Dabur Red Toothpowder 100g,5,45,225,TXN-274006
SAL-52833,2026-07-17,STR-003,PRD-1202,Johnson's Baby Powder 200g,2,190,380,TXN-648668
SAL-52834,2026-07-17,STR-001,PRD-1040,Milky Mist Thick Curd 1kg Bucket,1,90,90,TXN-941811
SAL-52835,2026-07-17,STR-002,PRD-1112,Women's Horlicks Caramel 400g,1,310,310,TXN-849181
SAL-52836,2026-07-17,STR-001,PRD-1120,Knorr Thick Tomato Soup 53g,1,40,40,TXN-733882
SAL-52837,2026-07-17,STR-003,PRD-1052,Britannia Fruit Bun 150g,4,25,100,TXN-585365
SAL-52838,2026-07-17,STR-001,PRD-1031,Sundrop SuperLite Oil 1L,3,165,495,TXN-446215
SAL-52839,2026-07-17,STR-001,PRD-1035,Saffola Gold Edible Oil 1L,6,195,1170,TXN-855111
SAL-52840,2026-07-17,STR-001,PRD-1202,Johnson's Baby Powder 200g,3,190,570,TXN-241913
SAL-52841,2026-07-17,STR-003,PRD-1061,Sunfeast Dark Fantasy Choco Fills 300g,3,150,450,TXN-849817
SAL-52842,2026-07-17,STR-002,PRD-1075,Lays Classic Salted Potato Chips 50g,24,20,480,TXN-110298
SAL-52843,2026-07-17,STR-002,PRD-1176,Surf Excel Quick Wash Detergent Powder 1kg,1,210,210,TXN-287931
SAL-52844,2026-07-17,STR-002,PRD-1090,Bovonto Grape Soft Drink 1.5L,13,65,845,TXN-170304
SAL-52845,2026-07-17,STR-003,PRD-1051,Modern Whole Wheat Bread 400g,7,48,336,TXN-105874
SAL-52846,2026-07-17,STR-002,PRD-1145,Green Guava 1kg,14,70,980,TXN-296790
SAL-52847,2026-07-17,STR-003,PRD-1170,Nivea Soft Light Moisturiser 100ml,5,195,975,TXN-198406
SAL-52848,2026-07-17,STR-002,PRD-1188,Good Knight Gold Flash Machine + Refill,8,130,1040,TXN-447115
SAL-52849,2026-07-17,STR-001,PRD-1204,MamyPoko Pants Standard Diaper Medium 34s,1,450,450,TXN-755331
SAL-52850,2026-07-17,STR-002,PRD-1084,Pringles Sour Cream & Onion 107g,5,115,575,TXN-264052
SAL-52851,2026-07-17,STR-001,PRD-1022,Masoor Dal Red 1kg,3,110,330,TXN-767254
SAL-52852,2026-07-17,STR-001,PRD-1178,Lizol Disinfectant Floor Cleaner Citrus 1L,2,215,430,TXN-337009
SAL-52853,2026-07-17,STR-002,PRD-1091,7Up Nimbooz 350ml,3,25,75,TXN-114815
SAL-52854,2026-07-17,STR-002,PRD-1148,Kiwi Fruit 3-Pack,3,120,360,TXN-387918
SAL-52855,2026-07-17,STR-001,PRD-1122,Maggi Cuppa Masala Noodles 70g,9,50,450,TXN-546867
SAL-52856,2026-07-17,STR-001,PRD-1055,Britannia Gobbles Marble Cake 110g,15,35,525,TXN-420602
SAL-52857,2026-07-17,STR-002,PRD-1116,Sunfeast Yippee Magic Masala Noodles 240g,11,48,528,TXN-688368
SAL-52858,2026-07-17,STR-002,PRD-1203,Johnson's Baby Hair Oil 100ml,5,120,600,TXN-791397
SAL-52859,2026-07-17,STR-003,PRD-1146,Mosambi (Sweet Lime) 1kg,3,85,255,TXN-721427
SAL-52860,2026-07-17,STR-001,PRD-1003,Sona Masoori Rice 5kg,2,380,760,TXN-866150
SAL-52861,2026-07-17,STR-001,PRD-1097,3 Roses Dust Tea 250g,2,160,320,TXN-286987
SAL-52862,2026-07-17,STR-001,PRD-1076,Kurkure Masala Munch 85g,3,20,60,TXN-207292
SAL-52863,2026-07-17,STR-002,PRD-1202,Johnson's Baby Powder 200g,2,190,380,TXN-647689
SAL-52864,2026-07-17,STR-001,PRD-1176,Surf Excel Quick Wash Detergent Powder 1kg,1,210,210,TXN-903266
SAL-52865,2026-07-17,STR-001,PRD-1180,Rin Detergent Bar 250g (4-Pack),25,60,1500,TXN-734152
SAL-52866,2026-07-17,STR-001,PRD-1113,Ensure Diabetes Care Vanilla 400g,4,690,2760,TXN-946514
SAL-52867,2026-07-17,STR-002,PRD-1085,Paper Boat Mango Juice 250ml,24,35,840,TXN-745804
SAL-52868,2026-07-17,STR-002,PRD-1166,Pears Soft & Fresh Soap 125g,14,65,910,TXN-596403
SAL-52869,2026-07-17,STR-001,PRD-1174,Vaseline Total Moisture Body Lotion 200ml,3,215,645,TXN-102800
SAL-52870,2026-07-17,STR-002,PRD-1185,Scotch-Brite Scrub Pad Large (3-Pack),17,45,765,TXN-326957
SAL-52871,2026-07-17,STR-001,PRD-1200,Nestle Cerelac Wheat Apple 300g,1,295,295,TXN-942377
SAL-52872,2026-07-17,STR-002,PRD-1030,Amul Pure Ghee 1L Tin,22,620,13640,TXN-250295
SAL-52873,2026-07-17,STR-003,PRD-1038,Aavin Full Cream Milk 500ml,1,30,30,TXN-100258
SAL-52874,2026-07-17,STR-002,PRD-1153,Ladies Finger (Bhindi) 500g,3,30,90,TXN-154724
SAL-52875,2026-07-17,STR-003,PRD-1028,Aavin Pure Ghee 500ml,3,315,945,TXN-946446
SAL-52876,2026-07-17,STR-003,PRD-1135,Baking Soda 100g,20,25,500,TXN-797137
SAL-52877,2026-07-17,STR-003,PRD-1046,Cavins Milkshake Strawberry 200ml,4,40,160,TXN-417255
SAL-52878,2026-07-17,STR-003,PRD-1005,Pillsbury Chakki Fresh Atta 5kg,15,240,3600,TXN-222994
SAL-52879,2026-07-17,STR-001,PRD-1059,Parle-G Glucose Biscuit 250g,4,30,120,TXN-512349
SAL-52880,2026-07-17,STR-002,PRD-1187,All Out Mosquito Repellent Refill 45ml (2-Pack),3,145,435,TXN-504257
SAL-52881,2026-07-17,STR-003,PRD-1044,Amul Taaza Homogenised Milk 1L Pack,5,72,360,TXN-472235
SAL-52882,2026-07-17,STR-003,PRD-1060,Britannia Bourbon Chocolate Biscuit 150g,12,35,420,TXN-647341
SAL-52883,2026-07-17,STR-001,PRD-1072,Unibic Assorted Cookies 75g,1,45,45,TXN-181998
SAL-52884,2026-07-17,STR-001,PRD-1158,Ginger 250g,3,40,120,TXN-983101
SAL-52885,2026-07-17,STR-003,PRD-1041,Amul Pasteurised Butter 100g,2,58,116,TXN-274185
SAL-52886,2026-07-17,STR-001,PRD-1153,Ladies Finger (Bhindi) 500g,6,30,180,TXN-980673
SAL-52887,2026-07-17,STR-003,PRD-1178,Lizol Disinfectant Floor Cleaner Citrus 1L,4,215,860,TXN-563100
SAL-52888,2026-07-17,STR-001,PRD-1062,Britannia Marie Gold 300g,4,40,160,TXN-927289
SAL-52889,2026-07-17,STR-001,PRD-1189,Odonil Room Air Freshener Spray Citrus 220ml,2,160,320,TXN-226080
SAL-52890,2026-07-17,STR-002,PRD-1175,Vim Dishwash Gel Lemon 500ml,22,115,2530,TXN-556564
SAL-52891,2026-07-17,STR-002,PRD-1051,Modern Whole Wheat Bread 400g,4,48,192,TXN-286659
SAL-52892,2026-07-17,STR-001,PRD-1197,Tissue Paper Napkins 100 Sheets,3,40,120,TXN-483450
SAL-52893,2026-07-18,STR-001,PRD-1168,Sunsilk Black Shine Shampoo 180ml,1,125,125,TXN-379588
SAL-52894,2026-07-18,STR-001,PRD-1125,Aachi Biryani Masala 100g,2,45,90,TXN-564937
SAL-52895,2026-07-18,STR-001,PRD-1153,Ladies Finger (Bhindi) 500g,3,30,90,TXN-738088
SAL-52896,2026-07-18,STR-002,PRD-1077,Bingo Mad Angles Cream & Onion 70g,3,20,60,TXN-630019
SAL-52897,2026-07-18,STR-003,PRD-1201,Himalaya Gentle Baby Soap 75g (3-Pack),3,135,405,TXN-766160
SAL-52898,2026-07-18,STR-002,PRD-1069,Parle Krackjack Sweet & Salty 200g,4,30,120,TXN-978559
SAL-52899,2026-07-18,STR-001,PRD-1138,Knorr Dark Soy Sauce 200ml,4,70,280,TXN-426279
SAL-52900,2026-07-18,STR-002,PRD-1135,Baking Soda 100g,12,25,300,TXN-467719
SAL-52901,2026-07-18,STR-002,PRD-1065,Britannia Good Day Butter 200g,7,45,315,TXN-588900
SAL-52902,2026-07-18,STR-003,PRD-1004,Aashirvaad Shuddha Chakki Atta 5kg,5,245,1225,TXN-830115
SAL-52903,2026-07-18,STR-001,PRD-1071,Britannia Milk Bikis 200g,3,35,105,TXN-585496
SAL-52904,2026-07-18,STR-002,PRD-1159,Garlic 250g,1,60,60,TXN-194960
SAL-52905,2026-07-18,STR-002,PRD-1130,Nutella Hazelnut Spread 350g Jar,14,380,5320,TXN-190615
SAL-52906,2026-07-18,STR-002,PRD-1189,Odonil Room Air Freshener Spray Citrus 220ml,1,160,160,TXN-719864
SAL-52907,2026-07-18,STR-003,PRD-1070,Hide & Seek Chocolate Chip Biscuits 120g,21,40,840,TXN-121084
SAL-52908,2026-07-18,STR-001,PRD-1003,Sona Masoori Rice 5kg,4,380,1520,TXN-927050
SAL-52909,2026-07-18,STR-001,PRD-1112,Women's Horlicks Caramel 400g,1,310,310,TXN-768934
SAL-52910,2026-07-18,STR-003,PRD-1118,MTR Rava Dosa Mix 500g,1,115,115,TXN-859459
SAL-52911,2026-07-18,STR-003,PRD-1034,Dhara Mustard Oil 1L,19,155,2945,TXN-422733
SAL-52912,2026-07-18,STR-001,PRD-1133,Hershey's Chocolate Syrup 623g,14,230,3220,TXN-773518
SAL-52913,2026-07-18,STR-003,PRD-1091,7Up Nimbooz 350ml,4,25,100,TXN-300368
SAL-52914,2026-07-18,STR-001,PRD-1181,Comfort After Wash Fabric Conditioner 860ml,5,235,1175,TXN-873964
SAL-52915,2026-07-18,STR-003,PRD-1005,Pillsbury Chakki Fresh Atta 5kg,9,240,2160,TXN-155926
SAL-52916,2026-07-18,STR-003,PRD-1098,Tata Tea Gold 500g,6,290,1740,TXN-401021
SAL-52917,2026-07-18,STR-001,PRD-1013,Tata Sampann Toor Dal 1kg,4,165,660,TXN-247247
SAL-52918,2026-07-18,STR-002,PRD-1099,Red Label Natural Care Tea 250g,4,170,680,TXN-534092
SAL-52919,2026-07-18,STR-003,PRD-1172,Dabur Red Toothpowder 100g,4,45,180,TXN-297389
SAL-52920,2026-07-18,STR-003,PRD-1143,Ripe Papaya 1kg,5,50,250,TXN-308902
SAL-52921,2026-07-18,STR-003,PRD-1016,Urad Dal Black Whole 1kg,1,155,155,TXN-409258
SAL-52922,2026-07-18,STR-001,PRD-1099,Red Label Natural Care Tea 250g,4,170,680,TXN-560952
SAL-52923,2026-07-18,STR-002,PRD-1021,Kabuli Chana 1kg,4,140,560,TXN-613682
SAL-52924,2026-07-18,STR-001,PRD-1206,Sebamed Baby Protective Facial Cream 50ml,5,780,3900,TXN-481276
SAL-52925,2026-07-18,STR-001,PRD-1012,Maida Flour 1kg,8,55,440,TXN-773003
SAL-52926,2026-07-18,STR-001,PRD-1170,Nivea Soft Light Moisturiser 100ml,6,195,1170,TXN-969793
SAL-52927,2026-07-18,STR-001,PRD-1164,Colgate Strong Teeth Toothpaste 150g,2,95,190,TXN-972132
SAL-52928,2026-07-18,STR-001,PRD-1177,Harpic Power Plus Toilet Cleaner 500ml,6,95,570,TXN-975271
SAL-52929,2026-07-18,STR-001,PRD-1063,Oreo Vanilla Cream Biscuit 120g,5,35,175,TXN-263267
SAL-52930,2026-07-18,STR-003,PRD-1170,Nivea Soft Light Moisturiser 100ml,7,195,1365,TXN-320895
SAL-52931,2026-07-18,STR-002,PRD-1038,Aavin Full Cream Milk 500ml,4,30,120,TXN-815147
SAL-52932,2026-07-18,STR-002,PRD-1133,Hershey's Chocolate Syrup 623g,11,230,2530,TXN-628236
SAL-52933,2026-07-18,STR-002,PRD-1011,Seeraga Samba Rice 1kg,2,145,290,TXN-879230
SAL-52934,2026-07-18,STR-003,PRD-1055,Britannia Gobbles Marble Cake 110g,22,35,770,TXN-195166
SAL-52935,2026-07-18,STR-002,PRD-1064,Britannia Good Day Cashew 200g,1,50,50,TXN-320958
SAL-52936,2026-07-18,STR-001,PRD-1048,Amul Fresh Condensed Milk 400g,1,130,130,TXN-590406
SAL-52937,2026-07-18,STR-003,PRD-1030,Amul Pure Ghee 1L Tin,10,620,6200,TXN-220898
SAL-52938,2026-07-18,STR-002,PRD-1151,Hybrid Tomato 1kg,2,40,80,TXN-761770
SAL-52939,2026-07-18,STR-001,PRD-1044,Amul Taaza Homogenised Milk 1L Pack,3,72,216,TXN-246606
SAL-52940,2026-07-18,STR-001,PRD-1021,Kabuli Chana 1kg,3,140,420,TXN-438680
SAL-52941,2026-07-18,STR-001,PRD-1160,Curry Leaves 50g Bundle,1,10,10,TXN-496267
SAL-52942,2026-07-18,STR-002,PRD-1023,Horse Gram (Kollu) 500g,10,60,600,TXN-135494
SAL-52943,2026-07-18,STR-002,PRD-1113,Ensure Diabetes Care Vanilla 400g,3,690,2070,TXN-209694
SAL-52944,2026-07-18,STR-003,PRD-1035,Saffola Gold Edible Oil 1L,5,195,975,TXN-108281
SAL-52945,2026-07-18,STR-003,PRD-1100,Chakra Gold Tea 250g,8,150,1200,TXN-205075
SAL-52946,2026-07-18,STR-002,PRD-1070,Hide & Seek Chocolate Chip Biscuits 120g,11,40,440,TXN-475394
SAL-52947,2026-07-18,STR-001,PRD-1007,Saffola Masala Oats 500g,1,175,175,TXN-589518
SAL-52948,2026-07-18,STR-001,PRD-1120,Knorr Thick Tomato Soup 53g,1,40,40,TXN-888576
SAL-52949,2026-07-18,STR-003,PRD-1114,Milo Cocoa Beverage Powder 400g,1,220,220,TXN-948530
SAL-52950,2026-07-18,STR-003,PRD-1061,Sunfeast Dark Fantasy Choco Fills 300g,5,150,750,TXN-722408
SAL-52951,2026-07-18,STR-002,PRD-1132,Sundrop Peanut Butter Crunchy 500g,3,195,585,TXN-556097
SAL-52952,2026-07-18,STR-001,PRD-1186,Pitambari Shining Powder 200g,4,40,160,TXN-596576
SAL-52953,2026-07-18,STR-001,PRD-1006,Quaker Oats 1kg,6,195,1170,TXN-364843
SAL-52954,2026-07-18,STR-002,PRD-1145,Green Guava 1kg,22,70,1540,TXN-730133
SAL-52955,2026-07-18,STR-002,PRD-1150,Fresh Potato 1kg,12,30,360,TXN-811517
SAL-52956,2026-07-18,STR-001,PRD-1023,Horse Gram (Kollu) 500g,8,60,480,TXN-142078
SAL-52957,2026-07-18,STR-002,PRD-1024,Black Eyed Beans (Karamani) 500g,1,70,70,TXN-345684
SAL-52958,2026-07-18,STR-001,PRD-1070,Hide & Seek Chocolate Chip Biscuits 120g,21,40,840,TXN-631586
SAL-52959,2026-07-18,STR-003,PRD-1180,Rin Detergent Bar 250g (4-Pack),7,60,420,TXN-546582
SAL-52960,2026-07-19,STR-002,PRD-1097,3 Roses Dust Tea 250g,4,160,640,TXN-963227
SAL-52961,2026-07-19,STR-001,PRD-1208,Mee Mee Baby Laundry Detergent 1L,1,380,380,TXN-728275
SAL-52962,2026-07-19,STR-003,PRD-1144,Pomegranate Kabuli 1kg,13,210,2730,TXN-181023
SAL-52963,2026-07-19,STR-002,PRD-1011,Seeraga Samba Rice 1kg,2,145,290,TXN-244787
SAL-52964,2026-07-19,STR-003,PRD-1059,Parle-G Glucose Biscuit 250g,4,30,120,TXN-146397
SAL-52965,2026-07-19,STR-003,PRD-1184,Ariel Matic Front Load Detergent 1kg,1,280,280,TXN-556550
SAL-52966,2026-07-19,STR-003,PRD-1060,Britannia Bourbon Chocolate Biscuit 150g,8,35,280,TXN-502722
SAL-52967,2026-07-19,STR-003,PRD-1108,Boost Health Drink 500g Refill,5,235,1175,TXN-546390
SAL-52968,2026-07-19,STR-003,PRD-1188,Good Knight Gold Flash Machine + Refill,6,130,780,TXN-426203
SAL-52969,2026-07-19,STR-002,PRD-1072,Unibic Assorted Cookies 75g,1,45,45,TXN-961169
SAL-52970,2026-07-19,STR-002,PRD-1204,MamyPoko Pants Standard Diaper Medium 34s,5,450,2250,TXN-373698
SAL-52971,2026-07-19,STR-001,PRD-1051,Modern Whole Wheat Bread 400g,5,48,240,TXN-542223
SAL-52972,2026-07-19,STR-003,PRD-1047,Milky Mist Fresh Cream 200ml,3,70,210,TXN-517559
SAL-52973,2026-07-19,STR-002,PRD-1120,Knorr Thick Tomato Soup 53g,1,40,40,TXN-974756
SAL-52974,2026-07-19,STR-002,PRD-1020,Fried Gram (Pottukadalai) 500g,13,75,975,TXN-945392
SAL-52975,2026-07-19,STR-002,PRD-1033,V.V.D Gold Coconut Oil 500ml,2,185,370,TXN-819391
SAL-52976,2026-07-19,STR-003,PRD-1111,Pediasure Chocolate 400g Jar,15,620,9300,TXN-787728
SAL-52977,2026-07-19,STR-003,PRD-1051,Modern Whole Wheat Bread 400g,6,48,288,TXN-942583
SAL-52978,2026-07-19,STR-001,PRD-1125,Aachi Biryani Masala 100g,6,45,270,TXN-268698
SAL-52979,2026-07-19,STR-002,PRD-1165,Sensodyne Rapid Relief Toothpaste 80g,11,170,1870,TXN-702597
SAL-52980,2026-07-19,STR-001,PRD-1143,Ripe Papaya 1kg,7,50,350,TXN-819636
SAL-52981,2026-07-19,STR-002,PRD-1060,Britannia Bourbon Chocolate Biscuit 150g,19,35,665,TXN-609754
SAL-52982,2026-07-19,STR-001,PRD-1166,Pears Soft & Fresh Soap 125g,13,65,845,TXN-802750
SAL-52983,2026-07-19,STR-001,PRD-1001,India Gate Basmati Rice 5kg,7,520,3640,TXN-908829
SAL-52984,2026-07-19,STR-001,PRD-1054,Garlic Butter Toast 150g,2,40,80,TXN-545625
SAL-52985,2026-07-19,STR-001,PRD-1073,Haldiram Nagpur Aloo Bhujia 200g,4,60,240,TXN-764920
SAL-52986,2026-07-19,STR-003,PRD-1062,Britannia Marie Gold 300g,2,40,80,TXN-946331
SAL-52987,2026-07-19,STR-001,PRD-1109,Bournvita Chocolate Health Drink 500g,4,240,960,TXN-572142
SAL-52988,2026-07-19,STR-001,PRD-1111,Pediasure Chocolate 400g Jar,10,620,6200,TXN-918941
SAL-52989,2026-07-19,STR-001,PRD-1030,Amul Pure Ghee 1L Tin,16,620,9920,TXN-451339
SAL-52990,2026-07-19,STR-002,PRD-1067,Britannia NutriChoice Digestive 250g,14,65,910,TXN-482585
SAL-52991,2026-07-19,STR-002,PRD-1085,Paper Boat Mango Juice 250ml,12,35,420,TXN-287526
SAL-52992,2026-07-19,STR-001,PRD-1074,Lays Magic Masala Potato Chips 50g,8,20,160,TXN-657540
SAL-52993,2026-07-19,STR-003,PRD-1088,Coca-Cola Original Taste 750ml,1,40,40,TXN-107294
SAL-52994,2026-07-19,STR-001,PRD-1056,Winkies Chocolate Swiss Roll 100g,9,30,270,TXN-841935
SAL-52995,2026-07-19,STR-001,PRD-1200,Nestle Cerelac Wheat Apple 300g,1,295,295,TXN-307212
SAL-52996,2026-07-19,STR-002,PRD-1135,Baking Soda 100g,17,25,425,TXN-744371
SAL-52997,2026-07-19,STR-001,PRD-1003,Sona Masoori Rice 5kg,4,380,1520,TXN-577090
SAL-52998,2026-07-19,STR-001,PRD-1172,Dabur Red Toothpowder 100g,4,45,180,TXN-587339
SAL-52999,2026-07-19,STR-002,PRD-1058,Pav Bun 6-Pack,1,35,35,TXN-227455
SAL-53000,2026-07-19,STR-002,PRD-1124,MTR Gulab Jamun Mix 175g,3,95,285,TXN-582607
SAL-53001,2026-07-19,STR-001,PRD-1037,Aavin Toned Milk 500ml Pouch,4,24,96,TXN-728441
SAL-53002,2026-07-19,STR-001,PRD-1170,Nivea Soft Light Moisturiser 100ml,8,195,1560,TXN-364583
SAL-53003,2026-07-19,STR-002,PRD-1198,Garbage Bags Black Medium 30 Sheets,4,90,360,TXN-807784
SAL-53004,2026-07-19,STR-002,PRD-1142,Seedless Black Grapes 500g,2,80,160,TXN-958961
SAL-53005,2026-07-19,STR-001,PRD-1077,Bingo Mad Angles Cream & Onion 70g,2,20,40,TXN-380216
SAL-53006,2026-07-19,STR-002,PRD-1170,Nivea Soft Light Moisturiser 100ml,2,195,390,TXN-474221
SAL-53007,2026-07-19,STR-001,PRD-1136,Ching's Secret Dark Soy Sauce 210g,1,65,65,TXN-568472
SAL-53008,2026-07-19,STR-001,PRD-1167,Dove Cream Beauty Bathing Bar 125g,4,75,300,TXN-766876
SAL-53009,2026-07-19,STR-001,PRD-1088,Coca-Cola Original Taste 750ml,1,40,40,TXN-217108
SAL-53010,2026-07-19,STR-002,PRD-1035,Saffola Gold Edible Oil 1L,6,195,1170,TXN-138390
SAL-53011,2026-07-19,STR-003,PRD-1139,Fresh Shimla Apples 1kg,3,180,540,TXN-515461
SAL-53012,2026-07-19,STR-001,PRD-1047,Milky Mist Fresh Cream 200ml,3,70,210,TXN-188129
SAL-53013,2026-07-19,STR-001,PRD-1115,Maggi 2-Minute Masala Noodles 280g (4-Pack),21,56,1176,TXN-232177
SAL-53014,2026-07-19,STR-003,PRD-1048,Amul Fresh Condensed Milk 400g,1,130,130,TXN-763664
SAL-53015,2026-07-19,STR-002,PRD-1144,Pomegranate Kabuli 1kg,11,210,2310,TXN-388039
SAL-53016,2026-07-19,STR-002,PRD-1102,Nescafe Classic Instant Coffee 50g,5,160,800,TXN-965674
SAL-53017,2026-07-19,STR-001,PRD-1153,Ladies Finger (Bhindi) 500g,7,30,210,TXN-868278
SAL-53018,2026-07-19,STR-002,PRD-1192,Freshwrap Aluminum Foil 18m Roll,2,175,350,TXN-696711
SAL-53019,2026-07-19,STR-003,PRD-1026,Idhayam Sesame/Gingelly Oil 1L,6,320,1920,TXN-180253
SAL-53020,2026-07-19,STR-002,PRD-1125,Aachi Biryani Masala 100g,4,45,180,TXN-140147
SAL-53021,2026-07-19,STR-001,PRD-1176,Surf Excel Quick Wash Detergent Powder 1kg,1,210,210,TXN-858970
SAL-53022,2026-07-19,STR-003,PRD-1010,Idli Rice 5kg,19,290,5510,TXN-206034
SAL-53023,2026-07-19,STR-003,PRD-1080,Murukku Traditional 250g,6,80,480,TXN-860636
SAL-53024,2026-07-19,STR-001,PRD-1065,Britannia Good Day Butter 200g,7,45,315,TXN-767671
SAL-53025,2026-07-19,STR-001,PRD-1085,Paper Boat Mango Juice 250ml,19,35,665,TXN-543054
SAL-53026,2026-07-19,STR-001,PRD-1133,Hershey's Chocolate Syrup 623g,9,230,2070,TXN-292864
SAL-53027,2026-07-19,STR-003,PRD-1130,Nutella Hazelnut Spread 350g Jar,28,380,10640,TXN-369335
SAL-53028,2026-07-20,STR-002,PRD-1029,Hatsun Pure Cow Ghee 500ml,3,330,990,TXN-405998
SAL-53029,2026-07-20,STR-002,PRD-1156,Fresh Mint Leaves 100g,5,12,60,TXN-573431
SAL-53030,2026-07-20,STR-003,PRD-1042,Amul Cheese Slices 200g,6,140,840,TXN-131000
SAL-53031,2026-07-20,STR-003,PRD-1069,Parle Krackjack Sweet & Salty 200g,3,30,90,TXN-713350
SAL-53032,2026-07-20,STR-003,PRD-1205,Himalaya Baby Lotion 200ml,10,175,1750,TXN-468706
SAL-53033,2026-07-20,STR-003,PRD-1094,Red Bull Energy Drink 250ml,4,125,500,TXN-535571
SAL-53034,2026-07-20,STR-003,PRD-1109,Bournvita Chocolate Health Drink 500g,4,240,960,TXN-124545
SAL-53035,2026-07-20,STR-002,PRD-1185,Scotch-Brite Scrub Pad Large (3-Pack),16,45,720,TXN-397677
SAL-53036,2026-07-20,STR-002,PRD-1194,Mangaldeep Sandal Agarbatti 100g,2,50,100,TXN-614595
SAL-53037,2026-07-20,STR-002,PRD-1088,Coca-Cola Original Taste 750ml,1,40,40,TXN-493514
SAL-53038,2026-07-20,STR-003,PRD-1018,Rajma Red Kidney Beans 500g,6,95,570,TXN-238094
SAL-53039,2026-07-20,STR-002,PRD-1135,Baking Soda 100g,14,25,350,TXN-990941
SAL-53040,2026-07-20,STR-003,PRD-1206,Sebamed Baby Protective Facial Cream 50ml,3,780,2340,TXN-514973
SAL-53041,2026-07-20,STR-003,PRD-1170,Nivea Soft Light Moisturiser 100ml,5,195,975,TXN-216006
SAL-53042,2026-07-20,STR-001,PRD-1078,Hot & Crispy Banana Chips 250g,10,90,900,TXN-287299
SAL-53043,2026-07-20,STR-002,PRD-1099,Red Label Natural Care Tea 250g,6,170,1020,TXN-520601
SAL-53044,2026-07-20,STR-003,PRD-1067,Britannia NutriChoice Digestive 250g,13,65,845,TXN-469124
SAL-53045,2026-07-20,STR-002,PRD-1100,Chakra Gold Tea 250g,13,150,1950,TXN-538493
SAL-53046,2026-07-20,STR-003,PRD-1180,Rin Detergent Bar 250g (4-Pack),18,60,1080,TXN-392426
SAL-53047,2026-07-20,STR-002,PRD-1017,Urad Dal White Split 1kg,5,160,800,TXN-480816
SAL-53048,2026-07-20,STR-001,PRD-1144,Pomegranate Kabuli 1kg,10,210,2100,TXN-796500
SAL-53049,2026-07-20,STR-001,PRD-1103,Narasus Pure Filter Coffee 200g,3,120,360,TXN-433211
SAL-53050,2026-07-20,STR-003,PRD-1098,Tata Tea Gold 500g,6,290,1740,TXN-658375
SAL-53051,2026-07-20,STR-001,PRD-1003,Sona Masoori Rice 5kg,3,380,1140,TXN-523589
SAL-53052,2026-07-20,STR-003,PRD-1146,Mosambi (Sweet Lime) 1kg,4,85,340,TXN-586449
SAL-53053,2026-07-20,STR-002,PRD-1075,Lays Classic Salted Potato Chips 50g,14,20,280,TXN-571288
SAL-53054,2026-07-20,STR-003,PRD-1007,Saffola Masala Oats 500g,3,175,525,TXN-286255
SAL-53055,2026-07-20,STR-003,PRD-1149,Fresh Red Onion 1kg,2,35,70,TXN-103499
SAL-53056,2026-07-20,STR-002,PRD-1047,Milky Mist Fresh Cream 200ml,2,70,140,TXN-450281
SAL-53057,2026-07-20,STR-003,PRD-1096,Bisleri Water Bottle 2L,1,30,30,TXN-788065
SAL-53058,2026-07-20,STR-003,PRD-1166,Pears Soft & Fresh Soap 125g,8,65,520,TXN-203099
SAL-53059,2026-07-20,STR-001,PRD-1115,Maggi 2-Minute Masala Noodles 280g (4-Pack),18,56,1008,TXN-784829
SAL-53060,2026-07-20,STR-003,PRD-1035,Saffola Gold Edible Oil 1L,4,195,780,TXN-538587
SAL-53061,2026-07-20,STR-002,PRD-1080,Murukku Traditional 250g,5,80,400,TXN-767331
SAL-53062,2026-07-20,STR-003,PRD-1081,Ribbon Pakoda 200g,1,75,75,TXN-335082
SAL-53063,2026-07-20,STR-002,PRD-1007,Saffola Masala Oats 500g,2,175,350,TXN-750033
SAL-53064,2026-07-20,STR-002,PRD-1117,MTR Rava Idli Mix 500g,4,110,440,TXN-184416
SAL-53065,2026-07-20,STR-001,PRD-1024,Black Eyed Beans (Karamani) 500g,1,70,70,TXN-867712
SAL-53066,2026-07-20,STR-001,PRD-1104,Cothas Coffee Chicory Blend 500g,1,220,220,TXN-123942
SAL-53067,2026-07-20,STR-001,PRD-1166,Pears Soft & Fresh Soap 125g,9,65,585,TXN-362081
SAL-53068,2026-07-20,STR-003,PRD-1151,Hybrid Tomato 1kg,2,40,80,TXN-755879
SAL-53069,2026-07-20,STR-003,PRD-1118,MTR Rava Dosa Mix 500g,1,115,115,TXN-488283
SAL-53070,2026-07-20,STR-001,PRD-1195,Cycle Pure Agarbatti Three in One 250g,8,95,760,TXN-730553
SAL-53071,2026-07-20,STR-002,PRD-1140,Robusta Bananas 1kg,20,45,900,TXN-785890
SAL-53072,2026-07-20,STR-003,PRD-1171,Gillette Guard Razor 1-Pack,4,25,100,TXN-636174
SAL-53073,2026-07-20,STR-001,PRD-1201,Himalaya Gentle Baby Soap 75g (3-Pack),7,135,945,TXN-991613
SAL-53074,2026-07-20,STR-002,PRD-1005,Pillsbury Chakki Fresh Atta 5kg,26,240,6240,TXN-580005
SAL-53075,2026-07-20,STR-001,PRD-1124,MTR Gulab Jamun Mix 175g,4,95,380,TXN-350940
SAL-53076,2026-07-20,STR-001,PRD-1123,Top Ramen Curry Noodles 280g,3,55,165,TXN-847417
SAL-53077,2026-07-20,STR-003,PRD-1115,Maggi 2-Minute Masala Noodles 280g (4-Pack),28,56,1568,TXN-438400
SAL-53078,2026-07-20,STR-001,PRD-1125,Aachi Biryani Masala 100g,3,45,135,TXN-167961
SAL-53079,2026-07-20,STR-002,PRD-1160,Curry Leaves 50g Bundle,2,10,20,TXN-317062
SAL-53080,2026-07-20,STR-002,PRD-1055,Britannia Gobbles Marble Cake 110g,23,35,805,TXN-581498
SAL-53081,2026-07-20,STR-003,PRD-1179,Colin Glass Cleaner Spray 500ml,5,105,525,TXN-732552
SAL-53082,2026-07-20,STR-002,PRD-1076,Kurkure Masala Munch 85g,3,20,60,TXN-353633
SAL-53083,2026-07-20,STR-001,PRD-1192,Freshwrap Aluminum Foil 18m Roll,1,175,175,TXN-583819
SAL-53084,2026-07-20,STR-001,PRD-1062,Britannia Marie Gold 300g,4,40,160,TXN-216556
SAL-53085,2026-07-20,STR-003,PRD-1140,Robusta Bananas 1kg,27,45,1215,TXN-978576
SAL-53086,2026-07-20,STR-002,PRD-1145,Green Guava 1kg,11,70,770,TXN-584664
SAL-53087,2026-07-20,STR-003,PRD-1012,Maida Flour 1kg,13,55,715,TXN-173234
SAL-53088,2026-07-20,STR-001,PRD-1206,Sebamed Baby Protective Facial Cream 50ml,3,780,2340,TXN-133892
SAL-53089,2026-07-20,STR-001,PRD-1029,Hatsun Pure Cow Ghee 500ml,6,330,1980,TXN-526085
SAL-53090,2026-07-20,STR-002,PRD-1175,Vim Dishwash Gel Lemon 500ml,28,115,3220,TXN-593050
SAL-53091,2026-07-20,STR-001,PRD-1202,Johnson's Baby Powder 200g,3,190,570,TXN-173783
SAL-53092,2026-07-20,STR-003,PRD-1124,MTR Gulab Jamun Mix 175g,4,95,380,TXN-372660
SAL-53093,2026-07-20,STR-001,PRD-1031,Sundrop SuperLite Oil 1L,6,165,990,TXN-663443
SAL-53094,2026-07-20,STR-001,PRD-1191,Eveready Red AA Batteries (4-Pack),3,60,180,TXN-914320
SAL-53095,2026-07-21,STR-002,PRD-1192,Freshwrap Aluminum Foil 18m Roll,1,175,175,TXN-633296
SAL-53096,2026-07-21,STR-003,PRD-1009,Raw Rice 5kg,2,320,640,TXN-641922
SAL-53097,2026-07-21,STR-002,PRD-1158,Ginger 250g,3,40,120,TXN-748502
SAL-53098,2026-07-21,STR-002,PRD-1173,Himalaya Purifying Neem Face Wash 100ml,4,140,560,TXN-460934
SAL-53099,2026-07-21,STR-002,PRD-1022,Masoor Dal Red 1kg,5,110,550,TXN-715656
SAL-53100,2026-07-21,STR-003,PRD-1143,Ripe Papaya 1kg,5,50,250,TXN-608817
SAL-53101,2026-07-21,STR-001,PRD-1015,Chana Dal 1kg,21,115,2415,TXN-650750
SAL-53102,2026-07-21,STR-002,PRD-1144,Pomegranate Kabuli 1kg,10,210,2100,TXN-801229
SAL-53103,2026-07-21,STR-002,PRD-1184,Ariel Matic Front Load Detergent 1kg,1,280,280,TXN-458997
SAL-53104,2026-07-21,STR-003,PRD-1158,Ginger 250g,1,40,40,TXN-316456
SAL-53105,2026-07-21,STR-002,PRD-1154,Green Capsicum 500g,2,45,90,TXN-391835
SAL-53106,2026-07-21,STR-003,PRD-1045,Aavin Flavoured Milk Chocolate 200ml,13,30,390,TXN-864162
SAL-53107,2026-07-21,STR-002,PRD-1038,Aavin Full Cream Milk 500ml,5,30,150,TXN-781570
SAL-53108,2026-07-21,STR-002,PRD-1053,Sweet Bun 2-Pack,3,20,60,TXN-623019
SAL-53109,2026-07-21,STR-001,PRD-1095,Kinley Packaged Drinking Water 1L,17,20,340,TXN-769658
SAL-53110,2026-07-21,STR-003,PRD-1208,Mee Mee Baby Laundry Detergent 1L,1,380,380,TXN-980779
SAL-53111,2026-07-21,STR-001,PRD-1041,Amul Pasteurised Butter 100g,2,58,116,TXN-958675
SAL-53112,2026-07-21,STR-003,PRD-1061,Sunfeast Dark Fantasy Choco Fills 300g,5,150,750,TXN-649577
SAL-53113,2026-07-21,STR-002,PRD-1132,Sundrop Peanut Butter Crunchy 500g,4,195,780,TXN-877391
SAL-53114,2026-07-21,STR-001,PRD-1149,Fresh Red Onion 1kg,1,35,35,TXN-796510
SAL-53115,2026-07-21,STR-003,PRD-1122,Maggi Cuppa Masala Noodles 70g,7,50,350,TXN-756830
SAL-53116,2026-07-21,STR-001,PRD-1052,Britannia Fruit Bun 150g,2,25,50,TXN-445521
SAL-53117,2026-07-21,STR-001,PRD-1088,Coca-Cola Original Taste 750ml,1,40,40,TXN-384660
SAL-53118,2026-07-21,STR-001,PRD-1174,Vaseline Total Moisture Body Lotion 200ml,4,215,860,TXN-660730
SAL-53119,2026-07-21,STR-002,PRD-1076,Kurkure Masala Munch 85g,5,20,100,TXN-663849
SAL-53120,2026-07-21,STR-003,PRD-1095,Kinley Packaged Drinking Water 1L,17,20,340,TXN-936677
SAL-53121,2026-07-21,STR-003,PRD-1035,Saffola Gold Edible Oil 1L,2,195,390,TXN-694230
SAL-53122,2026-07-21,STR-001,PRD-1119,Bambino Roasted Vermicelli 400g,4,45,180,TXN-356578
SAL-53123,2026-07-21,STR-002,PRD-1165,Sensodyne Rapid Relief Toothpaste 80g,17,170,2890,TXN-782420
SAL-53124,2026-07-21,STR-002,PRD-1177,Harpic Power Plus Toilet Cleaner 500ml,14,95,1330,TXN-339431
SAL-53125,2026-07-21,STR-003,PRD-1088,Coca-Cola Original Taste 750ml,1,40,40,TXN-578219
SAL-53126,2026-07-21,STR-002,PRD-1094,Red Bull Energy Drink 250ml,1,125,125,TXN-738727
SAL-53127,2026-07-21,STR-003,PRD-1123,Top Ramen Curry Noodles 280g,2,55,110,TXN-390955
SAL-53128,2026-07-21,STR-001,PRD-1107,Horlicks Classic Malt 500g Jar,2,245,490,TXN-299244
SAL-53129,2026-07-21,STR-002,PRD-1160,Curry Leaves 50g Bundle,2,10,20,TXN-166761
SAL-53130,2026-07-21,STR-002,PRD-1119,Bambino Roasted Vermicelli 400g,7,45,315,TXN-238987
SAL-53131,2026-07-21,STR-002,PRD-1162,Dettol Original Soap 75g (3-Pack),5,105,525,TXN-163821
SAL-53132,2026-07-21,STR-003,PRD-1093,Frooti Mango Drink 1L,3,65,195,TXN-355790
SAL-53133,2026-07-21,STR-002,PRD-1204,MamyPoko Pants Standard Diaper Medium 34s,5,450,2250,TXN-709506
SAL-53134,2026-07-21,STR-002,PRD-1099,Red Label Natural Care Tea 250g,4,170,680,TXN-203043
SAL-53135,2026-07-21,STR-003,PRD-1013,Tata Sampann Toor Dal 1kg,5,165,825,TXN-919370
SAL-53136,2026-07-21,STR-002,PRD-1051,Modern Whole Wheat Bread 400g,2,48,96,TXN-928391
SAL-53137,2026-07-21,STR-001,PRD-1054,Garlic Butter Toast 150g,5,40,200,TXN-305967
SAL-53138,2026-07-21,STR-001,PRD-1188,Good Knight Gold Flash Machine + Refill,8,130,1040,TXN-563363
SAL-53139,2026-07-21,STR-002,PRD-1104,Cothas Coffee Chicory Blend 500g,1,220,220,TXN-306984
SAL-53140,2026-07-21,STR-002,PRD-1010,Idli Rice 5kg,10,290,2900,TXN-718005
SAL-53141,2026-07-21,STR-002,PRD-1080,Murukku Traditional 250g,4,80,320,TXN-610898
SAL-53142,2026-07-21,STR-003,PRD-1133,Hershey's Chocolate Syrup 623g,11,230,2530,TXN-110068
SAL-53143,2026-07-21,STR-001,PRD-1203,Johnson's Baby Hair Oil 100ml,4,120,480,TXN-216941
SAL-53144,2026-07-21,STR-001,PRD-1111,Pediasure Chocolate 400g Jar,11,620,6820,TXN-892244
SAL-53145,2026-07-21,STR-001,PRD-1058,Pav Bun 6-Pack,4,35,140,TXN-100519
SAL-53146,2026-07-21,STR-002,PRD-1110,Complan Chocolate Health Drink 500g,13,260,3380,TXN-526947
SAL-53147,2026-07-21,STR-002,PRD-1171,Gillette Guard Razor 1-Pack,4,25,100,TXN-616533
SAL-53148,2026-07-21,STR-002,PRD-1106,Continental Xtra Instant Coffee 200g,6,240,1440,TXN-444603
SAL-53149,2026-07-21,STR-002,PRD-1056,Winkies Chocolate Swiss Roll 100g,8,30,240,TXN-639178
SAL-53150,2026-07-21,STR-001,PRD-1047,Milky Mist Fresh Cream 200ml,4,70,280,TXN-776624
SAL-53151,2026-07-21,STR-003,PRD-1053,Sweet Bun 2-Pack,4,20,80,TXN-658041
SAL-53152,2026-07-21,STR-003,PRD-1138,Knorr Dark Soy Sauce 200ml,4,70,280,TXN-388660
SAL-53153,2026-07-21,STR-002,PRD-1093,Frooti Mango Drink 1L,2,65,130,TXN-627499
SAL-53154,2026-07-21,STR-003,PRD-1082,Haldiram Khatta Meetha Mix 200g,1,65,65,TXN-561419
SAL-53155,2026-07-21,STR-001,PRD-1011,Seeraga Samba Rice 1kg,2,145,290,TXN-893365
SAL-53156,2026-07-21,STR-003,PRD-1076,Kurkure Masala Munch 85g,4,20,80,TXN-611265
SAL-53157,2026-07-21,STR-003,PRD-1109,Bournvita Chocolate Health Drink 500g,1,240,240,TXN-634299
SAL-53158,2026-07-21,STR-002,PRD-1005,Pillsbury Chakki Fresh Atta 5kg,18,240,4320,TXN-271055
SAL-53159,2026-07-21,STR-001,PRD-1094,Red Bull Energy Drink 250ml,3,125,375,TXN-897376
SAL-53160,2026-07-22,STR-001,PRD-1156,Fresh Mint Leaves 100g,3,12,36,TXN-387271
SAL-53161,2026-07-22,STR-001,PRD-1110,Complan Chocolate Health Drink 500g,9,260,2340,TXN-354948
SAL-53162,2026-07-22,STR-003,PRD-1034,Dhara Mustard Oil 1L,8,155,1240,TXN-857962
SAL-53163,2026-07-22,STR-003,PRD-1159,Garlic 250g,3,60,180,TXN-856300
SAL-53164,2026-07-22,STR-003,PRD-1123,Top Ramen Curry Noodles 280g,3,55,165,TXN-148234
SAL-53165,2026-07-22,STR-001,PRD-1194,Mangaldeep Sandal Agarbatti 100g,4,50,200,TXN-509010
SAL-53166,2026-07-22,STR-002,PRD-1070,Hide & Seek Chocolate Chip Biscuits 120g,16,40,640,TXN-393750
SAL-53167,2026-07-22,STR-001,PRD-1040,Milky Mist Thick Curd 1kg Bucket,1,90,90,TXN-714585
SAL-53168,2026-07-22,STR-001,PRD-1084,Pringles Sour Cream & Onion 107g,2,115,230,TXN-206367
SAL-53169,2026-07-22,STR-002,PRD-1077,Bingo Mad Angles Cream & Onion 70g,2,20,40,TXN-459338
SAL-53170,2026-07-22,STR-001,PRD-1111,Pediasure Chocolate 400g Jar,8,620,4960,TXN-487395
SAL-53171,2026-07-22,STR-003,PRD-1180,Rin Detergent Bar 250g (4-Pack),12,60,720,TXN-398042
SAL-53172,2026-07-22,STR-002,PRD-1110,Complan Chocolate Health Drink 500g,10,260,2600,TXN-240807
SAL-53173,2026-07-22,STR-003,PRD-1115,Maggi 2-Minute Masala Noodles 280g (4-Pack),27,56,1512,TXN-177582
SAL-53174,2026-07-22,STR-002,PRD-1191,Eveready Red AA Batteries (4-Pack),1,60,60,TXN-912901
SAL-53175,2026-07-22,STR-002,PRD-1170,Nivea Soft Light Moisturiser 100ml,5,195,975,TXN-964352
SAL-53176,2026-07-22,STR-001,PRD-1038,Aavin Full Cream Milk 500ml,3,30,90,TXN-257726
SAL-53177,2026-07-22,STR-003,PRD-1108,Boost Health Drink 500g Refill,5,235,1175,TXN-701975
SAL-53178,2026-07-22,STR-002,PRD-1076,Kurkure Masala Munch 85g,2,20,40,TXN-192280
SAL-53179,2026-07-22,STR-003,PRD-1205,Himalaya Baby Lotion 200ml,15,175,2625,TXN-443767
SAL-53180,2026-07-22,STR-002,PRD-1056,Winkies Chocolate Swiss Roll 100g,9,30,270,TXN-899840
SAL-53181,2026-07-22,STR-001,PRD-1117,MTR Rava Idli Mix 500g,5,110,550,TXN-683715
SAL-53182,2026-07-22,STR-001,PRD-1057,Plum Cake 250g,5,120,600,TXN-405575
SAL-53183,2026-07-22,STR-003,PRD-1069,Parle Krackjack Sweet & Salty 200g,5,30,150,TXN-247290
SAL-53184,2026-07-22,STR-001,PRD-1143,Ripe Papaya 1kg,9,50,450,TXN-171307
SAL-53185,2026-07-22,STR-002,PRD-1062,Britannia Marie Gold 300g,7,40,280,TXN-833218
SAL-53186,2026-07-22,STR-002,PRD-1057,Plum Cake 250g,5,120,600,TXN-429212
SAL-53187,2026-07-22,STR-003,PRD-1117,MTR Rava Idli Mix 500g,6,110,660,TXN-478776
SAL-53188,2026-07-22,STR-001,PRD-1186,Pitambari Shining Powder 200g,5,40,200,TXN-567497
SAL-53189,2026-07-22,STR-001,PRD-1171,Gillette Guard Razor 1-Pack,7,25,175,TXN-325247
SAL-53190,2026-07-22,STR-002,PRD-1150,Fresh Potato 1kg,10,30,300,TXN-591075
SAL-53191,2026-07-22,STR-002,PRD-1097,3 Roses Dust Tea 250g,3,160,480,TXN-479798
SAL-53192,2026-07-22,STR-001,PRD-1083,Doritos Nacho Cheese Chips 60g,3,30,90,TXN-810587
SAL-53193,2026-07-22,STR-002,PRD-1095,Kinley Packaged Drinking Water 1L,21,20,420,TXN-371608
SAL-53194,2026-07-22,STR-003,PRD-1109,Bournvita Chocolate Health Drink 500g,2,240,480,TXN-883968
SAL-53195,2026-07-22,STR-003,PRD-1133,Hershey's Chocolate Syrup 623g,20,230,4600,TXN-247083
SAL-53196,2026-07-22,STR-001,PRD-1053,Sweet Bun 2-Pack,4,20,80,TXN-530732
SAL-53197,2026-07-22,STR-003,PRD-1110,Complan Chocolate Health Drink 500g,16,260,4160,TXN-945220
SAL-53198,2026-07-22,STR-002,PRD-1120,Knorr Thick Tomato Soup 53g,1,40,40,TXN-150364
SAL-53199,2026-07-22,STR-001,PRD-1128,Mother's Recipe Mango Pickle 300g,1,85,85,TXN-163214
SAL-53200,2026-07-22,STR-001,PRD-1114,Milo Cocoa Beverage Powder 400g,3,220,660,TXN-637145
SAL-53201,2026-07-22,STR-001,PRD-1162,Dettol Original Soap 75g (3-Pack),4,105,420,TXN-693194
SAL-53202,2026-07-22,STR-002,PRD-1111,Pediasure Chocolate 400g Jar,7,620,4340,TXN-133642
SAL-53203,2026-07-22,STR-002,PRD-1153,Ladies Finger (Bhindi) 500g,6,30,180,TXN-937055
SAL-53204,2026-07-22,STR-003,PRD-1202,Johnson's Baby Powder 200g,3,190,570,TXN-664982
SAL-53205,2026-07-22,STR-001,PRD-1142,Seedless Black Grapes 500g,5,80,400,TXN-702737
SAL-53206,2026-07-22,STR-003,PRD-1150,Fresh Potato 1kg,13,30,390,TXN-170369
SAL-53207,2026-07-22,STR-001,PRD-1003,Sona Masoori Rice 5kg,4,380,1520,TXN-692767
SAL-53208,2026-07-22,STR-003,PRD-1145,Green Guava 1kg,10,70,700,TXN-685410
SAL-53209,2026-07-22,STR-003,PRD-1020,Fried Gram (Pottukadalai) 500g,16,75,1200,TXN-657593
SAL-53210,2026-07-22,STR-002,PRD-1147,Watermelon Kiran 1 Unit (~3kg),2,90,180,TXN-638444
SAL-53211,2026-07-22,STR-002,PRD-1051,Modern Whole Wheat Bread 400g,4,48,192,TXN-191991
SAL-53212,2026-07-22,STR-003,PRD-1164,Colgate Strong Teeth Toothpaste 150g,2,95,190,TXN-591202
SAL-53213,2026-07-22,STR-001,PRD-1099,Red Label Natural Care Tea 250g,6,170,1020,TXN-300160
SAL-53214,2026-07-22,STR-003,PRD-1007,Saffola Masala Oats 500g,6,175,1050,TXN-904378
SAL-53215,2026-07-22,STR-003,PRD-1073,Haldiram Nagpur Aloo Bhujia 200g,3,60,180,TXN-957479
SAL-53216,2026-07-22,STR-003,PRD-1075,Lays Classic Salted Potato Chips 50g,15,20,300,TXN-573210
SAL-53217,2026-07-22,STR-001,PRD-1093,Frooti Mango Drink 1L,8,65,520,TXN-874831
SAL-53218,2026-07-22,STR-002,PRD-1106,Continental Xtra Instant Coffee 200g,3,240,720,TXN-446480
SAL-53219,2026-07-22,STR-001,PRD-1135,Baking Soda 100g,7,25,175,TXN-779309
SAL-53220,2026-07-22,STR-003,PRD-1009,Raw Rice 5kg,2,320,640,TXN-576102
SAL-53221,2026-07-22,STR-002,PRD-1116,Sunfeast Yippee Magic Masala Noodles 240g,8,48,384,TXN-826229
SAL-53222,2026-07-22,STR-001,PRD-1154,Green Capsicum 500g,2,45,90,TXN-553401
SAL-53223,2026-07-22,STR-001,PRD-1138,Knorr Dark Soy Sauce 200ml,4,70,280,TXN-520967
SAL-53224,2026-07-22,STR-001,PRD-1201,Himalaya Gentle Baby Soap 75g (3-Pack),5,135,675,TXN-106662
SAL-53225,2026-07-22,STR-003,PRD-1201,Himalaya Gentle Baby Soap 75g (3-Pack),4,135,540,TXN-508889
SAL-53226,2026-07-22,STR-003,PRD-1072,Unibic Assorted Cookies 75g,1,45,45,TXN-336170
SAL-53227,2026-07-22,STR-001,PRD-1078,Hot & Crispy Banana Chips 250g,7,90,630,TXN-257805
SAL-53228,2026-07-22,STR-002,PRD-1181,Comfort After Wash Fabric Conditioner 860ml,4,235,940,TXN-333717
SAL-53229,2026-07-23,STR-001,PRD-1192,Freshwrap Aluminum Foil 18m Roll,1,175,175,TXN-999146
SAL-53230,2026-07-23,STR-001,PRD-1165,Sensodyne Rapid Relief Toothpaste 80g,11,170,1870,TXN-477898
SAL-53231,2026-07-23,STR-001,PRD-1073,Haldiram Nagpur Aloo Bhujia 200g,8,60,480,TXN-977170
SAL-53232,2026-07-23,STR-001,PRD-1207,Pigeon Baby Feeding Bottle 250ml,2,220,440,TXN-988991
SAL-53233,2026-07-23,STR-002,PRD-1128,Mother's Recipe Mango Pickle 300g,2,85,170,TXN-340500
SAL-53234,2026-07-23,STR-003,PRD-1207,Pigeon Baby Feeding Bottle 250ml,3,220,660,TXN-188553
SAL-53235,2026-07-23,STR-003,PRD-1055,Britannia Gobbles Marble Cake 110g,19,35,665,TXN-949524
SAL-53236,2026-07-23,STR-003,PRD-1068,Parle Monaco Salted Biscuit 200g,2,30,60,TXN-594258
SAL-53237,2026-07-23,STR-001,PRD-1054,Garlic Butter Toast 150g,2,40,80,TXN-388060
SAL-53238,2026-07-23,STR-001,PRD-1075,Lays Classic Salted Potato Chips 50g,21,20,420,TXN-438974
SAL-53239,2026-07-23,STR-002,PRD-1111,Pediasure Chocolate 400g Jar,4,620,2480,TXN-988578
SAL-53240,2026-07-23,STR-002,PRD-1037,Aavin Toned Milk 500ml Pouch,2,24,48,TXN-263324
SAL-53241,2026-07-23,STR-002,PRD-1010,Idli Rice 5kg,11,290,3190,TXN-592634
SAL-53242,2026-07-23,STR-002,PRD-1192,Freshwrap Aluminum Foil 18m Roll,1,175,175,TXN-164153
SAL-53243,2026-07-23,STR-001,PRD-1015,Chana Dal 1kg,20,115,2300,TXN-320018
SAL-53244,2026-07-23,STR-003,PRD-1046,Cavins Milkshake Strawberry 200ml,6,40,240,TXN-793058
SAL-53245,2026-07-23,STR-003,PRD-1194,Mangaldeep Sandal Agarbatti 100g,2,50,100,TXN-747553
SAL-53246,2026-07-23,STR-003,PRD-1125,Aachi Biryani Masala 100g,6,45,270,TXN-265132
SAL-53247,2026-07-23,STR-003,PRD-1025,Gold Winner Sunflower Oil 1L,14,145,2030,TXN-283120
SAL-53248,2026-07-23,STR-001,PRD-1114,Milo Cocoa Beverage Powder 400g,3,220,660,TXN-949681
SAL-53249,2026-07-23,STR-002,PRD-1083,Doritos Nacho Cheese Chips 60g,5,30,150,TXN-482801
SAL-53250,2026-07-23,STR-003,PRD-1075,Lays Classic Salted Potato Chips 50g,27,20,540,TXN-214705
SAL-53251,2026-07-23,STR-002,PRD-1073,Haldiram Nagpur Aloo Bhujia 200g,6,60,360,TXN-131436
SAL-53252,2026-07-23,STR-003,PRD-1109,Bournvita Chocolate Health Drink 500g,3,240,720,TXN-420932
SAL-53253,2026-07-23,STR-003,PRD-1059,Parle-G Glucose Biscuit 250g,4,30,120,TXN-491311
SAL-53254,2026-07-23,STR-001,PRD-1153,Ladies Finger (Bhindi) 500g,7,30,210,TXN-378062
SAL-53255,2026-07-23,STR-001,PRD-1098,Tata Tea Gold 500g,8,290,2320,TXN-129861
SAL-53256,2026-07-23,STR-002,PRD-1084,Pringles Sour Cream & Onion 107g,6,115,690,TXN-447688
SAL-53257,2026-07-23,STR-003,PRD-1010,Idli Rice 5kg,21,290,6090,TXN-251352
SAL-53258,2026-07-23,STR-001,PRD-1050,Britannia 100% Whole Wheat Bread 400g,18,50,900,TXN-148758
SAL-53259,2026-07-23,STR-003,PRD-1158,Ginger 250g,2,40,80,TXN-899541
SAL-53260,2026-07-23,STR-002,PRD-1045,Aavin Flavoured Milk Chocolate 200ml,12,30,360,TXN-650716
SAL-53261,2026-07-23,STR-003,PRD-1135,Baking Soda 100g,14,25,350,TXN-204978
SAL-53262,2026-07-23,STR-001,PRD-1160,Curry Leaves 50g Bundle,1,10,10,TXN-333517
SAL-53263,2026-07-23,STR-002,PRD-1137,Del Monte Whole Corn Canned 415g,1,95,95,TXN-169547
SAL-53264,2026-07-23,STR-003,PRD-1018,Rajma Red Kidney Beans 500g,2,95,190,TXN-598796
SAL-53265,2026-07-23,STR-001,PRD-1161,Mysore Sandal Soap 125g,4,55,220,TXN-535239
SAL-53266,2026-07-23,STR-002,PRD-1158,Ginger 250g,4,40,160,TXN-662799
SAL-53267,2026-07-23,STR-001,PRD-1144,Pomegranate Kabuli 1kg,8,210,1680,TXN-998541
SAL-53268,2026-07-23,STR-002,PRD-1072,Unibic Assorted Cookies 75g,1,45,45,TXN-767791
SAL-53269,2026-07-23,STR-003,PRD-1074,Lays Magic Masala Potato Chips 50g,2,20,40,TXN-599377
SAL-53270,2026-07-23,STR-003,PRD-1045,Aavin Flavoured Milk Chocolate 200ml,11,30,330,TXN-369338
SAL-53271,2026-07-23,STR-002,PRD-1034,Dhara Mustard Oil 1L,5,155,775,TXN-788258
SAL-53272,2026-07-23,STR-003,PRD-1063,Oreo Vanilla Cream Biscuit 120g,4,35,140,TXN-743416
SAL-53273,2026-07-23,STR-002,PRD-1182,Exo Touch & Shine Dishwash Bar 250g,6,30,180,TXN-201080
SAL-53274,2026-07-23,STR-002,PRD-1208,Mee Mee Baby Laundry Detergent 1L,1,380,380,TXN-885088
SAL-53275,2026-07-23,STR-001,PRD-1186,Pitambari Shining Powder 200g,5,40,200,TXN-698988
SAL-53276,2026-07-23,STR-003,PRD-1044,Amul Taaza Homogenised Milk 1L Pack,3,72,216,TXN-329964
SAL-53277,2026-07-23,STR-002,PRD-1059,Parle-G Glucose Biscuit 250g,3,30,90,TXN-944572
SAL-53278,2026-07-23,STR-001,PRD-1076,Kurkure Masala Munch 85g,6,20,120,TXN-336508
SAL-53279,2026-07-23,STR-002,PRD-1044,Amul Taaza Homogenised Milk 1L Pack,8,72,576,TXN-879286
SAL-53280,2026-07-23,STR-001,PRD-1176,Surf Excel Quick Wash Detergent Powder 1kg,1,210,210,TXN-523455
SAL-53281,2026-07-23,STR-002,PRD-1129,Aachi Lime Pickle 300g,2,65,130,TXN-744889
SAL-53282,2026-07-23,STR-003,PRD-1114,Milo Cocoa Beverage Powder 400g,1,220,220,TXN-337212
SAL-53283,2026-07-23,STR-001,PRD-1150,Fresh Potato 1kg,15,30,450,TXN-865492
SAL-53284,2026-07-23,STR-002,PRD-1069,Parle Krackjack Sweet & Salty 200g,3,30,90,TXN-444589
SAL-53285,2026-07-23,STR-002,PRD-1076,Kurkure Masala Munch 85g,4,20,80,TXN-584598
SAL-53286,2026-07-23,STR-002,PRD-1033,V.V.D Gold Coconut Oil 500ml,4,185,740,TXN-645172
SAL-53287,2026-07-23,STR-003,PRD-1182,Exo Touch & Shine Dishwash Bar 250g,3,30,90,TXN-379682
SAL-53288,2026-07-23,STR-001,PRD-1130,Nutella Hazelnut Spread 350g Jar,21,380,7980,TXN-238104
SAL-53289,2026-07-23,STR-002,PRD-1172,Dabur Red Toothpowder 100g,3,45,135,TXN-492975
SAL-53290,2026-07-23,STR-001,PRD-1183,Domex Fresh Guard Toilet Cleaner 500ml,1,85,85,TXN-938621
SAL-53291,2026-07-23,STR-001,PRD-1041,Amul Pasteurised Butter 100g,1,58,58,TXN-150350
SAL-53292,2026-07-23,STR-003,PRD-1164,Colgate Strong Teeth Toothpaste 150g,3,95,285,TXN-291021
SAL-53293,2026-07-23,STR-003,PRD-1006,Quaker Oats 1kg,1,195,195,TXN-765458
SAL-53294,2026-07-24,STR-001,PRD-1013,Tata Sampann Toor Dal 1kg,4,165,660,TXN-656657
SAL-53295,2026-07-24,STR-002,PRD-1086,Tropicana 100% Orange Juice 1L,1,145,145,TXN-266461
SAL-53296,2026-07-24,STR-001,PRD-1059,Parle-G Glucose Biscuit 250g,3,30,90,TXN-273681
SAL-53297,2026-07-24,STR-002,PRD-1143,Ripe Papaya 1kg,5,50,250,TXN-748213
SAL-53298,2026-07-24,STR-003,PRD-1116,Sunfeast Yippee Magic Masala Noodles 240g,4,48,192,TXN-887589
SAL-53299,2026-07-24,STR-001,PRD-1005,Pillsbury Chakki Fresh Atta 5kg,17,240,4080,TXN-667092
SAL-53300,2026-07-24,STR-001,PRD-1206,Sebamed Baby Protective Facial Cream 50ml,9,780,7020,TXN-739280
SAL-53301,2026-07-24,STR-002,PRD-1173,Himalaya Purifying Neem Face Wash 100ml,3,140,420,TXN-312018
SAL-53302,2026-07-24,STR-002,PRD-1174,Vaseline Total Moisture Body Lotion 200ml,1,215,215,TXN-520345
SAL-53303,2026-07-24,STR-002,PRD-1124,MTR Gulab Jamun Mix 175g,1,95,95,TXN-647093
SAL-53304,2026-07-24,STR-002,PRD-1068,Parle Monaco Salted Biscuit 200g,6,30,180,TXN-599694
SAL-53305,2026-07-24,STR-001,PRD-1208,Mee Mee Baby Laundry Detergent 1L,1,380,380,TXN-242732
SAL-53306,2026-07-24,STR-002,PRD-1146,Mosambi (Sweet Lime) 1kg,6,85,510,TXN-414565
SAL-53307,2026-07-24,STR-001,PRD-1163,Clinic Plus Strong & Long Shampoo 175ml,1,110,110,TXN-363537
SAL-53308,2026-07-24,STR-003,PRD-1077,Bingo Mad Angles Cream & Onion 70g,2,20,40,TXN-800574
SAL-53309,2026-07-24,STR-003,PRD-1163,Clinic Plus Strong & Long Shampoo 175ml,3,110,330,TXN-869089
SAL-53310,2026-07-24,STR-002,PRD-1095,Kinley Packaged Drinking Water 1L,16,20,320,TXN-170060
SAL-53311,2026-07-24,STR-003,PRD-1158,Ginger 250g,1,40,40,TXN-962392
SAL-53312,2026-07-24,STR-001,PRD-1043,Milky Mist Paneer 200g,1,115,115,TXN-946188
SAL-53313,2026-07-24,STR-002,PRD-1101,BRU Instant Coffee 100g Glass Jar,5,185,925,TXN-354240
SAL-53314,2026-07-24,STR-002,PRD-1185,Scotch-Brite Scrub Pad Large (3-Pack),12,45,540,TXN-267188
SAL-53315,2026-07-24,STR-001,PRD-1122,Maggi Cuppa Masala Noodles 70g,13,50,650,TXN-509992
SAL-53316,2026-07-24,STR-003,PRD-1067,Britannia NutriChoice Digestive 250g,13,65,845,TXN-360647
SAL-53317,2026-07-24,STR-002,PRD-1092,Maaza Mango Drink 1.2L,1,75,75,TXN-389635
SAL-53318,2026-07-24,STR-002,PRD-1123,Top Ramen Curry Noodles 280g,2,55,110,TXN-520940
SAL-53319,2026-07-24,STR-003,PRD-1175,Vim Dishwash Gel Lemon 500ml,12,115,1380,TXN-875584
SAL-53320,2026-07-24,STR-001,PRD-1198,Garbage Bags Black Medium 30 Sheets,5,90,450,TXN-804975
SAL-53321,2026-07-24,STR-003,PRD-1164,Colgate Strong Teeth Toothpaste 150g,1,95,95,TXN-564919
SAL-53322,2026-07-24,STR-002,PRD-1035,Saffola Gold Edible Oil 1L,4,195,780,TXN-388851
SAL-53323,2026-07-24,STR-003,PRD-1123,Top Ramen Curry Noodles 280g,3,55,165,TXN-111292
SAL-53324,2026-07-24,STR-001,PRD-1187,All Out Mosquito Repellent Refill 45ml (2-Pack),3,145,435,TXN-645909
SAL-53325,2026-07-24,STR-003,PRD-1023,Horse Gram (Kollu) 500g,6,60,360,TXN-207596
SAL-53326,2026-07-24,STR-001,PRD-1132,Sundrop Peanut Butter Crunchy 500g,6,195,1170,TXN-727516
SAL-53327,2026-07-24,STR-003,PRD-1153,Ladies Finger (Bhindi) 500g,4,30,120,TXN-792502
SAL-53328,2026-07-24,STR-002,PRD-1010,Idli Rice 5kg,16,290,4640,TXN-962181
SAL-53329,2026-07-24,STR-003,PRD-1195,Cycle Pure Agarbatti Three in One 250g,8,95,760,TXN-878999
SAL-53330,2026-07-24,STR-002,PRD-1046,Cavins Milkshake Strawberry 200ml,2,40,80,TXN-261141
SAL-53331,2026-07-24,STR-003,PRD-1034,Dhara Mustard Oil 1L,7,155,1085,TXN-890888
SAL-53332,2026-07-24,STR-002,PRD-1082,Haldiram Khatta Meetha Mix 200g,6,65,390,TXN-457959
SAL-53333,2026-07-24,STR-001,PRD-1165,Sensodyne Rapid Relief Toothpaste 80g,25,170,4250,TXN-142961
SAL-53334,2026-07-24,STR-003,PRD-1040,Milky Mist Thick Curd 1kg Bucket,1,90,90,TXN-367861
SAL-53335,2026-07-24,STR-002,PRD-1044,Amul Taaza Homogenised Milk 1L Pack,4,72,288,TXN-589187
SAL-53336,2026-07-24,STR-002,PRD-1198,Garbage Bags Black Medium 30 Sheets,4,90,360,TXN-276638
SAL-53337,2026-07-24,STR-001,PRD-1107,Horlicks Classic Malt 500g Jar,5,245,1225,TXN-825024
SAL-53338,2026-07-24,STR-002,PRD-1125,Aachi Biryani Masala 100g,7,45,315,TXN-610975
SAL-53339,2026-07-24,STR-001,PRD-1111,Pediasure Chocolate 400g Jar,13,620,8060,TXN-335545
SAL-53340,2026-07-24,STR-002,PRD-1163,Clinic Plus Strong & Long Shampoo 175ml,5,110,550,TXN-192875
SAL-53341,2026-07-24,STR-002,PRD-1199,Pampers Baby Wipes Gentle 72 Sheets,13,185,2405,TXN-480160
SAL-53342,2026-07-24,STR-003,PRD-1030,Amul Pure Ghee 1L Tin,10,620,6200,TXN-991253
SAL-53343,2026-07-24,STR-003,PRD-1181,Comfort After Wash Fabric Conditioner 860ml,3,235,705,TXN-977353
SAL-53344,2026-07-24,STR-003,PRD-1143,Ripe Papaya 1kg,3,50,150,TXN-210299
SAL-53345,2026-07-24,STR-002,PRD-1184,Ariel Matic Front Load Detergent 1kg,1,280,280,TXN-393814
SAL-53346,2026-07-24,STR-003,PRD-1070,Hide & Seek Chocolate Chip Biscuits 120g,25,40,1000,TXN-868021
SAL-53347,2026-07-24,STR-001,PRD-1052,Britannia Fruit Bun 150g,3,25,75,TXN-363895
SAL-53348,2026-07-24,STR-003,PRD-1080,Murukku Traditional 250g,8,80,640,TXN-444802
SAL-53349,2026-07-24,STR-001,PRD-1007,Saffola Masala Oats 500g,2,175,350,TXN-976920
SAL-53350,2026-07-24,STR-002,PRD-1072,Unibic Assorted Cookies 75g,1,45,45,TXN-473986
SAL-53351,2026-07-24,STR-001,PRD-1128,Mother's Recipe Mango Pickle 300g,1,85,85,TXN-206043
SAL-53352,2026-07-24,STR-002,PRD-1189,Odonil Room Air Freshener Spray Citrus 220ml,3,160,480,TXN-609134
SAL-53353,2026-07-24,STR-002,PRD-1055,Britannia Gobbles Marble Cake 110g,16,35,560,TXN-619020
SAL-53354,2026-07-24,STR-003,PRD-1202,Johnson's Baby Powder 200g,2,190,380,TXN-554837
SAL-53355,2026-07-24,STR-002,PRD-1191,Eveready Red AA Batteries (4-Pack),2,60,120,TXN-209015
SAL-53356,2026-07-24,STR-001,PRD-1189,Odonil Room Air Freshener Spray Citrus 220ml,4,160,640,TXN-966397
SAL-53357,2026-07-24,STR-001,PRD-1018,Rajma Red Kidney Beans 500g,7,95,665,TXN-687905
SAL-53358,2026-07-24,STR-001,PRD-1192,Freshwrap Aluminum Foil 18m Roll,1,175,175,TXN-693095
SAL-53359,2026-07-24,STR-002,PRD-1194,Mangaldeep Sandal Agarbatti 100g,3,50,150,TXN-501171
SAL-53360,2026-07-25,STR-002,PRD-1016,Urad Dal Black Whole 1kg,2,155,310,TXN-276730
SAL-53361,2026-07-25,STR-003,PRD-1039,Hatsun Fresh Curd 500g Pouch,4,35,140,TXN-216895
SAL-53362,2026-07-25,STR-001,PRD-1036,Deepam Lamp Oil 1L,3,110,330,TXN-425611
SAL-53363,2026-07-25,STR-002,PRD-1207,Pigeon Baby Feeding Bottle 250ml,4,220,880,TXN-834242
SAL-53364,2026-07-25,STR-001,PRD-1035,Saffola Gold Edible Oil 1L,4,195,780,TXN-410592
SAL-53365,2026-07-25,STR-001,PRD-1043,Milky Mist Paneer 200g,3,115,345,TXN-664400
SAL-53366,2026-07-25,STR-003,PRD-1086,Tropicana 100% Orange Juice 1L,3,145,435,TXN-748513
SAL-53367,2026-07-25,STR-002,PRD-1130,Nutella Hazelnut Spread 350g Jar,25,380,9500,TXN-308267
SAL-53368,2026-07-25,STR-001,PRD-1152,Ooty Carrot 500g,3,35,105,TXN-846235
SAL-53369,2026-07-25,STR-002,PRD-1142,Seedless Black Grapes 500g,3,80,240,TXN-795405
SAL-53370,2026-07-25,STR-001,PRD-1015,Chana Dal 1kg,17,115,1955,TXN-376163
SAL-53371,2026-07-25,STR-002,PRD-1125,Aachi Biryani Masala 100g,3,45,135,TXN-456687
SAL-53372,2026-07-25,STR-003,PRD-1158,Ginger 250g,2,40,80,TXN-516029
SAL-53373,2026-07-25,STR-001,PRD-1166,Pears Soft & Fresh Soap 125g,7,65,455,TXN-503953
SAL-53374,2026-07-25,STR-003,PRD-1206,Sebamed Baby Protective Facial Cream 50ml,3,780,2340,TXN-872048
SAL-53375,2026-07-25,STR-002,PRD-1188,Good Knight Gold Flash Machine + Refill,10,130,1300,TXN-937274
SAL-53376,2026-07-25,STR-001,PRD-1144,Pomegranate Kabuli 1kg,5,210,1050,TXN-335745
SAL-53377,2026-07-25,STR-001,PRD-1156,Fresh Mint Leaves 100g,3,12,36,TXN-142753
SAL-53378,2026-07-25,STR-002,PRD-1010,Idli Rice 5kg,13,290,3770,TXN-262541
SAL-53379,2026-07-25,STR-002,PRD-1078,Hot & Crispy Banana Chips 250g,15,90,1350,TXN-387087
SAL-53380,2026-07-25,STR-001,PRD-1204,MamyPoko Pants Standard Diaper Medium 34s,1,450,450,TXN-335372
SAL-53381,2026-07-25,STR-003,PRD-1009,Raw Rice 5kg,1,320,320,TXN-336802
SAL-53382,2026-07-25,STR-002,PRD-1036,Deepam Lamp Oil 1L,3,110,330,TXN-411210
SAL-53383,2026-07-25,STR-003,PRD-1105,Taj Mahal Tea 250g,1,195,195,TXN-741959
SAL-53384,2026-07-25,STR-001,PRD-1149,Fresh Red Onion 1kg,2,35,70,TXN-560272
SAL-53385,2026-07-25,STR-002,PRD-1011,Seeraga Samba Rice 1kg,1,145,145,TXN-678002
SAL-53386,2026-07-25,STR-003,PRD-1164,Colgate Strong Teeth Toothpaste 150g,3,95,285,TXN-301577
SAL-53387,2026-07-25,STR-003,PRD-1091,7Up Nimbooz 350ml,2,25,50,TXN-989092
SAL-53388,2026-07-25,STR-003,PRD-1129,Aachi Lime Pickle 300g,2,65,130,TXN-519028
SAL-53389,2026-07-25,STR-002,PRD-1124,MTR Gulab Jamun Mix 175g,2,95,190,TXN-505907
SAL-53390,2026-07-25,STR-001,PRD-1127,Kissan Fresh Tomato Ketchup 950g,3,135,405,TXN-841076
SAL-53391,2026-07-25,STR-001,PRD-1090,Bovonto Grape Soft Drink 1.5L,20,65,1300,TXN-481649
SAL-53392,2026-07-25,STR-002,PRD-1100,Chakra Gold Tea 250g,13,150,1950,TXN-376359
SAL-53393,2026-07-25,STR-003,PRD-1160,Curry Leaves 50g Bundle,1,10,10,TXN-482221
SAL-53394,2026-07-25,STR-001,PRD-1018,Rajma Red Kidney Beans 500g,8,95,760,TXN-346106
SAL-53395,2026-07-25,STR-002,PRD-1117,MTR Rava Idli Mix 500g,3,110,330,TXN-474419
SAL-53396,2026-07-25,STR-002,PRD-1165,Sensodyne Rapid Relief Toothpaste 80g,8,170,1360,TXN-826871
SAL-53397,2026-07-25,STR-002,PRD-1095,Kinley Packaged Drinking Water 1L,9,20,180,TXN-967641
SAL-53398,2026-07-25,STR-003,PRD-1058,Pav Bun 6-Pack,6,35,210,TXN-358888
SAL-53399,2026-07-25,STR-001,PRD-1076,Kurkure Masala Munch 85g,5,20,100,TXN-707081
SAL-53400,2026-07-25,STR-001,PRD-1201,Himalaya Gentle Baby Soap 75g (3-Pack),3,135,405,TXN-922312
SAL-53401,2026-07-25,STR-001,PRD-1197,Tissue Paper Napkins 100 Sheets,10,40,400,TXN-842762
SAL-53402,2026-07-25,STR-002,PRD-1116,Sunfeast Yippee Magic Masala Noodles 240g,7,48,336,TXN-428712
SAL-53403,2026-07-25,STR-003,PRD-1144,Pomegranate Kabuli 1kg,6,210,1260,TXN-966431
SAL-53404,2026-07-25,STR-003,PRD-1125,Aachi Biryani Masala 100g,7,45,315,TXN-855086
SAL-53405,2026-07-25,STR-003,PRD-1062,Britannia Marie Gold 300g,4,40,160,TXN-836251
SAL-53406,2026-07-25,STR-001,PRD-1180,Rin Detergent Bar 250g (4-Pack),21,60,1260,TXN-680987
SAL-53407,2026-07-25,STR-001,PRD-1033,V.V.D Gold Coconut Oil 500ml,6,185,1110,TXN-334843
SAL-53408,2026-07-25,STR-002,PRD-1120,Knorr Thick Tomato Soup 53g,1,40,40,TXN-702154
SAL-53409,2026-07-25,STR-001,PRD-1194,Mangaldeep Sandal Agarbatti 100g,4,50,200,TXN-582595
SAL-53410,2026-07-25,STR-003,PRD-1082,Haldiram Khatta Meetha Mix 200g,2,65,130,TXN-621281
SAL-53411,2026-07-25,STR-003,PRD-1114,Milo Cocoa Beverage Powder 400g,3,220,660,TXN-167798
SAL-53412,2026-07-25,STR-003,PRD-1110,Complan Chocolate Health Drink 500g,25,260,6500,TXN-279664
SAL-53413,2026-07-25,STR-002,PRD-1037,Aavin Toned Milk 500ml Pouch,2,24,48,TXN-570253
SAL-53414,2026-07-25,STR-002,PRD-1033,V.V.D Gold Coconut Oil 500ml,3,185,555,TXN-160341
SAL-53415,2026-07-25,STR-002,PRD-1146,Mosambi (Sweet Lime) 1kg,7,85,595,TXN-599779
SAL-53416,2026-07-25,STR-001,PRD-1113,Ensure Diabetes Care Vanilla 400g,8,690,5520,TXN-255063
SAL-53417,2026-07-25,STR-002,PRD-1179,Colin Glass Cleaner Spray 500ml,4,105,420,TXN-471628
SAL-53418,2026-07-25,STR-003,PRD-1067,Britannia NutriChoice Digestive 250g,7,65,455,TXN-853788
SAL-53419,2026-07-25,STR-001,PRD-1138,Knorr Dark Soy Sauce 200ml,2,70,140,TXN-364253
SAL-53420,2026-07-25,STR-003,PRD-1073,Haldiram Nagpur Aloo Bhujia 200g,4,60,240,TXN-863112
SAL-53421,2026-07-25,STR-001,PRD-1096,Bisleri Water Bottle 2L,1,30,30,TXN-726774
SAL-53422,2026-07-25,STR-001,PRD-1175,Vim Dishwash Gel Lemon 500ml,18,115,2070,TXN-838425
SAL-53423,2026-07-25,STR-003,PRD-1126,Eastern Chicken Masala 100g,3,42,126,TXN-239834
SAL-53424,2026-07-25,STR-001,PRD-1122,Maggi Cuppa Masala Noodles 70g,17,50,850,TXN-325657
SAL-53425,2026-07-25,STR-001,PRD-1158,Ginger 250g,2,40,80,TXN-424875
SAL-53426,2026-07-25,STR-003,PRD-1130,Nutella Hazelnut Spread 350g Jar,20,380,7600,TXN-807440
SAL-53427,2026-07-26,STR-001,PRD-1110,Complan Chocolate Health Drink 500g,19,260,4940,TXN-695673
SAL-53428,2026-07-26,STR-002,PRD-1119,Bambino Roasted Vermicelli 400g,5,45,225,TXN-172759
SAL-53429,2026-07-26,STR-002,PRD-1084,Pringles Sour Cream & Onion 107g,7,115,805,TXN-297637
SAL-53430,2026-07-26,STR-002,PRD-1205,Himalaya Baby Lotion 200ml,23,175,4025,TXN-622401
SAL-53431,2026-07-26,STR-003,PRD-1146,Mosambi (Sweet Lime) 1kg,4,85,340,TXN-816367
SAL-53432,2026-07-26,STR-003,PRD-1052,Britannia Fruit Bun 150g,8,25,200,TXN-728850
SAL-53433,2026-07-26,STR-002,PRD-1194,Mangaldeep Sandal Agarbatti 100g,2,50,100,TXN-285522
SAL-53434,2026-07-26,STR-001,PRD-1114,Milo Cocoa Beverage Powder 400g,3,220,660,TXN-840680
SAL-53435,2026-07-26,STR-002,PRD-1003,Sona Masoori Rice 5kg,3,380,1140,TXN-909483
SAL-53436,2026-07-26,STR-001,PRD-1020,Fried Gram (Pottukadalai) 500g,12,75,900,TXN-256080
SAL-53437,2026-07-26,STR-002,PRD-1129,Aachi Lime Pickle 300g,3,65,195,TXN-566727
SAL-53438,2026-07-26,STR-001,PRD-1044,Amul Taaza Homogenised Milk 1L Pack,3,72,216,TXN-140657
SAL-53439,2026-07-26,STR-002,PRD-1026,Idhayam Sesame/Gingelly Oil 1L,6,320,1920,TXN-932199
SAL-53440,2026-07-26,STR-001,PRD-1024,Black Eyed Beans (Karamani) 500g,1,70,70,TXN-946415
SAL-53441,2026-07-26,STR-001,PRD-1191,Eveready Red AA Batteries (4-Pack),7,60,420,TXN-405587
SAL-53442,2026-07-26,STR-002,PRD-1149,Fresh Red Onion 1kg,1,35,35,TXN-816211
SAL-53443,2026-07-26,STR-001,PRD-1059,Parle-G Glucose Biscuit 250g,3,30,90,TXN-643674
SAL-53444,2026-07-26,STR-003,PRD-1070,Hide & Seek Chocolate Chip Biscuits 120g,12,40,480,TXN-204565
SAL-53445,2026-07-26,STR-001,PRD-1090,Bovonto Grape Soft Drink 1.5L,15,65,975,TXN-732819
SAL-53446,2026-07-26,STR-002,PRD-1065,Britannia Good Day Butter 200g,8,45,360,TXN-742978
SAL-53447,2026-07-26,STR-003,PRD-1011,Seeraga Samba Rice 1kg,3,145,435,TXN-674599
SAL-53448,2026-07-26,STR-002,PRD-1178,Lizol Disinfectant Floor Cleaner Citrus 1L,4,215,860,TXN-922149
SAL-53449,2026-07-26,STR-003,PRD-1119,Bambino Roasted Vermicelli 400g,5,45,225,TXN-222034
SAL-53450,2026-07-26,STR-001,PRD-1033,V.V.D Gold Coconut Oil 500ml,5,185,925,TXN-168643
SAL-53451,2026-07-26,STR-003,PRD-1034,Dhara Mustard Oil 1L,11,155,1705,TXN-483457
SAL-53452,2026-07-26,STR-003,PRD-1145,Green Guava 1kg,11,70,770,TXN-957300
SAL-53453,2026-07-26,STR-003,PRD-1206,Sebamed Baby Protective Facial Cream 50ml,5,780,3900,TXN-932625
SAL-53454,2026-07-26,STR-003,PRD-1139,Fresh Shimla Apples 1kg,3,180,540,TXN-475727
SAL-53455,2026-07-26,STR-001,PRD-1147,Watermelon Kiran 1 Unit (~3kg),1,90,90,TXN-603760
SAL-53456,2026-07-26,STR-003,PRD-1137,Del Monte Whole Corn Canned 415g,4,95,380,TXN-791703
SAL-53457,2026-07-26,STR-001,PRD-1171,Gillette Guard Razor 1-Pack,7,25,175,TXN-979820
SAL-53458,2026-07-26,STR-002,PRD-1050,Britannia 100% Whole Wheat Bread 400g,21,50,1050,TXN-988955
SAL-53459,2026-07-26,STR-001,PRD-1124,MTR Gulab Jamun Mix 175g,4,95,380,TXN-795743
SAL-53460,2026-07-26,STR-002,PRD-1035,Saffola Gold Edible Oil 1L,7,195,1365,TXN-836316
SAL-53461,2026-07-26,STR-002,PRD-1112,Women's Horlicks Caramel 400g,1,310,310,TXN-513332
SAL-53462,2026-07-26,STR-002,PRD-1128,Mother's Recipe Mango Pickle 300g,2,85,170,TXN-774442
SAL-53463,2026-07-26,STR-002,PRD-1064,Britannia Good Day Cashew 200g,1,50,50,TXN-435876
SAL-53464,2026-07-26,STR-001,PRD-1155,Coriander Leaves 100g Bundle,8,15,120,TXN-900611
SAL-53465,2026-07-26,STR-002,PRD-1091,7Up Nimbooz 350ml,2,25,50,TXN-756764
SAL-53466,2026-07-26,STR-001,PRD-1180,Rin Detergent Bar 250g (4-Pack),17,60,1020,TXN-556276
SAL-53467,2026-07-26,STR-002,PRD-1033,V.V.D Gold Coconut Oil 500ml,3,185,555,TXN-614290
SAL-53468,2026-07-26,STR-001,PRD-1067,Britannia NutriChoice Digestive 250g,7,65,455,TXN-209385
SAL-53469,2026-07-26,STR-002,PRD-1094,Red Bull Energy Drink 250ml,2,125,250,TXN-607620
SAL-53470,2026-07-26,STR-001,PRD-1145,Green Guava 1kg,21,70,1470,TXN-420756
SAL-53471,2026-07-26,STR-001,PRD-1073,Haldiram Nagpur Aloo Bhujia 200g,5,60,300,TXN-924558
SAL-53472,2026-07-26,STR-002,PRD-1082,Haldiram Khatta Meetha Mix 200g,5,65,325,TXN-908287
SAL-53473,2026-07-26,STR-003,PRD-1126,Eastern Chicken Masala 100g,3,42,126,TXN-157792
SAL-53474,2026-07-26,STR-002,PRD-1030,Amul Pure Ghee 1L Tin,20,620,12400,TXN-143654
SAL-53475,2026-07-26,STR-003,PRD-1122,Maggi Cuppa Masala Noodles 70g,9,50,450,TXN-193519
SAL-53476,2026-07-26,STR-001,PRD-1163,Clinic Plus Strong & Long Shampoo 175ml,2,110,220,TXN-716006
SAL-53477,2026-07-26,STR-003,PRD-1188,Good Knight Gold Flash Machine + Refill,12,130,1560,TXN-699025
SAL-53478,2026-07-26,STR-002,PRD-1093,Frooti Mango Drink 1L,2,65,130,TXN-772066
SAL-53479,2026-07-26,STR-001,PRD-1008,Manna Ragi Flour 1kg,3,85,255,TXN-150285
SAL-53480,2026-07-26,STR-001,PRD-1023,Horse Gram (Kollu) 500g,9,60,540,TXN-149500
SAL-53481,2026-07-26,STR-003,PRD-1200,Nestle Cerelac Wheat Apple 300g,1,295,295,TXN-503598
SAL-53482,2026-07-26,STR-001,PRD-1022,Masoor Dal Red 1kg,3,110,330,TXN-663886
SAL-53483,2026-07-26,STR-001,PRD-1135,Baking Soda 100g,6,25,150,TXN-965488
SAL-53484,2026-07-26,STR-001,PRD-1035,Saffola Gold Edible Oil 1L,4,195,780,TXN-554876
SAL-53485,2026-07-26,STR-002,PRD-1061,Sunfeast Dark Fantasy Choco Fills 300g,6,150,900,TXN-649437
SAL-53486,2026-07-26,STR-002,PRD-1001,India Gate Basmati Rice 5kg,16,520,8320,TXN-633458
SAL-53487,2026-07-26,STR-002,PRD-1190,Duracell Chota Power AA Batteries (4-Pack),10,160,1600,TXN-833146
SAL-53488,2026-07-26,STR-002,PRD-1005,Pillsbury Chakki Fresh Atta 5kg,10,240,2400,TXN-324912
SAL-53489,2026-07-26,STR-003,PRD-1002,Ponni Boiled Rice 10kg,1,680,680,TXN-294726
SAL-53490,2026-07-26,STR-003,PRD-1138,Knorr Dark Soy Sauce 200ml,3,70,210,TXN-313498
SAL-53491,2026-07-26,STR-003,PRD-1110,Complan Chocolate Health Drink 500g,17,260,4420,TXN-698889
SAL-53492,2026-07-26,STR-001,PRD-1011,Seeraga Samba Rice 1kg,3,145,435,TXN-116350
SAL-53493,2026-07-27,STR-002,PRD-1017,Urad Dal White Split 1kg,3,160,480,TXN-827309
SAL-53494,2026-07-27,STR-003,PRD-1137,Del Monte Whole Corn Canned 415g,4,95,380,TXN-353495
SAL-53495,2026-07-27,STR-003,PRD-1074,Lays Magic Masala Potato Chips 50g,3,20,60,TXN-488918
SAL-53496,2026-07-27,STR-003,PRD-1042,Amul Cheese Slices 200g,5,140,700,TXN-249693
SAL-53497,2026-07-27,STR-003,PRD-1002,Ponni Boiled Rice 10kg,3,680,2040,TXN-628083
SAL-53498,2026-07-27,STR-002,PRD-1087,Real Fruit Power Guava Juice 1L,3,130,390,TXN-298148
SAL-53499,2026-07-27,STR-002,PRD-1119,Bambino Roasted Vermicelli 400g,6,45,270,TXN-860123
SAL-53500,2026-07-27,STR-002,PRD-1064,Britannia Good Day Cashew 200g,1,50,50,TXN-696431
SAL-53501,2026-07-27,STR-003,PRD-1140,Robusta Bananas 1kg,11,45,495,TXN-260128
SAL-53502,2026-07-27,STR-003,PRD-1082,Haldiram Khatta Meetha Mix 200g,1,65,65,TXN-362985
SAL-53503,2026-07-27,STR-001,PRD-1134,Weikfield Vanilla Custard Powder 100g,7,45,315,TXN-467124
SAL-53504,2026-07-27,STR-001,PRD-1145,Green Guava 1kg,18,70,1260,TXN-775424
SAL-53505,2026-07-27,STR-001,PRD-1017,Urad Dal White Split 1kg,2,160,320,TXN-498494
SAL-53506,2026-07-27,STR-003,PRD-1056,Winkies Chocolate Swiss Roll 100g,5,30,150,TXN-405980
SAL-53507,2026-07-27,STR-001,PRD-1052,Britannia Fruit Bun 150g,3,25,75,TXN-336176
SAL-53508,2026-07-27,STR-002,PRD-1089,Sprite Lemon-Lime 750ml,9,40,360,TXN-303779
SAL-53509,2026-07-27,STR-003,PRD-1093,Frooti Mango Drink 1L,4,65,260,TXN-856213
SAL-53510,2026-07-27,STR-002,PRD-1152,Ooty Carrot 500g,6,35,210,TXN-561929
SAL-53511,2026-07-27,STR-003,PRD-1205,Himalaya Baby Lotion 200ml,9,175,1575,TXN-357714
SAL-53512,2026-07-27,STR-001,PRD-1112,Women's Horlicks Caramel 400g,2,310,620,TXN-401787
SAL-53513,2026-07-27,STR-002,PRD-1074,Lays Magic Masala Potato Chips 50g,4,20,80,TXN-250327
SAL-53514,2026-07-27,STR-003,PRD-1098,Tata Tea Gold 500g,7,290,2030,TXN-432979
SAL-53515,2026-07-27,STR-003,PRD-1147,Watermelon Kiran 1 Unit (~3kg),2,90,180,TXN-818025
SAL-53516,2026-07-27,STR-003,PRD-1004,Aashirvaad Shuddha Chakki Atta 5kg,2,245,490,TXN-643211
SAL-53517,2026-07-27,STR-001,PRD-1150,Fresh Potato 1kg,20,30,600,TXN-748634
SAL-53518,2026-07-27,STR-002,PRD-1149,Fresh Red Onion 1kg,3,35,105,TXN-859252
SAL-53519,2026-07-27,STR-002,PRD-1136,Ching's Secret Dark Soy Sauce 210g,1,65,65,TXN-488363
SAL-53520,2026-07-27,STR-003,PRD-1100,Chakra Gold Tea 250g,5,150,750,TXN-208834
SAL-53521,2026-07-27,STR-001,PRD-1069,Parle Krackjack Sweet & Salty 200g,5,30,150,TXN-106188
SAL-53522,2026-07-27,STR-003,PRD-1175,Vim Dishwash Gel Lemon 500ml,17,115,1955,TXN-690045
SAL-53523,2026-07-27,STR-003,PRD-1091,7Up Nimbooz 350ml,1,25,25,TXN-506351
SAL-53524,2026-07-27,STR-003,PRD-1142,Seedless Black Grapes 500g,2,80,160,TXN-225453
SAL-53525,2026-07-27,STR-001,PRD-1016,Urad Dal Black Whole 1kg,1,155,155,TXN-899199
SAL-53526,2026-07-27,STR-003,PRD-1161,Mysore Sandal Soap 125g,6,55,330,TXN-691018
SAL-53527,2026-07-27,STR-001,PRD-1047,Milky Mist Fresh Cream 200ml,5,70,350,TXN-120754
SAL-53528,2026-07-27,STR-001,PRD-1081,Ribbon Pakoda 200g,5,75,375,TXN-599571
SAL-53529,2026-07-27,STR-002,PRD-1026,Idhayam Sesame/Gingelly Oil 1L,6,320,1920,TXN-776111
SAL-53530,2026-07-27,STR-001,PRD-1042,Amul Cheese Slices 200g,2,140,280,TXN-818914
SAL-53531,2026-07-27,STR-002,PRD-1042,Amul Cheese Slices 200g,4,140,560,TXN-571514
SAL-53532,2026-07-27,STR-001,PRD-1058,Pav Bun 6-Pack,7,35,245,TXN-349214
SAL-53533,2026-07-27,STR-001,PRD-1176,Surf Excel Quick Wash Detergent Powder 1kg,1,210,210,TXN-742366
SAL-53534,2026-07-27,STR-001,PRD-1025,Gold Winner Sunflower Oil 1L,9,145,1305,TXN-767625
SAL-53535,2026-07-27,STR-002,PRD-1193,Matchbox Homelites Safety Matches (10-Box),3,30,90,TXN-662513
SAL-53536,2026-07-27,STR-001,PRD-1061,Sunfeast Dark Fantasy Choco Fills 300g,3,150,450,TXN-866486
SAL-53537,2026-07-27,STR-001,PRD-1093,Frooti Mango Drink 1L,3,65,195,TXN-507321
SAL-53538,2026-07-27,STR-003,PRD-1143,Ripe Papaya 1kg,9,50,450,TXN-268104
SAL-53539,2026-07-27,STR-001,PRD-1103,Narasus Pure Filter Coffee 200g,2,120,240,TXN-121954
SAL-53540,2026-07-27,STR-003,PRD-1103,Narasus Pure Filter Coffee 200g,4,120,480,TXN-414423
SAL-53541,2026-07-27,STR-002,PRD-1205,Himalaya Baby Lotion 200ml,13,175,2275,TXN-582273
SAL-53542,2026-07-27,STR-003,PRD-1094,Red Bull Energy Drink 250ml,3,125,375,TXN-667802
SAL-53543,2026-07-27,STR-001,PRD-1040,Milky Mist Thick Curd 1kg Bucket,1,90,90,TXN-521769
SAL-53544,2026-07-27,STR-001,PRD-1044,Amul Taaza Homogenised Milk 1L Pack,3,72,216,TXN-756932
SAL-53545,2026-07-27,STR-002,PRD-1073,Haldiram Nagpur Aloo Bhujia 200g,4,60,240,TXN-525504
SAL-53546,2026-07-27,STR-001,PRD-1032,Parachute Coconut Oil 500ml,1,190,190,TXN-538017
SAL-53547,2026-07-27,STR-001,PRD-1200,Nestle Cerelac Wheat Apple 300g,1,295,295,TXN-574283
SAL-53548,2026-07-27,STR-002,PRD-1179,Colin Glass Cleaner Spray 500ml,6,105,630,TXN-507311
SAL-53549,2026-07-27,STR-001,PRD-1073,Haldiram Nagpur Aloo Bhujia 200g,5,60,300,TXN-454210
SAL-53550,2026-07-27,STR-003,PRD-1046,Cavins Milkshake Strawberry 200ml,3,40,120,TXN-518259
SAL-53551,2026-07-27,STR-003,PRD-1186,Pitambari Shining Powder 200g,3,40,120,TXN-655678
SAL-53552,2026-07-27,STR-003,PRD-1013,Tata Sampann Toor Dal 1kg,3,165,495,TXN-327498
SAL-53553,2026-07-27,STR-001,PRD-1169,Parachute Advansed Jasmine Hair Oil 200ml,5,105,525,TXN-695996
SAL-53554,2026-07-27,STR-003,PRD-1172,Dabur Red Toothpowder 100g,4,45,180,TXN-864733
SAL-53555,2026-07-27,STR-001,PRD-1041,Amul Pasteurised Butter 100g,2,58,116,TXN-748938
SAL-53556,2026-07-27,STR-001,PRD-1083,Doritos Nacho Cheese Chips 60g,3,30,90,TXN-585884
SAL-53557,2026-07-27,STR-001,PRD-1140,Robusta Bananas 1kg,15,45,675,TXN-775282
SAL-53558,2026-07-27,STR-001,PRD-1067,Britannia NutriChoice Digestive 250g,11,65,715,TXN-511911
SAL-53559,2026-07-28,STR-003,PRD-1051,Modern Whole Wheat Bread 400g,5,48,240,TXN-759221
SAL-53560,2026-07-28,STR-002,PRD-1169,Parachute Advansed Jasmine Hair Oil 200ml,3,105,315,TXN-394895
SAL-53561,2026-07-28,STR-001,PRD-1040,Milky Mist Thick Curd 1kg Bucket,1,90,90,TXN-361504
SAL-53562,2026-07-28,STR-002,PRD-1195,Cycle Pure Agarbatti Three in One 250g,20,95,1900,TXN-796117
SAL-53563,2026-07-28,STR-002,PRD-1163,Clinic Plus Strong & Long Shampoo 175ml,7,110,770,TXN-566515
SAL-53564,2026-07-28,STR-003,PRD-1108,Boost Health Drink 500g Refill,3,235,705,TXN-141291
SAL-53565,2026-07-28,STR-001,PRD-1149,Fresh Red Onion 1kg,1,35,35,TXN-499454
SAL-53566,2026-07-28,STR-002,PRD-1019,Green Gram Whole 1kg,4,130,520,TXN-600044
SAL-53567,2026-07-28,STR-003,PRD-1072,Unibic Assorted Cookies 75g,1,45,45,TXN-120923
SAL-53568,2026-07-28,STR-001,PRD-1122,Maggi Cuppa Masala Noodles 70g,10,50,500,TXN-562355
SAL-53569,2026-07-28,STR-003,PRD-1198,Garbage Bags Black Medium 30 Sheets,2,90,180,TXN-290666
SAL-53570,2026-07-28,STR-001,PRD-1057,Plum Cake 250g,4,120,480,TXN-120821
SAL-53571,2026-07-28,STR-003,PRD-1138,Knorr Dark Soy Sauce 200ml,8,70,560,TXN-804393
SAL-53572,2026-07-28,STR-002,PRD-1186,Pitambari Shining Powder 200g,5,40,200,TXN-456281
SAL-53573,2026-07-28,STR-001,PRD-1156,Fresh Mint Leaves 100g,4,12,48,TXN-487939
SAL-53574,2026-07-28,STR-003,PRD-1065,Britannia Good Day Butter 200g,7,45,315,TXN-241498
SAL-53575,2026-07-28,STR-003,PRD-1159,Garlic 250g,4,60,240,TXN-810277
SAL-53576,2026-07-28,STR-003,PRD-1009,Raw Rice 5kg,1,320,320,TXN-256747
SAL-53577,2026-07-28,STR-001,PRD-1075,Lays Classic Salted Potato Chips 50g,10,20,200,TXN-929389
SAL-53578,2026-07-28,STR-002,PRD-1139,Fresh Shimla Apples 1kg,7,180,1260,TXN-306707
SAL-53579,2026-07-28,STR-002,PRD-1204,MamyPoko Pants Standard Diaper Medium 34s,7,450,3150,TXN-436276
SAL-53580,2026-07-28,STR-003,PRD-1062,Britannia Marie Gold 300g,3,40,120,TXN-931292
SAL-53581,2026-07-28,STR-003,PRD-1098,Tata Tea Gold 500g,9,290,2610,TXN-187108
SAL-53582,2026-07-28,STR-003,PRD-1202,Johnson's Baby Powder 200g,3,190,570,TXN-938145
SAL-53583,2026-07-28,STR-003,PRD-1056,Winkies Chocolate Swiss Roll 100g,8,30,240,TXN-752069
SAL-53584,2026-07-28,STR-001,PRD-1145,Green Guava 1kg,27,70,1890,TXN-538030
SAL-53585,2026-07-28,STR-001,PRD-1207,Pigeon Baby Feeding Bottle 250ml,7,220,1540,TXN-482956
SAL-53586,2026-07-28,STR-001,PRD-1072,Unibic Assorted Cookies 75g,2,45,90,TXN-301350
SAL-53587,2026-07-28,STR-001,PRD-1055,Britannia Gobbles Marble Cake 110g,14,35,490,TXN-645712
SAL-53588,2026-07-28,STR-002,PRD-1148,Kiwi Fruit 3-Pack,3,120,360,TXN-124583
SAL-53589,2026-07-28,STR-003,PRD-1114,Milo Cocoa Beverage Powder 400g,2,220,440,TXN-274988
SAL-53590,2026-07-28,STR-003,PRD-1168,Sunsilk Black Shine Shampoo 180ml,1,125,125,TXN-350404
SAL-53591,2026-07-28,STR-001,PRD-1089,Sprite Lemon-Lime 750ml,9,40,360,TXN-375894
SAL-53592,2026-07-28,STR-003,PRD-1047,Milky Mist Fresh Cream 200ml,4,70,280,TXN-553980
SAL-53593,2026-07-28,STR-002,PRD-1175,Vim Dishwash Gel Lemon 500ml,17,115,1955,TXN-386089
SAL-53594,2026-07-28,STR-002,PRD-1114,Milo Cocoa Beverage Powder 400g,2,220,440,TXN-896671
SAL-53595,2026-07-28,STR-002,PRD-1191,Eveready Red AA Batteries (4-Pack),2,60,120,TXN-791442
SAL-53596,2026-07-28,STR-003,PRD-1013,Tata Sampann Toor Dal 1kg,3,165,495,TXN-678052
SAL-53597,2026-07-28,STR-003,PRD-1035,Saffola Gold Edible Oil 1L,2,195,390,TXN-754489
SAL-53598,2026-07-28,STR-002,PRD-1024,Black Eyed Beans (Karamani) 500g,1,70,70,TXN-701518
SAL-53599,2026-07-28,STR-003,PRD-1031,Sundrop SuperLite Oil 1L,1,165,165,TXN-499162
SAL-53600,2026-07-28,STR-002,PRD-1008,Manna Ragi Flour 1kg,4,85,340,TXN-592957
SAL-53601,2026-07-28,STR-001,PRD-1004,Aashirvaad Shuddha Chakki Atta 5kg,4,245,980,TXN-137731
SAL-53602,2026-07-28,STR-001,PRD-1020,Fried Gram (Pottukadalai) 500g,21,75,1575,TXN-383412
SAL-53603,2026-07-28,STR-003,PRD-1119,Bambino Roasted Vermicelli 400g,6,45,270,TXN-451938
SAL-53604,2026-07-28,STR-002,PRD-1033,V.V.D Gold Coconut Oil 500ml,3,185,555,TXN-637483
SAL-53605,2026-07-28,STR-001,PRD-1113,Ensure Diabetes Care Vanilla 400g,8,690,5520,TXN-922209
SAL-53606,2026-07-28,STR-001,PRD-1129,Aachi Lime Pickle 300g,2,65,130,TXN-841637
SAL-53607,2026-07-28,STR-003,PRD-1073,Haldiram Nagpur Aloo Bhujia 200g,2,60,120,TXN-463058
SAL-53608,2026-07-28,STR-002,PRD-1077,Bingo Mad Angles Cream & Onion 70g,5,20,100,TXN-679215
SAL-53609,2026-07-28,STR-001,PRD-1111,Pediasure Chocolate 400g Jar,7,620,4340,TXN-395322
SAL-53610,2026-07-28,STR-003,PRD-1024,Black Eyed Beans (Karamani) 500g,1,70,70,TXN-571727
SAL-53611,2026-07-28,STR-001,PRD-1131,Dabur 100% Pure Honey 250g,1,135,135,TXN-798585
SAL-53612,2026-07-28,STR-001,PRD-1161,Mysore Sandal Soap 125g,6,55,330,TXN-633506
SAL-53613,2026-07-28,STR-002,PRD-1171,Gillette Guard Razor 1-Pack,5,25,125,TXN-124125
SAL-53614,2026-07-28,STR-002,PRD-1122,Maggi Cuppa Masala Noodles 70g,17,50,850,TXN-945389
SAL-53615,2026-07-28,STR-003,PRD-1063,Oreo Vanilla Cream Biscuit 120g,5,35,175,TXN-354763
SAL-53616,2026-07-28,STR-003,PRD-1104,Cothas Coffee Chicory Blend 500g,1,220,220,TXN-491526
SAL-53617,2026-07-28,STR-003,PRD-1109,Bournvita Chocolate Health Drink 500g,1,240,240,TXN-699689
SAL-53618,2026-07-28,STR-002,PRD-1037,Aavin Toned Milk 500ml Pouch,6,24,144,TXN-916711
SAL-53619,2026-07-28,STR-002,PRD-1202,Johnson's Baby Powder 200g,2,190,380,TXN-179074
SAL-53620,2026-07-28,STR-002,PRD-1058,Pav Bun 6-Pack,1,35,35,TXN-114100
SAL-53621,2026-07-28,STR-002,PRD-1055,Britannia Gobbles Marble Cake 110g,27,35,945,TXN-457705
SAL-53622,2026-07-28,STR-003,PRD-1059,Parle-G Glucose Biscuit 250g,6,30,180,TXN-747454
SAL-53623,2026-07-28,STR-001,PRD-1150,Fresh Potato 1kg,11,30,330,TXN-711062
SAL-53624,2026-07-28,STR-002,PRD-1043,Milky Mist Paneer 200g,6,115,690,TXN-583145
SAL-53625,2026-07-28,STR-001,PRD-1192,Freshwrap Aluminum Foil 18m Roll,1,175,175,TXN-446974
SAL-53626,2026-07-28,STR-003,PRD-1147,Watermelon Kiran 1 Unit (~3kg),5,90,450,TXN-210973
SAL-53627,2026-07-28,STR-001,PRD-1058,Pav Bun 6-Pack,5,35,175,TXN-158894
SAL-53628,2026-07-29,STR-001,PRD-1051,Modern Whole Wheat Bread 400g,4,48,192,TXN-603787
SAL-53629,2026-07-29,STR-003,PRD-1072,Unibic Assorted Cookies 75g,1,45,45,TXN-414831
SAL-53630,2026-07-29,STR-002,PRD-1030,Amul Pure Ghee 1L Tin,25,620,15500,TXN-428702
SAL-53631,2026-07-29,STR-003,PRD-1067,Britannia NutriChoice Digestive 250g,13,65,845,TXN-881156
SAL-53632,2026-07-29,STR-003,PRD-1033,V.V.D Gold Coconut Oil 500ml,1,185,185,TXN-715754
SAL-53633,2026-07-29,STR-002,PRD-1002,Ponni Boiled Rice 10kg,2,680,1360,TXN-824424
SAL-53634,2026-07-29,STR-002,PRD-1156,Fresh Mint Leaves 100g,4,12,48,TXN-587529
SAL-53635,2026-07-29,STR-002,PRD-1084,Pringles Sour Cream & Onion 107g,7,115,805,TXN-440124
SAL-53636,2026-07-29,STR-002,PRD-1076,Kurkure Masala Munch 85g,5,20,100,TXN-987600
SAL-53637,2026-07-29,STR-001,PRD-1019,Green Gram Whole 1kg,8,130,1040,TXN-522829
SAL-53638,2026-07-29,STR-002,PRD-1029,Hatsun Pure Cow Ghee 500ml,3,330,990,TXN-586950
SAL-53639,2026-07-29,STR-003,PRD-1139,Fresh Shimla Apples 1kg,3,180,540,TXN-248984
SAL-53640,2026-07-29,STR-001,PRD-1116,Sunfeast Yippee Magic Masala Noodles 240g,7,48,336,TXN-504293
SAL-53641,2026-07-29,STR-001,PRD-1191,Eveready Red AA Batteries (4-Pack),4,60,240,TXN-125668
SAL-53642,2026-07-29,STR-001,PRD-1070,Hide & Seek Chocolate Chip Biscuits 120g,23,40,920,TXN-926556
SAL-53643,2026-07-29,STR-003,PRD-1171,Gillette Guard Razor 1-Pack,3,25,75,TXN-762902
SAL-53644,2026-07-29,STR-001,PRD-1072,Unibic Assorted Cookies 75g,1,45,45,TXN-483474
SAL-53645,2026-07-29,STR-003,PRD-1178,Lizol Disinfectant Floor Cleaner Citrus 1L,2,215,430,TXN-929816
SAL-53646,2026-07-29,STR-001,PRD-1169,Parachute Advansed Jasmine Hair Oil 200ml,6,105,630,TXN-281172
SAL-53647,2026-07-29,STR-001,PRD-1104,Cothas Coffee Chicory Blend 500g,1,220,220,TXN-292843
SAL-53648,2026-07-29,STR-001,PRD-1023,Horse Gram (Kollu) 500g,6,60,360,TXN-117185
SAL-53649,2026-07-29,STR-003,PRD-1159,Garlic 250g,3,60,180,TXN-257181
SAL-53650,2026-07-29,STR-002,PRD-1067,Britannia NutriChoice Digestive 250g,8,65,520,TXN-307362
SAL-53651,2026-07-29,STR-003,PRD-1182,Exo Touch & Shine Dishwash Bar 250g,1,30,30,TXN-511284
SAL-53652,2026-07-29,STR-002,PRD-1003,Sona Masoori Rice 5kg,1,380,380,TXN-970085
SAL-53653,2026-07-29,STR-001,PRD-1064,Britannia Good Day Cashew 200g,1,50,50,TXN-676012
SAL-53654,2026-07-29,STR-002,PRD-1095,Kinley Packaged Drinking Water 1L,11,20,220,TXN-299172
SAL-53655,2026-07-29,STR-003,PRD-1052,Britannia Fruit Bun 150g,5,25,125,TXN-858885
SAL-53656,2026-07-29,STR-002,PRD-1195,Cycle Pure Agarbatti Three in One 250g,13,95,1235,TXN-556243
SAL-53657,2026-07-29,STR-002,PRD-1207,Pigeon Baby Feeding Bottle 250ml,4,220,880,TXN-267584
SAL-53658,2026-07-29,STR-003,PRD-1068,Parle Monaco Salted Biscuit 200g,3,30,90,TXN-798130
SAL-53659,2026-07-29,STR-002,PRD-1045,Aavin Flavoured Milk Chocolate 200ml,6,30,180,TXN-211161
SAL-53660,2026-07-29,STR-001,PRD-1028,Aavin Pure Ghee 500ml,1,315,315,TXN-438986
SAL-53661,2026-07-29,STR-002,PRD-1068,Parle Monaco Salted Biscuit 200g,5,30,150,TXN-737343
SAL-53662,2026-07-29,STR-001,PRD-1068,Parle Monaco Salted Biscuit 200g,4,30,120,TXN-346575
SAL-53663,2026-07-29,STR-002,PRD-1116,Sunfeast Yippee Magic Masala Noodles 240g,7,48,336,TXN-618239
SAL-53664,2026-07-29,STR-003,PRD-1082,Haldiram Khatta Meetha Mix 200g,2,65,130,TXN-536569
SAL-53665,2026-07-29,STR-002,PRD-1059,Parle-G Glucose Biscuit 250g,3,30,90,TXN-422969
SAL-53666,2026-07-29,STR-003,PRD-1142,Seedless Black Grapes 500g,2,80,160,TXN-455027
SAL-53667,2026-07-29,STR-002,PRD-1107,Horlicks Classic Malt 500g Jar,7,245,1715,TXN-817286
SAL-53668,2026-07-29,STR-001,PRD-1149,Fresh Red Onion 1kg,2,35,70,TXN-741337
SAL-53669,2026-07-29,STR-002,PRD-1182,Exo Touch & Shine Dishwash Bar 250g,3,30,90,TXN-235715
SAL-53670,2026-07-29,STR-002,PRD-1103,Narasus Pure Filter Coffee 200g,5,120,600,TXN-457666
SAL-53671,2026-07-29,STR-003,PRD-1153,Ladies Finger (Bhindi) 500g,6,30,180,TXN-487519
SAL-53672,2026-07-29,STR-003,PRD-1090,Bovonto Grape Soft Drink 1.5L,21,65,1365,TXN-596524
SAL-53673,2026-07-29,STR-003,PRD-1124,MTR Gulab Jamun Mix 175g,1,95,95,TXN-568795
SAL-53674,2026-07-29,STR-002,PRD-1087,Real Fruit Power Guava Juice 1L,2,130,260,TXN-358064
SAL-53675,2026-07-29,STR-002,PRD-1191,Eveready Red AA Batteries (4-Pack),1,60,60,TXN-442046
SAL-53676,2026-07-29,STR-003,PRD-1003,Sona Masoori Rice 5kg,6,380,2280,TXN-427718
SAL-53677,2026-07-29,STR-001,PRD-1091,7Up Nimbooz 350ml,6,25,150,TXN-599318
SAL-53678,2026-07-29,STR-001,PRD-1102,Nescafe Classic Instant Coffee 50g,6,160,960,TXN-681955
SAL-53679,2026-07-29,STR-001,PRD-1059,Parle-G Glucose Biscuit 250g,4,30,120,TXN-932378
SAL-53680,2026-07-29,STR-002,PRD-1024,Black Eyed Beans (Karamani) 500g,1,70,70,TXN-303819
SAL-53681,2026-07-29,STR-002,PRD-1023,Horse Gram (Kollu) 500g,13,60,780,TXN-437466
SAL-53682,2026-07-29,STR-003,PRD-1023,Horse Gram (Kollu) 500g,10,60,600,TXN-700073
SAL-53683,2026-07-29,STR-001,PRD-1178,Lizol Disinfectant Floor Cleaner Citrus 1L,3,215,645,TXN-340047
SAL-53684,2026-07-29,STR-002,PRD-1124,MTR Gulab Jamun Mix 175g,2,95,190,TXN-738988
SAL-53685,2026-07-29,STR-002,PRD-1022,Masoor Dal Red 1kg,3,110,330,TXN-959472
SAL-53686,2026-07-29,STR-001,PRD-1155,Coriander Leaves 100g Bundle,10,15,150,TXN-690660
SAL-53687,2026-07-29,STR-003,PRD-1160,Curry Leaves 50g Bundle,1,10,10,TXN-120339
SAL-53688,2026-07-29,STR-002,PRD-1005,Pillsbury Chakki Fresh Atta 5kg,15,240,3600,TXN-200225
SAL-53689,2026-07-29,STR-003,PRD-1032,Parachute Coconut Oil 500ml,1,190,190,TXN-255561
SAL-53690,2026-07-29,STR-002,PRD-1115,Maggi 2-Minute Masala Noodles 280g (4-Pack),13,56,728,TXN-185257
SAL-53691,2026-07-29,STR-003,PRD-1130,Nutella Hazelnut Spread 350g Jar,20,380,7600,TXN-585164
SAL-53692,2026-07-29,STR-003,PRD-1024,Black Eyed Beans (Karamani) 500g,1,70,70,TXN-863181
SAL-53693,2026-07-29,STR-001,PRD-1205,Himalaya Baby Lotion 200ml,12,175,2100,TXN-571319
SAL-53694,2026-07-29,STR-001,PRD-1095,Kinley Packaged Drinking Water 1L,16,20,320,TXN-302565
SAL-53695,2026-07-29,STR-002,PRD-1162,Dettol Original Soap 75g (3-Pack),6,105,630,TXN-389627
SAL-53696,2026-07-29,STR-002,PRD-1129,Aachi Lime Pickle 300g,3,65,195,TXN-481453
SAL-53697,2026-07-30,STR-001,PRD-1022,Masoor Dal Red 1kg,4,110,440,TXN-976686
SAL-53698,2026-07-30,STR-001,PRD-1171,Gillette Guard Razor 1-Pack,7,25,175,TXN-774885
SAL-53699,2026-07-30,STR-002,PRD-1089,Sprite Lemon-Lime 750ml,10,40,400,TXN-693092
SAL-53700,2026-07-30,STR-001,PRD-1081,Ribbon Pakoda 200g,5,75,375,TXN-141294
SAL-53701,2026-07-30,STR-002,PRD-1002,Ponni Boiled Rice 10kg,4,680,2720,TXN-158572
SAL-53702,2026-07-30,STR-003,PRD-1128,Mother's Recipe Mango Pickle 300g,1,85,85,TXN-171192
SAL-53703,2026-07-30,STR-001,PRD-1174,Vaseline Total Moisture Body Lotion 200ml,3,215,645,TXN-207220
SAL-53704,2026-07-30,STR-002,PRD-1202,Johnson's Baby Powder 200g,4,190,760,TXN-848529
SAL-53705,2026-07-30,STR-002,PRD-1053,Sweet Bun 2-Pack,3,20,60,TXN-891317
SAL-53706,2026-07-30,STR-003,PRD-1098,Tata Tea Gold 500g,5,290,1450,TXN-474426
SAL-53707,2026-07-30,STR-003,PRD-1115,Maggi 2-Minute Masala Noodles 280g (4-Pack),16,56,896,TXN-532686
SAL-53708,2026-07-30,STR-003,PRD-1174,Vaseline Total Moisture Body Lotion 200ml,2,215,430,TXN-172956
SAL-53709,2026-07-30,STR-002,PRD-1113,Ensure Diabetes Care Vanilla 400g,3,690,2070,TXN-671590
SAL-53710,2026-07-30,STR-002,PRD-1193,Matchbox Homelites Safety Matches (10-Box),2,30,60,TXN-536577
SAL-53711,2026-07-30,STR-003,PRD-1072,Unibic Assorted Cookies 75g,1,45,45,TXN-515225
SAL-53712,2026-07-30,STR-002,PRD-1068,Parle Monaco Salted Biscuit 200g,5,30,150,TXN-674721
SAL-53713,2026-07-30,STR-002,PRD-1044,Amul Taaza Homogenised Milk 1L Pack,9,72,648,TXN-953922
SAL-53714,2026-07-30,STR-001,PRD-1107,Horlicks Classic Malt 500g Jar,2,245,490,TXN-266786
SAL-53715,2026-07-30,STR-001,PRD-1023,Horse Gram (Kollu) 500g,5,60,300,TXN-373421
SAL-53716,2026-07-30,STR-003,PRD-1070,Hide & Seek Chocolate Chip Biscuits 120g,13,40,520,TXN-159259
SAL-53717,2026-07-30,STR-003,PRD-1188,Good Knight Gold Flash Machine + Refill,11,130,1430,TXN-684774
SAL-53718,2026-07-30,STR-003,PRD-1181,Comfort After Wash Fabric Conditioner 860ml,1,235,235,TXN-774132
SAL-53719,2026-07-30,STR-002,PRD-1102,Nescafe Classic Instant Coffee 50g,6,160,960,TXN-336474
SAL-53720,2026-07-30,STR-001,PRD-1090,Bovonto Grape Soft Drink 1.5L,15,65,975,TXN-144224
SAL-53721,2026-07-30,STR-001,PRD-1136,Ching's Secret Dark Soy Sauce 210g,1,65,65,TXN-343967
SAL-53722,2026-07-30,STR-003,PRD-1152,Ooty Carrot 500g,8,35,280,TXN-244360
SAL-53723,2026-07-30,STR-001,PRD-1005,Pillsbury Chakki Fresh Atta 5kg,14,240,3360,TXN-438637
SAL-53724,2026-07-30,STR-001,PRD-1108,Boost Health Drink 500g Refill,1,235,235,TXN-765143
SAL-53725,2026-07-30,STR-003,PRD-1094,Red Bull Energy Drink 250ml,4,125,500,TXN-120191
SAL-53726,2026-07-30,STR-002,PRD-1074,Lays Magic Masala Potato Chips 50g,4,20,80,TXN-403708
SAL-53727,2026-07-30,STR-003,PRD-1052,Britannia Fruit Bun 150g,5,25,125,TXN-802170
SAL-53728,2026-07-30,STR-002,PRD-1107,Horlicks Classic Malt 500g Jar,7,245,1715,TXN-535094
SAL-53729,2026-07-30,STR-001,PRD-1010,Idli Rice 5kg,13,290,3770,TXN-142079
SAL-53730,2026-07-30,STR-002,PRD-1011,Seeraga Samba Rice 1kg,1,145,145,TXN-137754
SAL-53731,2026-07-30,STR-001,PRD-1152,Ooty Carrot 500g,4,35,140,TXN-711046
SAL-53732,2026-07-30,STR-001,PRD-1029,Hatsun Pure Cow Ghee 500ml,5,330,1650,TXN-466353
SAL-53733,2026-07-30,STR-001,PRD-1133,Hershey's Chocolate Syrup 623g,12,230,2760,TXN-709834
SAL-53734,2026-07-30,STR-003,PRD-1167,Dove Cream Beauty Bathing Bar 125g,3,75,225,TXN-633881
SAL-53735,2026-07-30,STR-001,PRD-1054,Garlic Butter Toast 150g,7,40,280,TXN-272154
SAL-53736,2026-07-30,STR-001,PRD-1161,Mysore Sandal Soap 125g,4,55,220,TXN-259651
SAL-53737,2026-07-30,STR-001,PRD-1138,Knorr Dark Soy Sauce 200ml,3,70,210,TXN-758169
SAL-53738,2026-07-30,STR-001,PRD-1200,Nestle Cerelac Wheat Apple 300g,1,295,295,TXN-395087
SAL-53739,2026-07-30,STR-001,PRD-1057,Plum Cake 250g,3,120,360,TXN-492482
SAL-53740,2026-07-30,STR-001,PRD-1160,Curry Leaves 50g Bundle,1,10,10,TXN-267628
SAL-53741,2026-07-30,STR-003,PRD-1039,Hatsun Fresh Curd 500g Pouch,6,35,210,TXN-890806
SAL-53742,2026-07-30,STR-001,PRD-1099,Red Label Natural Care Tea 250g,6,170,1020,TXN-450733
SAL-53743,2026-07-30,STR-002,PRD-1164,Colgate Strong Teeth Toothpaste 150g,2,95,190,TXN-372988
SAL-53744,2026-07-30,STR-001,PRD-1100,Chakra Gold Tea 250g,12,150,1800,TXN-782059
SAL-53745,2026-07-30,STR-001,PRD-1072,Unibic Assorted Cookies 75g,1,45,45,TXN-130217
SAL-53746,2026-07-30,STR-003,PRD-1163,Clinic Plus Strong & Long Shampoo 175ml,4,110,440,TXN-783051
SAL-53747,2026-07-30,STR-001,PRD-1103,Narasus Pure Filter Coffee 200g,3,120,360,TXN-907420
SAL-53748,2026-07-30,STR-002,PRD-1059,Parle-G Glucose Biscuit 250g,3,30,90,TXN-293810
SAL-53749,2026-07-30,STR-001,PRD-1047,Milky Mist Fresh Cream 200ml,3,70,210,TXN-506272
SAL-53750,2026-07-30,STR-003,PRD-1116,Sunfeast Yippee Magic Masala Noodles 240g,8,48,384,TXN-878896
SAL-53751,2026-07-30,STR-001,PRD-1007,Saffola Masala Oats 500g,3,175,525,TXN-315569
SAL-53752,2026-07-30,STR-002,PRD-1045,Aavin Flavoured Milk Chocolate 200ml,7,30,210,TXN-697905
SAL-53753,2026-07-30,STR-003,PRD-1019,Green Gram Whole 1kg,5,130,650,TXN-413115
SAL-53754,2026-07-30,STR-001,PRD-1199,Pampers Baby Wipes Gentle 72 Sheets,16,185,2960,TXN-957588
SAL-53755,2026-07-30,STR-001,PRD-1172,Dabur Red Toothpowder 100g,3,45,135,TXN-586308
SAL-53756,2026-07-30,STR-001,PRD-1052,Britannia Fruit Bun 150g,2,25,50,TXN-756531
SAL-53757,2026-07-30,STR-001,PRD-1114,Milo Cocoa Beverage Powder 400g,1,220,220,TXN-984539
SAL-53758,2026-07-30,STR-003,PRD-1135,Baking Soda 100g,16,25,400,TXN-635926
SAL-53759,2026-07-30,STR-002,PRD-1198,Garbage Bags Black Medium 30 Sheets,2,90,180,TXN-112960
SAL-53760,2026-07-30,STR-002,PRD-1010,Idli Rice 5kg,12,290,3480,TXN-289707
SAL-53761,2026-07-30,STR-003,PRD-1156,Fresh Mint Leaves 100g,3,12,36,TXN-316376
SAL-53762,2026-07-30,STR-001,PRD-1117,MTR Rava Idli Mix 500g,5,110,550,TXN-854914
SAL-53763,2026-07-30,STR-001,PRD-1143,Ripe Papaya 1kg,6,50,300,TXN-443260
SAL-53764,2026-07-30,STR-001,PRD-1065,Britannia Good Day Butter 200g,11,45,495,TXN-509735
SAL-53765,2026-07-31,STR-002,PRD-1060,Britannia Bourbon Chocolate Biscuit 150g,26,35,910,TXN-125598
SAL-53766,2026-07-31,STR-002,PRD-1177,Harpic Power Plus Toilet Cleaner 500ml,12,95,1140,TXN-297205
SAL-53767,2026-07-31,STR-001,PRD-1173,Himalaya Purifying Neem Face Wash 100ml,3,140,420,TXN-569750
SAL-53768,2026-07-31,STR-001,PRD-1202,Johnson's Baby Powder 200g,2,190,380,TXN-781765
SAL-53769,2026-07-31,STR-002,PRD-1103,Narasus Pure Filter Coffee 200g,2,120,240,TXN-690570
SAL-53770,2026-07-31,STR-001,PRD-1090,Bovonto Grape Soft Drink 1.5L,21,65,1365,TXN-556491
SAL-53771,2026-07-31,STR-003,PRD-1028,Aavin Pure Ghee 500ml,5,315,1575,TXN-837093
SAL-53772,2026-07-31,STR-002,PRD-1039,Hatsun Fresh Curd 500g Pouch,3,35,105,TXN-342767
SAL-53773,2026-07-31,STR-001,PRD-1001,India Gate Basmati Rice 5kg,9,520,4680,TXN-878594
SAL-53774,2026-07-31,STR-001,PRD-1012,Maida Flour 1kg,5,55,275,TXN-481718
SAL-53775,2026-07-31,STR-001,PRD-1019,Green Gram Whole 1kg,3,130,390,TXN-485138
SAL-53776,2026-07-31,STR-001,PRD-1005,Pillsbury Chakki Fresh Atta 5kg,13,240,3120,TXN-595426
SAL-53777,2026-07-31,STR-001,PRD-1099,Red Label Natural Care Tea 250g,6,170,1020,TXN-491399
SAL-53778,2026-07-31,STR-003,PRD-1109,Bournvita Chocolate Health Drink 500g,3,240,720,TXN-489307
SAL-53779,2026-07-31,STR-002,PRD-1160,Curry Leaves 50g Bundle,2,10,20,TXN-667035
SAL-53780,2026-07-31,STR-003,PRD-1137,Del Monte Whole Corn Canned 415g,2,95,190,TXN-870907
SAL-53781,2026-07-31,STR-002,PRD-1204,MamyPoko Pants Standard Diaper Medium 34s,6,450,2700,TXN-526772
SAL-53782,2026-07-31,STR-002,PRD-1058,Pav Bun 6-Pack,1,35,35,TXN-521296
SAL-53783,2026-07-31,STR-003,PRD-1035,Saffola Gold Edible Oil 1L,3,195,585,TXN-464314
SAL-53784,2026-07-31,STR-001,PRD-1020,Fried Gram (Pottukadalai) 500g,23,75,1725,TXN-254804
SAL-53785,2026-07-31,STR-003,PRD-1132,Sundrop Peanut Butter Crunchy 500g,6,195,1170,TXN-888171
SAL-53786,2026-07-31,STR-001,PRD-1078,Hot & Crispy Banana Chips 250g,13,90,1170,TXN-808534
SAL-53787,2026-07-31,STR-002,PRD-1069,Parle Krackjack Sweet & Salty 200g,3,30,90,TXN-477832
SAL-53788,2026-07-31,STR-003,PRD-1152,Ooty Carrot 500g,8,35,280,TXN-190644
SAL-53789,2026-07-31,STR-002,PRD-1134,Weikfield Vanilla Custard Powder 100g,6,45,270,TXN-244327
SAL-53790,2026-07-31,STR-001,PRD-1028,Aavin Pure Ghee 500ml,2,315,630,TXN-476091
SAL-53791,2026-07-31,STR-002,PRD-1101,BRU Instant Coffee 100g Glass Jar,4,185,740,TXN-572665
SAL-53792,2026-07-31,STR-003,PRD-1150,Fresh Potato 1kg,20,30,600,TXN-813385
SAL-53793,2026-07-31,STR-001,PRD-1009,Raw Rice 5kg,2,320,640,TXN-144832
SAL-53794,2026-07-31,STR-003,PRD-1107,Horlicks Classic Malt 500g Jar,5,245,1225,TXN-755425
SAL-53795,2026-07-31,STR-002,PRD-1013,Tata Sampann Toor Dal 1kg,1,165,165,TXN-458245
SAL-53796,2026-07-31,STR-001,PRD-1044,Amul Taaza Homogenised Milk 1L Pack,5,72,360,TXN-972428
SAL-53797,2026-07-31,STR-002,PRD-1109,Bournvita Chocolate Health Drink 500g,3,240,720,TXN-992440
SAL-53798,2026-07-31,STR-001,PRD-1052,Britannia Fruit Bun 150g,5,25,125,TXN-246298
SAL-53799,2026-07-31,STR-002,PRD-1095,Kinley Packaged Drinking Water 1L,21,20,420,TXN-930763
SAL-53800,2026-07-31,STR-003,PRD-1164,Colgate Strong Teeth Toothpaste 150g,1,95,95,TXN-826888
SAL-53801,2026-07-31,STR-002,PRD-1074,Lays Magic Masala Potato Chips 50g,3,20,60,TXN-963442
SAL-53802,2026-07-31,STR-002,PRD-1044,Amul Taaza Homogenised Milk 1L Pack,6,72,432,TXN-217314
SAL-53803,2026-07-31,STR-003,PRD-1171,Gillette Guard Razor 1-Pack,7,25,175,TXN-670421
SAL-53804,2026-07-31,STR-002,PRD-1063,Oreo Vanilla Cream Biscuit 120g,2,35,70,TXN-208858
SAL-53805,2026-07-31,STR-001,PRD-1006,Quaker Oats 1kg,4,195,780,TXN-367090
SAL-53806,2026-07-31,STR-002,PRD-1041,Amul Pasteurised Butter 100g,4,58,232,TXN-796922
SAL-53807,2026-07-31,STR-001,PRD-1032,Parachute Coconut Oil 500ml,1,190,190,TXN-875643
SAL-53808,2026-07-31,STR-001,PRD-1085,Paper Boat Mango Juice 250ml,11,35,385,TXN-844229
SAL-53809,2026-07-31,STR-002,PRD-1164,Colgate Strong Teeth Toothpaste 150g,4,95,380,TXN-612942
SAL-53810,2026-07-31,STR-003,PRD-1208,Mee Mee Baby Laundry Detergent 1L,1,380,380,TXN-867405
SAL-53811,2026-07-31,STR-003,PRD-1200,Nestle Cerelac Wheat Apple 300g,1,295,295,TXN-491456
SAL-53812,2026-07-31,STR-003,PRD-1098,Tata Tea Gold 500g,7,290,2030,TXN-514146
SAL-53813,2026-07-31,STR-003,PRD-1097,3 Roses Dust Tea 250g,6,160,960,TXN-959162
SAL-53814,2026-07-31,STR-002,PRD-1009,Raw Rice 5kg,3,320,960,TXN-705048
SAL-53815,2026-07-31,STR-003,PRD-1202,Johnson's Baby Powder 200g,3,190,570,TXN-527817
SAL-53816,2026-07-31,STR-003,PRD-1023,Horse Gram (Kollu) 500g,9,60,540,TXN-211596
SAL-53817,2026-07-31,STR-003,PRD-1055,Britannia Gobbles Marble Cake 110g,12,35,420,TXN-775180
SAL-53818,2026-07-31,STR-002,PRD-1024,Black Eyed Beans (Karamani) 500g,1,70,70,TXN-974878
SAL-53819,2026-07-31,STR-003,PRD-1143,Ripe Papaya 1kg,7,50,350,TXN-889912
SAL-53820,2026-07-31,STR-002,PRD-1136,Ching's Secret Dark Soy Sauce 210g,1,65,65,TXN-100625
SAL-53821,2026-07-31,STR-003,PRD-1011,Seeraga Samba Rice 1kg,3,145,435,TXN-629018
SAL-53822,2026-07-31,STR-002,PRD-1179,Colin Glass Cleaner Spray 500ml,10,105,1050,TXN-828694
SAL-53823,2026-07-31,STR-001,PRD-1156,Fresh Mint Leaves 100g,4,12,48,TXN-353580
SAL-53824,2026-07-31,STR-003,PRD-1167,Dove Cream Beauty Bathing Bar 125g,3,75,225,TXN-417569
SAL-53825,2026-07-31,STR-001,PRD-1149,Fresh Red Onion 1kg,2,35,70,TXN-668293
SAL-53826,2026-07-31,STR-003,PRD-1063,Oreo Vanilla Cream Biscuit 120g,5,35,175,TXN-954059
SAL-53827,2026-07-31,STR-003,PRD-1005,Pillsbury Chakki Fresh Atta 5kg,10,240,2400,TXN-117007
SAL-53828,2026-07-31,STR-003,PRD-1207,Pigeon Baby Feeding Bottle 250ml,1,220,220,TXN-226956
SAL-53829,2026-07-31,STR-001,PRD-1017,Urad Dal White Split 1kg,3,160,480,TXN-967860
SAL-53830,2026-07-31,STR-003,PRD-1101,BRU Instant Coffee 100g Glass Jar,7,185,1295,TXN-174801
SAL-53831,2026-07-31,STR-001,PRD-1102,Nescafe Classic Instant Coffee 50g,3,160,480,TXN-574584
SAL-53832,2026-07-31,STR-003,PRD-1172,Dabur Red Toothpowder 100g,8,45,360,TXN-542412
SAL-53833,2026-07-31,STR-003,PRD-1073,Haldiram Nagpur Aloo Bhujia 200g,4,60,240,TXN-793722
SAL-53834,2026-08-01,STR-002,PRD-1145,Green Guava 1kg,16,70,1120,TXN-820169
SAL-53835,2026-08-01,STR-003,PRD-1004,Aashirvaad Shuddha Chakki Atta 5kg,3,245,735,TXN-978050
SAL-53836,2026-08-01,STR-003,PRD-1108,Boost Health Drink 500g Refill,2,235,470,TXN-605566
SAL-53837,2026-08-01,STR-001,PRD-1124,MTR Gulab Jamun Mix 175g,4,95,380,TXN-105969
SAL-53838,2026-08-01,STR-001,PRD-1140,Robusta Bananas 1kg,14,45,630,TXN-880697
SAL-53839,2026-08-01,STR-002,PRD-1135,Baking Soda 100g,21,25,525,TXN-285211
SAL-53840,2026-08-01,STR-003,PRD-1075,Lays Classic Salted Potato Chips 50g,24,20,480,TXN-146005
SAL-53841,2026-08-01,STR-001,PRD-1110,Complan Chocolate Health Drink 500g,12,260,3120,TXN-334275
SAL-53842,2026-08-01,STR-002,PRD-1154,Green Capsicum 500g,2,45,90,TXN-816212
SAL-53843,2026-08-01,STR-002,PRD-1172,Dabur Red Toothpowder 100g,4,45,180,TXN-617316
SAL-53844,2026-08-01,STR-001,PRD-1016,Urad Dal Black Whole 1kg,1,155,155,TXN-566266
SAL-53845,2026-08-01,STR-002,PRD-1177,Harpic Power Plus Toilet Cleaner 500ml,13,95,1235,TXN-221728
SAL-53846,2026-08-01,STR-002,PRD-1012,Maida Flour 1kg,6,55,330,TXN-245967
SAL-53847,2026-08-01,STR-001,PRD-1180,Rin Detergent Bar 250g (4-Pack),11,60,660,TXN-734604
SAL-53848,2026-08-01,STR-003,PRD-1115,Maggi 2-Minute Masala Noodles 280g (4-Pack),20,56,1120,TXN-559378
SAL-53849,2026-08-01,STR-003,PRD-1126,Eastern Chicken Masala 100g,2,42,84,TXN-932923
SAL-53850,2026-08-01,STR-001,PRD-1012,Maida Flour 1kg,11,55,605,TXN-121535
SAL-53851,2026-08-01,STR-003,PRD-1170,Nivea Soft Light Moisturiser 100ml,6,195,1170,TXN-669884
SAL-53852,2026-08-01,STR-002,PRD-1138,Knorr Dark Soy Sauce 200ml,1,70,70,TXN-596666
SAL-53853,2026-08-01,STR-001,PRD-1194,Mangaldeep Sandal Agarbatti 100g,1,50,50,TXN-557484
SAL-53854,2026-08-01,STR-001,PRD-1036,Deepam Lamp Oil 1L,5,110,550,TXN-542766
SAL-53855,2026-08-01,STR-002,PRD-1152,Ooty Carrot 500g,4,35,140,TXN-191480
SAL-53856,2026-08-01,STR-001,PRD-1177,Harpic Power Plus Toilet Cleaner 500ml,6,95,570,TXN-796990
SAL-53857,2026-08-01,STR-003,PRD-1010,Idli Rice 5kg,14,290,4060,TXN-520821
SAL-53858,2026-08-01,STR-002,PRD-1137,Del Monte Whole Corn Canned 415g,3,95,285,TXN-355047
SAL-53859,2026-08-01,STR-003,PRD-1175,Vim Dishwash Gel Lemon 500ml,12,115,1380,TXN-269864
SAL-53860,2026-08-01,STR-001,PRD-1032,Parachute Coconut Oil 500ml,1,190,190,TXN-295864
SAL-53861,2026-08-01,STR-002,PRD-1171,Gillette Guard Razor 1-Pack,4,25,100,TXN-567771
SAL-53862,2026-08-01,STR-002,PRD-1091,7Up Nimbooz 350ml,4,25,100,TXN-672437
SAL-53863,2026-08-01,STR-003,PRD-1195,Cycle Pure Agarbatti Three in One 250g,12,95,1140,TXN-375782
SAL-53864,2026-08-01,STR-001,PRD-1034,Dhara Mustard Oil 1L,11,155,1705,TXN-928373
SAL-53865,2026-08-01,STR-003,PRD-1030,Amul Pure Ghee 1L Tin,15,620,9300,TXN-710397
SAL-53866,2026-08-01,STR-001,PRD-1089,Sprite Lemon-Lime 750ml,7,40,280,TXN-686852
SAL-53867,2026-08-01,STR-003,PRD-1034,Dhara Mustard Oil 1L,7,155,1085,TXN-312281
SAL-53868,2026-08-01,STR-001,PRD-1164,Colgate Strong Teeth Toothpaste 150g,1,95,95,TXN-239685
SAL-53869,2026-08-01,STR-001,PRD-1137,Del Monte Whole Corn Canned 415g,4,95,380,TXN-509688
SAL-53870,2026-08-01,STR-001,PRD-1122,Maggi Cuppa Masala Noodles 70g,5,50,250,TXN-162908
SAL-53871,2026-08-01,STR-003,PRD-1087,Real Fruit Power Guava Juice 1L,5,130,650,TXN-112756
SAL-53872,2026-08-01,STR-001,PRD-1169,Parachute Advansed Jasmine Hair Oil 200ml,2,105,210,TXN-798258
SAL-53873,2026-08-01,STR-002,PRD-1013,Tata Sampann Toor Dal 1kg,2,165,330,TXN-656289
SAL-53874,2026-08-01,STR-003,PRD-1116,Sunfeast Yippee Magic Masala Noodles 240g,3,48,144,TXN-950879
SAL-53875,2026-08-01,STR-001,PRD-1112,Women's Horlicks Caramel 400g,1,310,310,TXN-355512
SAL-53876,2026-08-01,STR-001,PRD-1199,Pampers Baby Wipes Gentle 72 Sheets,16,185,2960,TXN-940145
SAL-53877,2026-08-01,STR-001,PRD-1163,Clinic Plus Strong & Long Shampoo 175ml,2,110,220,TXN-796292
SAL-53878,2026-08-01,STR-002,PRD-1078,Hot & Crispy Banana Chips 250g,13,90,1170,TXN-601989
SAL-53879,2026-08-01,STR-001,PRD-1148,Kiwi Fruit 3-Pack,1,120,120,TXN-280793
SAL-53880,2026-08-01,STR-001,PRD-1035,Saffola Gold Edible Oil 1L,3,195,585,TXN-764164
SAL-53881,2026-08-01,STR-001,PRD-1047,Milky Mist Fresh Cream 200ml,5,70,350,TXN-942918
SAL-53882,2026-08-01,STR-001,PRD-1011,Seeraga Samba Rice 1kg,1,145,145,TXN-799486
SAL-53883,2026-08-01,STR-002,PRD-1182,Exo Touch & Shine Dishwash Bar 250g,3,30,90,TXN-634635
SAL-53884,2026-08-01,STR-002,PRD-1160,Curry Leaves 50g Bundle,1,10,10,TXN-897460
SAL-53885,2026-08-01,STR-003,PRD-1025,Gold Winner Sunflower Oil 1L,9,145,1305,TXN-638322
SAL-53886,2026-08-01,STR-001,PRD-1181,Comfort After Wash Fabric Conditioner 860ml,6,235,1410,TXN-176116
SAL-53887,2026-08-01,STR-001,PRD-1167,Dove Cream Beauty Bathing Bar 125g,6,75,450,TXN-980563
SAL-53888,2026-08-01,STR-002,PRD-1099,Red Label Natural Care Tea 250g,5,170,850,TXN-336288
SAL-53889,2026-08-01,STR-002,PRD-1203,Johnson's Baby Hair Oil 100ml,7,120,840,TXN-526132
SAL-53890,2026-08-01,STR-001,PRD-1193,Matchbox Homelites Safety Matches (10-Box),1,30,30,TXN-552849
SAL-53891,2026-08-01,STR-002,PRD-1018,Rajma Red Kidney Beans 500g,2,95,190,TXN-436055
SAL-53892,2026-08-01,STR-003,PRD-1091,7Up Nimbooz 350ml,3,25,75,TXN-129009
SAL-53893,2026-08-01,STR-001,PRD-1043,Milky Mist Paneer 200g,1,115,115,TXN-861785
SAL-53894,2026-08-01,STR-002,PRD-1186,Pitambari Shining Powder 200g,7,40,280,TXN-509758
SAL-53895,2026-08-01,STR-002,PRD-1063,Oreo Vanilla Cream Biscuit 120g,5,35,175,TXN-977000
SAL-53896,2026-08-01,STR-001,PRD-1106,Continental Xtra Instant Coffee 200g,6,240,1440,TXN-884972
SAL-53897,2026-08-01,STR-002,PRD-1059,Parle-G Glucose Biscuit 250g,5,30,150,TXN-602651
SAL-53898,2026-08-01,STR-001,PRD-1015,Chana Dal 1kg,21,115,2415,TXN-928865
SAL-53899,2026-08-01,STR-003,PRD-1119,Bambino Roasted Vermicelli 400g,7,45,315,TXN-766206
SAL-53900,2026-08-02,STR-002,PRD-1057,Plum Cake 250g,3,120,360,TXN-859790
SAL-53901,2026-08-02,STR-003,PRD-1087,Real Fruit Power Guava Juice 1L,7,130,910,TXN-405619
SAL-53902,2026-08-02,STR-003,PRD-1187,All Out Mosquito Repellent Refill 45ml (2-Pack),4,145,580,TXN-315727
SAL-53903,2026-08-02,STR-001,PRD-1104,Cothas Coffee Chicory Blend 500g,1,220,220,TXN-764214
SAL-53904,2026-08-02,STR-002,PRD-1179,Colin Glass Cleaner Spray 500ml,9,105,945,TXN-291971
SAL-53905,2026-08-02,STR-002,PRD-1156,Fresh Mint Leaves 100g,4,12,48,TXN-510654
SAL-53906,2026-08-02,STR-001,PRD-1012,Maida Flour 1kg,9,55,495,TXN-383891
SAL-53907,2026-08-02,STR-003,PRD-1150,Fresh Potato 1kg,22,30,660,TXN-581379
SAL-53908,2026-08-02,STR-003,PRD-1024,Black Eyed Beans (Karamani) 500g,1,70,70,TXN-253448
SAL-53909,2026-08-02,STR-002,PRD-1202,Johnson's Baby Powder 200g,3,190,570,TXN-175550
SAL-53910,2026-08-02,STR-002,PRD-1031,Sundrop SuperLite Oil 1L,2,165,330,TXN-494853
SAL-53911,2026-08-02,STR-002,PRD-1053,Sweet Bun 2-Pack,6,20,120,TXN-512175
SAL-53912,2026-08-02,STR-001,PRD-1015,Chana Dal 1kg,9,115,1035,TXN-298105
SAL-53913,2026-08-02,STR-002,PRD-1133,Hershey's Chocolate Syrup 623g,12,230,2760,TXN-367188
SAL-53914,2026-08-02,STR-003,PRD-1100,Chakra Gold Tea 250g,15,150,2250,TXN-576851
SAL-53915,2026-08-02,STR-001,PRD-1142,Seedless Black Grapes 500g,7,80,560,TXN-677392
SAL-53916,2026-08-02,STR-003,PRD-1101,BRU Instant Coffee 100g Glass Jar,6,185,1110,TXN-390551
SAL-53917,2026-08-02,STR-002,PRD-1167,Dove Cream Beauty Bathing Bar 125g,2,75,150,TXN-540919
SAL-53918,2026-08-02,STR-002,PRD-1123,Top Ramen Curry Noodles 280g,3,55,165,TXN-153470
SAL-53919,2026-08-02,STR-003,PRD-1109,Bournvita Chocolate Health Drink 500g,4,240,960,TXN-758623
SAL-53920,2026-08-02,STR-001,PRD-1193,Matchbox Homelites Safety Matches (10-Box),3,30,90,TXN-724187
SAL-53921,2026-08-02,STR-002,PRD-1111,Pediasure Chocolate 400g Jar,6,620,3720,TXN-246514
SAL-53922,2026-08-02,STR-002,PRD-1169,Parachute Advansed Jasmine Hair Oil 200ml,2,105,210,TXN-478887
SAL-53923,2026-08-02,STR-002,PRD-1184,Ariel Matic Front Load Detergent 1kg,1,280,280,TXN-157149
SAL-53924,2026-08-02,STR-003,PRD-1175,Vim Dishwash Gel Lemon 500ml,10,115,1150,TXN-173693
SAL-53925,2026-08-02,STR-002,PRD-1139,Fresh Shimla Apples 1kg,4,180,720,TXN-675134
SAL-53926,2026-08-02,STR-003,PRD-1201,Himalaya Gentle Baby Soap 75g (3-Pack),3,135,405,TXN-233611
SAL-53927,2026-08-02,STR-003,PRD-1206,Sebamed Baby Protective Facial Cream 50ml,7,780,5460,TXN-879116
SAL-53928,2026-08-02,STR-001,PRD-1050,Britannia 100% Whole Wheat Bread 400g,15,50,750,TXN-314845
SAL-53929,2026-08-02,STR-001,PRD-1169,Parachute Advansed Jasmine Hair Oil 200ml,2,105,210,TXN-792371
SAL-53930,2026-08-02,STR-001,PRD-1122,Maggi Cuppa Masala Noodles 70g,12,50,600,TXN-110334
SAL-53931,2026-08-02,STR-003,PRD-1033,V.V.D Gold Coconut Oil 500ml,1,185,185,TXN-754688
SAL-53932,2026-08-02,STR-002,PRD-1176,Surf Excel Quick Wash Detergent Powder 1kg,1,210,210,TXN-397992
SAL-53933,2026-08-02,STR-003,PRD-1123,Top Ramen Curry Noodles 280g,2,55,110,TXN-341684
SAL-53934,2026-08-02,STR-001,PRD-1192,Freshwrap Aluminum Foil 18m Roll,1,175,175,TXN-732984
SAL-53935,2026-08-02,STR-002,PRD-1186,Pitambari Shining Powder 200g,5,40,200,TXN-379692
SAL-53936,2026-08-02,STR-003,PRD-1023,Horse Gram (Kollu) 500g,11,60,660,TXN-470725
SAL-53937,2026-08-02,STR-001,PRD-1091,7Up Nimbooz 350ml,7,25,175,TXN-259072
SAL-53938,2026-08-02,STR-001,PRD-1097,3 Roses Dust Tea 250g,1,160,160,TXN-712494
SAL-53939,2026-08-02,STR-001,PRD-1098,Tata Tea Gold 500g,5,290,1450,TXN-330552
SAL-53940,2026-08-02,STR-002,PRD-1104,Cothas Coffee Chicory Blend 500g,1,220,220,TXN-965200
SAL-53941,2026-08-02,STR-001,PRD-1185,Scotch-Brite Scrub Pad Large (3-Pack),13,45,585,TXN-668025
SAL-53942,2026-08-02,STR-003,PRD-1082,Haldiram Khatta Meetha Mix 200g,2,65,130,TXN-268187
SAL-53943,2026-08-02,STR-001,PRD-1113,Ensure Diabetes Care Vanilla 400g,3,690,2070,TXN-876424
SAL-53944,2026-08-02,STR-001,PRD-1117,MTR Rava Idli Mix 500g,5,110,550,TXN-382831
SAL-53945,2026-08-02,STR-001,PRD-1087,Real Fruit Power Guava Juice 1L,5,130,650,TXN-230614
SAL-53946,2026-08-02,STR-003,PRD-1203,Johnson's Baby Hair Oil 100ml,2,120,240,TXN-986447
SAL-53947,2026-08-02,STR-002,PRD-1069,Parle Krackjack Sweet & Salty 200g,2,30,60,TXN-353781
SAL-53948,2026-08-02,STR-003,PRD-1125,Aachi Biryani Masala 100g,6,45,270,TXN-273688
SAL-53949,2026-08-02,STR-003,PRD-1110,Complan Chocolate Health Drink 500g,24,260,6240,TXN-331044
SAL-53950,2026-08-02,STR-003,PRD-1069,Parle Krackjack Sweet & Salty 200g,3,30,90,TXN-103322
SAL-53951,2026-08-02,STR-002,PRD-1121,MTR Ready to Eat Paneer Butter Masala 300g,4,140,560,TXN-423479
SAL-53952,2026-08-02,STR-003,PRD-1186,Pitambari Shining Powder 200g,4,40,160,TXN-728848
SAL-53953,2026-08-02,STR-002,PRD-1148,Kiwi Fruit 3-Pack,3,120,360,TXN-567838
SAL-53954,2026-08-02,STR-001,PRD-1101,BRU Instant Coffee 100g Glass Jar,3,185,555,TXN-205242
SAL-53955,2026-08-02,STR-003,PRD-1095,Kinley Packaged Drinking Water 1L,16,20,320,TXN-528379
SAL-53956,2026-08-02,STR-001,PRD-1153,Ladies Finger (Bhindi) 500g,6,30,180,TXN-564023
SAL-53957,2026-08-02,STR-002,PRD-1068,Parle Monaco Salted Biscuit 200g,2,30,60,TXN-503151
SAL-53958,2026-08-02,STR-001,PRD-1051,Modern Whole Wheat Bread 400g,4,48,192,TXN-887159
SAL-53959,2026-08-02,STR-001,PRD-1107,Horlicks Classic Malt 500g Jar,3,245,735,TXN-667557
SAL-53960,2026-08-02,STR-001,PRD-1069,Parle Krackjack Sweet & Salty 200g,5,30,150,TXN-315093
SAL-53961,2026-08-02,STR-003,PRD-1130,Nutella Hazelnut Spread 350g Jar,27,380,10260,TXN-615395
SAL-53962,2026-08-02,STR-002,PRD-1195,Cycle Pure Agarbatti Three in One 250g,12,95,1140,TXN-649386
SAL-53963,2026-08-02,STR-002,PRD-1199,Pampers Baby Wipes Gentle 72 Sheets,10,185,1850,TXN-121722
SAL-53964,2026-08-02,STR-001,PRD-1116,Sunfeast Yippee Magic Masala Noodles 240g,6,48,288,TXN-745543
SAL-53965,2026-08-02,STR-002,PRD-1074,Lays Magic Masala Potato Chips 50g,3,20,60,TXN-563669
SAL-53966,2026-08-02,STR-003,PRD-1166,Pears Soft & Fresh Soap 125g,13,65,845,TXN-491078
SAL-53967,2026-08-02,STR-002,PRD-1187,All Out Mosquito Repellent Refill 45ml (2-Pack),2,145,290,TXN-181114
SAL-53968,2026-08-03,STR-002,PRD-1136,Ching's Secret Dark Soy Sauce 210g,1,65,65,TXN-543824
SAL-53969,2026-08-03,STR-002,PRD-1061,Sunfeast Dark Fantasy Choco Fills 300g,7,150,1050,TXN-347721
SAL-53970,2026-08-03,STR-003,PRD-1145,Green Guava 1kg,9,70,630,TXN-304876
SAL-53971,2026-08-03,STR-002,PRD-1075,Lays Classic Salted Potato Chips 50g,19,20,380,TXN-180790
SAL-53972,2026-08-03,STR-002,PRD-1079,Tapioca Chips Salted 200g,1,70,70,TXN-956990
SAL-53973,2026-08-03,STR-002,PRD-1113,Ensure Diabetes Care Vanilla 400g,5,690,3450,TXN-659890
SAL-53974,2026-08-03,STR-002,PRD-1127,Kissan Fresh Tomato Ketchup 950g,2,135,270,TXN-585005
SAL-53975,2026-08-03,STR-001,PRD-1146,Mosambi (Sweet Lime) 1kg,3,85,255,TXN-486851
SAL-53976,2026-08-03,STR-001,PRD-1099,Red Label Natural Care Tea 250g,7,170,1190,TXN-260137
SAL-53977,2026-08-03,STR-001,PRD-1090,Bovonto Grape Soft Drink 1.5L,16,65,1040,TXN-295881
SAL-53978,2026-08-03,STR-001,PRD-1105,Taj Mahal Tea 250g,1,195,195,TXN-996959
SAL-53979,2026-08-03,STR-003,PRD-1083,Doritos Nacho Cheese Chips 60g,2,30,60,TXN-385566
SAL-53980,2026-08-03,STR-001,PRD-1137,Del Monte Whole Corn Canned 415g,3,95,285,TXN-121724
SAL-53981,2026-08-03,STR-001,PRD-1169,Parachute Advansed Jasmine Hair Oil 200ml,4,105,420,TXN-159611
SAL-53982,2026-08-03,STR-003,PRD-1009,Raw Rice 5kg,1,320,320,TXN-275113
SAL-53983,2026-08-03,STR-003,PRD-1202,Johnson's Baby Powder 200g,2,190,380,TXN-263482
SAL-53984,2026-08-03,STR-002,PRD-1088,Coca-Cola Original Taste 750ml,1,40,40,TXN-353677
SAL-53985,2026-08-03,STR-002,PRD-1024,Black Eyed Beans (Karamani) 500g,1,70,70,TXN-974805
SAL-53986,2026-08-03,STR-002,PRD-1163,Clinic Plus Strong & Long Shampoo 175ml,4,110,440,TXN-921200
SAL-53987,2026-08-03,STR-001,PRD-1009,Raw Rice 5kg,3,320,960,TXN-357728
SAL-53988,2026-08-03,STR-002,PRD-1140,Robusta Bananas 1kg,14,45,630,TXN-844708
SAL-53989,2026-08-03,STR-001,PRD-1206,Sebamed Baby Protective Facial Cream 50ml,3,780,2340,TXN-360272
SAL-53990,2026-08-03,STR-003,PRD-1124,MTR Gulab Jamun Mix 175g,2,95,190,TXN-735448
SAL-53991,2026-08-03,STR-001,PRD-1130,Nutella Hazelnut Spread 350g Jar,21,380,7980,TXN-170332
SAL-53992,2026-08-03,STR-003,PRD-1137,Del Monte Whole Corn Canned 415g,4,95,380,TXN-242505
SAL-53993,2026-08-03,STR-001,PRD-1008,Manna Ragi Flour 1kg,2,85,170,TXN-583155
SAL-53994,2026-08-03,STR-001,PRD-1177,Harpic Power Plus Toilet Cleaner 500ml,9,95,855,TXN-613756
SAL-53995,2026-08-03,STR-003,PRD-1160,Curry Leaves 50g Bundle,1,10,10,TXN-523518
SAL-53996,2026-08-03,STR-001,PRD-1153,Ladies Finger (Bhindi) 500g,7,30,210,TXN-589286
SAL-53997,2026-08-03,STR-001,PRD-1033,V.V.D Gold Coconut Oil 500ml,7,185,1295,TXN-644898
SAL-53998,2026-08-03,STR-003,PRD-1125,Aachi Biryani Masala 100g,8,45,360,TXN-648898
SAL-53999,2026-08-03,STR-001,PRD-1083,Doritos Nacho Cheese Chips 60g,5,30,150,TXN-275002
SAL-54000,2026-08-03,STR-002,PRD-1097,3 Roses Dust Tea 250g,5,160,800,TXN-624001
SAL-54001,2026-08-03,STR-002,PRD-1132,Sundrop Peanut Butter Crunchy 500g,1,195,195,TXN-138185
SAL-54002,2026-08-03,STR-002,PRD-1094,Red Bull Energy Drink 250ml,1,125,125,TXN-728934
SAL-54003,2026-08-03,STR-003,PRD-1172,Dabur Red Toothpowder 100g,8,45,360,TXN-982844
SAL-54004,2026-08-03,STR-002,PRD-1057,Plum Cake 250g,3,120,360,TXN-733754
SAL-54005,2026-08-03,STR-002,PRD-1186,Pitambari Shining Powder 200g,4,40,160,TXN-125035
SAL-54006,2026-08-03,STR-002,PRD-1191,Eveready Red AA Batteries (4-Pack),1,60,60,TXN-308355
SAL-54007,2026-08-03,STR-001,PRD-1071,Britannia Milk Bikis 200g,8,35,280,TXN-326041
SAL-54008,2026-08-03,STR-002,PRD-1018,Rajma Red Kidney Beans 500g,7,95,665,TXN-885619
SAL-54009,2026-08-03,STR-002,PRD-1033,V.V.D Gold Coconut Oil 500ml,2,185,370,TXN-932318
SAL-54010,2026-08-03,STR-001,PRD-1058,Pav Bun 6-Pack,4,35,140,TXN-356368
SAL-54011,2026-08-03,STR-001,PRD-1034,Dhara Mustard Oil 1L,7,155,1085,TXN-338101
SAL-54012,2026-08-03,STR-002,PRD-1199,Pampers Baby Wipes Gentle 72 Sheets,17,185,3145,TXN-365205
SAL-54013,2026-08-03,STR-001,PRD-1019,Green Gram Whole 1kg,5,130,650,TXN-589002
SAL-54014,2026-08-03,STR-003,PRD-1090,Bovonto Grape Soft Drink 1.5L,24,65,1560,TXN-489616
SAL-54015,2026-08-03,STR-002,PRD-1029,Hatsun Pure Cow Ghee 500ml,5,330,1650,TXN-585804
SAL-54016,2026-08-03,STR-001,PRD-1189,Odonil Room Air Freshener Spray Citrus 220ml,2,160,320,TXN-153840
SAL-54017,2026-08-03,STR-002,PRD-1054,Garlic Butter Toast 150g,4,40,160,TXN-252607
SAL-54018,2026-08-03,STR-001,PRD-1106,Continental Xtra Instant Coffee 200g,6,240,1440,TXN-206204
SAL-54019,2026-08-03,STR-001,PRD-1052,Britannia Fruit Bun 150g,3,25,75,TXN-155699
SAL-54020,2026-08-03,STR-001,PRD-1101,BRU Instant Coffee 100g Glass Jar,3,185,555,TXN-505334
SAL-54021,2026-08-03,STR-003,PRD-1067,Britannia NutriChoice Digestive 250g,17,65,1105,TXN-554434
SAL-54022,2026-08-03,STR-003,PRD-1147,Watermelon Kiran 1 Unit (~3kg),2,90,180,TXN-408230
SAL-54023,2026-08-03,STR-003,PRD-1112,Women's Horlicks Caramel 400g,1,310,310,TXN-637459
SAL-54024,2026-08-03,STR-003,PRD-1060,Britannia Bourbon Chocolate Biscuit 150g,15,35,525,TXN-142492
SAL-54025,2026-08-03,STR-003,PRD-1187,All Out Mosquito Repellent Refill 45ml (2-Pack),5,145,725,TXN-988326
SAL-54026,2026-08-03,STR-001,PRD-1025,Gold Winner Sunflower Oil 1L,12,145,1740,TXN-469604
SAL-54027,2026-08-03,STR-001,PRD-1084,Pringles Sour Cream & Onion 107g,2,115,230,TXN-425416
SAL-54028,2026-08-03,STR-003,PRD-1019,Green Gram Whole 1kg,6,130,780,TXN-274006
SAL-54029,2026-08-03,STR-002,PRD-1206,Sebamed Baby Protective Facial Cream 50ml,2,780,1560,TXN-206223
SAL-54030,2026-08-03,STR-001,PRD-1064,Britannia Good Day Cashew 200g,1,50,50,TXN-845647
SAL-54031,2026-08-03,STR-002,PRD-1104,Cothas Coffee Chicory Blend 500g,1,220,220,TXN-162796
SAL-54032,2026-08-04,STR-001,PRD-1010,Idli Rice 5kg,17,290,4930,TXN-370620
SAL-54033,2026-08-04,STR-003,PRD-1187,All Out Mosquito Repellent Refill 45ml (2-Pack),4,145,580,TXN-442394
SAL-54034,2026-08-04,STR-001,PRD-1134,Weikfield Vanilla Custard Powder 100g,5,45,225,TXN-800188
SAL-54035,2026-08-04,STR-003,PRD-1009,Raw Rice 5kg,2,320,640,TXN-851371
SAL-54036,2026-08-04,STR-003,PRD-1161,Mysore Sandal Soap 125g,6,55,330,TXN-815759
SAL-54037,2026-08-04,STR-003,PRD-1145,Green Guava 1kg,14,70,980,TXN-722697
SAL-54038,2026-08-04,STR-001,PRD-1121,MTR Ready to Eat Paneer Butter Masala 300g,3,140,420,TXN-357212
SAL-54039,2026-08-04,STR-001,PRD-1166,Pears Soft & Fresh Soap 125g,8,65,520,TXN-123304
SAL-54040,2026-08-04,STR-002,PRD-1125,Aachi Biryani Masala 100g,5,45,225,TXN-385410
SAL-54041,2026-08-04,STR-001,PRD-1103,Narasus Pure Filter Coffee 200g,2,120,240,TXN-859459
SAL-54042,2026-08-04,STR-003,PRD-1132,Sundrop Peanut Butter Crunchy 500g,7,195,1365,TXN-153777
SAL-54043,2026-08-04,STR-002,PRD-1019,Green Gram Whole 1kg,6,130,780,TXN-414931
SAL-54044,2026-08-04,STR-002,PRD-1186,Pitambari Shining Powder 200g,7,40,280,TXN-370157
SAL-54045,2026-08-04,STR-002,PRD-1045,Aavin Flavoured Milk Chocolate 200ml,6,30,180,TXN-255159
SAL-54046,2026-08-04,STR-001,PRD-1158,Ginger 250g,2,40,80,TXN-985510
SAL-54047,2026-08-04,STR-003,PRD-1175,Vim Dishwash Gel Lemon 500ml,25,115,2875,TXN-360820
SAL-54048,2026-08-04,STR-002,PRD-1156,Fresh Mint Leaves 100g,4,12,48,TXN-260702
SAL-54049,2026-08-04,STR-002,PRD-1185,Scotch-Brite Scrub Pad Large (3-Pack),19,45,855,TXN-831257
SAL-54050,2026-08-04,STR-002,PRD-1197,Tissue Paper Napkins 100 Sheets,7,40,280,TXN-539659
SAL-54051,2026-08-04,STR-003,PRD-1203,Johnson's Baby Hair Oil 100ml,4,120,480,TXN-413612
SAL-54052,2026-08-04,STR-002,PRD-1182,Exo Touch & Shine Dishwash Bar 250g,3,30,90,TXN-270336
SAL-54053,2026-08-04,STR-001,PRD-1025,Gold Winner Sunflower Oil 1L,14,145,2030,TXN-795082
SAL-54054,2026-08-04,STR-001,PRD-1056,Winkies Chocolate Swiss Roll 100g,6,30,180,TXN-429207
SAL-54055,2026-08-04,STR-002,PRD-1136,Ching's Secret Dark Soy Sauce 210g,1,65,65,TXN-159667
SAL-54056,2026-08-04,STR-002,PRD-1119,Bambino Roasted Vermicelli 400g,4,45,180,TXN-954653
SAL-54057,2026-08-04,STR-003,PRD-1158,Ginger 250g,2,40,80,TXN-534344
SAL-54058,2026-08-04,STR-003,PRD-1096,Bisleri Water Bottle 2L,1,30,30,TXN-132081
SAL-54059,2026-08-04,STR-003,PRD-1052,Britannia Fruit Bun 150g,4,25,100,TXN-488371
SAL-54060,2026-08-04,STR-001,PRD-1052,Britannia Fruit Bun 150g,2,25,50,TXN-347130
SAL-54061,2026-08-04,STR-002,PRD-1071,Britannia Milk Bikis 200g,5,35,175,TXN-615753
SAL-54062,2026-08-04,STR-002,PRD-1034,Dhara Mustard Oil 1L,11,155,1705,TXN-515597
SAL-54063,2026-08-04,STR-003,PRD-1138,Knorr Dark Soy Sauce 200ml,6,70,420,TXN-525006
SAL-54064,2026-08-04,STR-001,PRD-1100,Chakra Gold Tea 250g,12,150,1800,TXN-346532
SAL-54065,2026-08-04,STR-002,PRD-1142,Seedless Black Grapes 500g,2,80,160,TXN-740231
SAL-54066,2026-08-04,STR-001,PRD-1080,Murukku Traditional 250g,5,80,400,TXN-452438
SAL-54067,2026-08-04,STR-001,PRD-1016,Urad Dal Black Whole 1kg,1,155,155,TXN-443034
SAL-54068,2026-08-04,STR-001,PRD-1017,Urad Dal White Split 1kg,4,160,640,TXN-994643
SAL-54069,2026-08-04,STR-003,PRD-1109,Bournvita Chocolate Health Drink 500g,1,240,240,TXN-186082
SAL-54070,2026-08-04,STR-002,PRD-1005,Pillsbury Chakki Fresh Atta 5kg,10,240,2400,TXN-873251
SAL-54071,2026-08-04,STR-003,PRD-1048,Amul Fresh Condensed Milk 400g,1,130,130,TXN-666619
SAL-54072,2026-08-04,STR-003,PRD-1070,Hide & Seek Chocolate Chip Biscuits 120g,17,40,680,TXN-196799
SAL-54073,2026-08-04,STR-001,PRD-1151,Hybrid Tomato 1kg,4,40,160,TXN-932138
SAL-54074,2026-08-04,STR-001,PRD-1205,Himalaya Baby Lotion 200ml,20,175,3500,TXN-779445
SAL-54075,2026-08-04,STR-002,PRD-1070,Hide & Seek Chocolate Chip Biscuits 120g,10,40,400,TXN-153852
SAL-54076,2026-08-04,STR-003,PRD-1150,Fresh Potato 1kg,8,30,240,TXN-286198
SAL-54077,2026-08-04,STR-002,PRD-1055,Britannia Gobbles Marble Cake 110g,11,35,385,TXN-405579
SAL-54078,2026-08-04,STR-001,PRD-1154,Green Capsicum 500g,3,45,135,TXN-484583
SAL-54079,2026-08-04,STR-001,PRD-1197,Tissue Paper Napkins 100 Sheets,8,40,320,TXN-966917
SAL-54080,2026-08-04,STR-002,PRD-1204,MamyPoko Pants Standard Diaper Medium 34s,6,450,2700,TXN-798412
SAL-54081,2026-08-04,STR-002,PRD-1092,Maaza Mango Drink 1.2L,1,75,75,TXN-424814
SAL-54082,2026-08-04,STR-002,PRD-1076,Kurkure Masala Munch 85g,3,20,60,TXN-140833
SAL-54083,2026-08-04,STR-001,PRD-1001,India Gate Basmati Rice 5kg,12,520,6240,TXN-186345
SAL-54084,2026-08-04,STR-003,PRD-1024,Black Eyed Beans (Karamani) 500g,1,70,70,TXN-744206
SAL-54085,2026-08-04,STR-003,PRD-1059,Parle-G Glucose Biscuit 250g,2,30,60,TXN-301586
SAL-54086,2026-08-04,STR-001,PRD-1096,Bisleri Water Bottle 2L,2,30,60,TXN-614179
SAL-54087,2026-08-04,STR-001,PRD-1174,Vaseline Total Moisture Body Lotion 200ml,2,215,430,TXN-722193
SAL-54088,2026-08-04,STR-003,PRD-1168,Sunsilk Black Shine Shampoo 180ml,1,125,125,TXN-742501
SAL-54089,2026-08-04,STR-002,PRD-1060,Britannia Bourbon Chocolate Biscuit 150g,16,35,560,TXN-168097
SAL-54090,2026-08-04,STR-001,PRD-1178,Lizol Disinfectant Floor Cleaner Citrus 1L,2,215,430,TXN-993801
SAL-54091,2026-08-04,STR-003,PRD-1041,Amul Pasteurised Butter 100g,2,58,116,TXN-774720
SAL-54092,2026-08-04,STR-002,PRD-1029,Hatsun Pure Cow Ghee 500ml,4,330,1320,TXN-639902
SAL-54093,2026-08-04,STR-003,PRD-1165,Sensodyne Rapid Relief Toothpaste 80g,10,170,1700,TXN-735944
SAL-54094,2026-08-04,STR-003,PRD-1123,Top Ramen Curry Noodles 280g,2,55,110,TXN-397477
SAL-54095,2026-08-04,STR-002,PRD-1134,Weikfield Vanilla Custard Powder 100g,3,45,135,TXN-993550
SAL-54096,2026-08-05,STR-002,PRD-1122,Maggi Cuppa Masala Noodles 70g,10,50,500,TXN-733257
SAL-54097,2026-08-05,STR-002,PRD-1059,Parle-G Glucose Biscuit 250g,3,30,90,TXN-391359
SAL-54098,2026-08-05,STR-003,PRD-1170,Nivea Soft Light Moisturiser 100ml,10,195,1950,TXN-855797
SAL-54099,2026-08-05,STR-002,PRD-1163,Clinic Plus Strong & Long Shampoo 175ml,3,110,330,TXN-140316
SAL-54100,2026-08-05,STR-003,PRD-1129,Aachi Lime Pickle 300g,2,65,130,TXN-762215
SAL-54101,2026-08-05,STR-003,PRD-1110,Complan Chocolate Health Drink 500g,19,260,4940,TXN-453558
SAL-54102,2026-08-05,STR-001,PRD-1106,Continental Xtra Instant Coffee 200g,2,240,480,TXN-606250
SAL-54103,2026-08-05,STR-003,PRD-1144,Pomegranate Kabuli 1kg,13,210,2730,TXN-625417
SAL-54104,2026-08-05,STR-001,PRD-1151,Hybrid Tomato 1kg,2,40,80,TXN-254985
SAL-54105,2026-08-05,STR-001,PRD-1085,Paper Boat Mango Juice 250ml,13,35,455,TXN-790660
SAL-54106,2026-08-05,STR-003,PRD-1111,Pediasure Chocolate 400g Jar,16,620,9920,TXN-880195
SAL-54107,2026-08-05,STR-002,PRD-1076,Kurkure Masala Munch 85g,5,20,100,TXN-719171
SAL-54108,2026-08-05,STR-002,PRD-1087,Real Fruit Power Guava Juice 1L,2,130,260,TXN-741963
SAL-54109,2026-08-05,STR-002,PRD-1166,Pears Soft & Fresh Soap 125g,8,65,520,TXN-907101
SAL-54110,2026-08-05,STR-002,PRD-1054,Garlic Butter Toast 150g,7,40,280,TXN-939153
SAL-54111,2026-08-05,STR-002,PRD-1056,Winkies Chocolate Swiss Roll 100g,4,30,120,TXN-854038
SAL-54112,2026-08-05,STR-002,PRD-1029,Hatsun Pure Cow Ghee 500ml,5,330,1650,TXN-578608
SAL-54113,2026-08-05,STR-001,PRD-1022,Masoor Dal Red 1kg,2,110,220,TXN-448762
SAL-54114,2026-08-05,STR-001,PRD-1043,Milky Mist Paneer 200g,1,115,115,TXN-717947
SAL-54115,2026-08-05,STR-001,PRD-1054,Garlic Butter Toast 150g,5,40,200,TXN-930302
SAL-54116,2026-08-05,STR-003,PRD-1039,Hatsun Fresh Curd 500g Pouch,2,35,70,TXN-969849
SAL-54117,2026-08-05,STR-003,PRD-1161,Mysore Sandal Soap 125g,8,55,440,TXN-586060
SAL-54118,2026-08-05,STR-002,PRD-1046,Cavins Milkshake Strawberry 200ml,2,40,80,TXN-738331
SAL-54119,2026-08-05,STR-002,PRD-1102,Nescafe Classic Instant Coffee 50g,6,160,960,TXN-333727
SAL-54120,2026-08-05,STR-001,PRD-1120,Knorr Thick Tomato Soup 53g,1,40,40,TXN-414869
SAL-54121,2026-08-05,STR-003,PRD-1115,Maggi 2-Minute Masala Noodles 280g (4-Pack),27,56,1512,TXN-993559
SAL-54122,2026-08-05,STR-003,PRD-1208,Mee Mee Baby Laundry Detergent 1L,1,380,380,TXN-340619
SAL-54123,2026-08-05,STR-003,PRD-1086,Tropicana 100% Orange Juice 1L,5,145,725,TXN-707716
SAL-54124,2026-08-05,STR-003,PRD-1173,Himalaya Purifying Neem Face Wash 100ml,4,140,560,TXN-378256
SAL-54125,2026-08-05,STR-003,PRD-1147,Watermelon Kiran 1 Unit (~3kg),3,90,270,TXN-961412
SAL-54126,2026-08-05,STR-001,PRD-1045,Aavin Flavoured Milk Chocolate 200ml,12,30,360,TXN-516263
SAL-54127,2026-08-05,STR-001,PRD-1199,Pampers Baby Wipes Gentle 72 Sheets,6,185,1110,TXN-150083
SAL-54128,2026-08-05,STR-002,PRD-1109,Bournvita Chocolate Health Drink 500g,4,240,960,TXN-941368
SAL-54129,2026-08-05,STR-001,PRD-1076,Kurkure Masala Munch 85g,6,20,120,TXN-661258
SAL-54130,2026-08-05,STR-001,PRD-1013,Tata Sampann Toor Dal 1kg,7,165,1155,TXN-673094
SAL-54131,2026-08-05,STR-002,PRD-1131,Dabur 100% Pure Honey 250g,1,135,135,TXN-868344
SAL-54132,2026-08-05,STR-001,PRD-1057,Plum Cake 250g,6,120,720,TXN-771109
SAL-54133,2026-08-05,STR-001,PRD-1141,Nagpur Oranges 1kg,5,90,450,TXN-906250
SAL-54134,2026-08-05,STR-003,PRD-1069,Parle Krackjack Sweet & Salty 200g,5,30,150,TXN-153682
SAL-54135,2026-08-05,STR-003,PRD-1124,MTR Gulab Jamun Mix 175g,3,95,285,TXN-708358
SAL-54136,2026-08-05,STR-003,PRD-1024,Black Eyed Beans (Karamani) 500g,1,70,70,TXN-793411
SAL-54137,2026-08-05,STR-003,PRD-1018,Rajma Red Kidney Beans 500g,4,95,380,TXN-917548
SAL-54138,2026-08-05,STR-002,PRD-1012,Maida Flour 1kg,6,55,330,TXN-346240
SAL-54139,2026-08-05,STR-002,PRD-1091,7Up Nimbooz 350ml,5,25,125,TXN-507923
SAL-54140,2026-08-05,STR-002,PRD-1140,Robusta Bananas 1kg,15,45,675,TXN-444548
SAL-54141,2026-08-05,STR-001,PRD-1068,Parle Monaco Salted Biscuit 200g,4,30,120,TXN-787973
SAL-54142,2026-08-05,STR-002,PRD-1179,Colin Glass Cleaner Spray 500ml,5,105,525,TXN-818362
SAL-54143,2026-08-05,STR-001,PRD-1167,Dove Cream Beauty Bathing Bar 125g,4,75,300,TXN-444745
SAL-54144,2026-08-05,STR-003,PRD-1143,Ripe Papaya 1kg,7,50,350,TXN-603174
SAL-54145,2026-08-05,STR-001,PRD-1117,MTR Rava Idli Mix 500g,2,110,220,TXN-236186
SAL-54146,2026-08-05,STR-001,PRD-1162,Dettol Original Soap 75g (3-Pack),7,105,735,TXN-866526
SAL-54147,2026-08-05,STR-003,PRD-1048,Amul Fresh Condensed Milk 400g,1,130,130,TXN-789393
SAL-54148,2026-08-05,STR-002,PRD-1152,Ooty Carrot 500g,5,35,175,TXN-369581
SAL-54149,2026-08-05,STR-001,PRD-1114,Milo Cocoa Beverage Powder 400g,2,220,440,TXN-547164
SAL-54150,2026-08-05,STR-001,PRD-1204,MamyPoko Pants Standard Diaper Medium 34s,1,450,450,TXN-271869
SAL-54151,2026-08-05,STR-001,PRD-1067,Britannia NutriChoice Digestive 250g,12,65,780,TXN-902257
SAL-54152,2026-08-05,STR-003,PRD-1003,Sona Masoori Rice 5kg,7,380,2660,TXN-424526
SAL-54153,2026-08-05,STR-001,PRD-1060,Britannia Bourbon Chocolate Biscuit 150g,27,35,945,TXN-825150
SAL-54154,2026-08-05,STR-003,PRD-1090,Bovonto Grape Soft Drink 1.5L,21,65,1365,TXN-171921
SAL-54155,2026-08-05,STR-001,PRD-1150,Fresh Potato 1kg,11,30,330,TXN-263125
SAL-54156,2026-08-05,STR-002,PRD-1034,Dhara Mustard Oil 1L,11,155,1705,TXN-994467
SAL-54157,2026-08-05,STR-002,PRD-1175,Vim Dishwash Gel Lemon 500ml,30,115,3450,TXN-351187
SAL-54158,2026-08-05,STR-001,PRD-1121,MTR Ready to Eat Paneer Butter Masala 300g,1,140,140,TXN-907759
SAL-54159,2026-08-05,STR-002,PRD-1016,Urad Dal Black Whole 1kg,2,155,310,TXN-383169
SAL-54160,2026-08-05,STR-002,PRD-1051,Modern Whole Wheat Bread 400g,5,48,240,TXN-218877
SAL-54161,2026-08-06,STR-001,PRD-1163,Clinic Plus Strong & Long Shampoo 175ml,3,110,330,TXN-596427
SAL-54162,2026-08-06,STR-001,PRD-1122,Maggi Cuppa Masala Noodles 70g,11,50,550,TXN-678399
SAL-54163,2026-08-06,STR-003,PRD-1044,Amul Taaza Homogenised Milk 1L Pack,5,72,360,TXN-457253
SAL-54164,2026-08-06,STR-002,PRD-1180,Rin Detergent Bar 250g (4-Pack),9,60,540,TXN-950216
SAL-54165,2026-08-06,STR-003,PRD-1192,Freshwrap Aluminum Foil 18m Roll,1,175,175,TXN-975798
SAL-54166,2026-08-06,STR-003,PRD-1167,Dove Cream Beauty Bathing Bar 125g,2,75,150,TXN-357989
SAL-54167,2026-08-06,STR-002,PRD-1184,Ariel Matic Front Load Detergent 1kg,1,280,280,TXN-962102
SAL-54168,2026-08-06,STR-001,PRD-1045,Aavin Flavoured Milk Chocolate 200ml,12,30,360,TXN-140830
SAL-54169,2026-08-06,STR-002,PRD-1173,Himalaya Purifying Neem Face Wash 100ml,4,140,560,TXN-157580
SAL-54170,2026-08-06,STR-003,PRD-1100,Chakra Gold Tea 250g,15,150,2250,TXN-797118
SAL-54171,2026-08-06,STR-001,PRD-1031,Sundrop SuperLite Oil 1L,7,165,1155,TXN-243570
SAL-54172,2026-08-06,STR-003,PRD-1128,Mother's Recipe Mango Pickle 300g,1,85,85,TXN-955316
SAL-54173,2026-08-06,STR-001,PRD-1034,Dhara Mustard Oil 1L,10,155,1550,TXN-260470
SAL-54174,2026-08-06,STR-002,PRD-1127,Kissan Fresh Tomato Ketchup 950g,2,135,270,TXN-991013
SAL-54175,2026-08-06,STR-001,PRD-1064,Britannia Good Day Cashew 200g,1,50,50,TXN-178011
SAL-54176,2026-08-06,STR-001,PRD-1140,Robusta Bananas 1kg,24,45,1080,TXN-481456
SAL-54177,2026-08-06,STR-003,PRD-1068,Parle Monaco Salted Biscuit 200g,1,30,30,TXN-423365
SAL-54178,2026-08-06,STR-003,PRD-1090,Bovonto Grape Soft Drink 1.5L,10,65,650,TXN-399006
SAL-54179,2026-08-06,STR-002,PRD-1007,Saffola Masala Oats 500g,2,175,350,TXN-846376
SAL-54180,2026-08-06,STR-001,PRD-1032,Parachute Coconut Oil 500ml,1,190,190,TXN-244100
SAL-54181,2026-08-06,STR-003,PRD-1023,Horse Gram (Kollu) 500g,11,60,660,TXN-732193
SAL-54182,2026-08-06,STR-002,PRD-1059,Parle-G Glucose Biscuit 250g,4,30,120,TXN-204986
SAL-54183,2026-08-06,STR-002,PRD-1053,Sweet Bun 2-Pack,3,20,60,TXN-199779
SAL-54184,2026-08-06,STR-003,PRD-1123,Top Ramen Curry Noodles 280g,4,55,220,TXN-905305
SAL-54185,2026-08-06,STR-003,PRD-1058,Pav Bun 6-Pack,3,35,105,TXN-229737
SAL-54186,2026-08-06,STR-001,PRD-1188,Good Knight Gold Flash Machine + Refill,5,130,650,TXN-322623
SAL-54187,2026-08-06,STR-002,PRD-1070,Hide & Seek Chocolate Chip Biscuits 120g,17,40,680,TXN-182668
SAL-54188,2026-08-06,STR-003,PRD-1172,Dabur Red Toothpowder 100g,4,45,180,TXN-389946
SAL-54189,2026-08-06,STR-003,PRD-1126,Eastern Chicken Masala 100g,2,42,84,TXN-897582
SAL-54190,2026-08-06,STR-003,PRD-1011,Seeraga Samba Rice 1kg,2,145,290,TXN-667600
SAL-54191,2026-08-06,STR-001,PRD-1123,Top Ramen Curry Noodles 280g,7,55,385,TXN-183532
SAL-54192,2026-08-06,STR-002,PRD-1140,Robusta Bananas 1kg,19,45,855,TXN-675601
SAL-54193,2026-08-06,STR-001,PRD-1156,Fresh Mint Leaves 100g,4,12,48,TXN-824023
SAL-54194,2026-08-06,STR-002,PRD-1038,Aavin Full Cream Milk 500ml,4,30,120,TXN-679198
SAL-54195,2026-08-06,STR-003,PRD-1184,Ariel Matic Front Load Detergent 1kg,1,280,280,TXN-205314
SAL-54196,2026-08-06,STR-002,PRD-1145,Green Guava 1kg,25,70,1750,TXN-888845
SAL-54197,2026-08-06,STR-001,PRD-1077,Bingo Mad Angles Cream & Onion 70g,7,20,140,TXN-427042
SAL-54198,2026-08-06,STR-001,PRD-1061,Sunfeast Dark Fantasy Choco Fills 300g,6,150,900,TXN-540581
SAL-54199,2026-08-06,STR-001,PRD-1069,Parle Krackjack Sweet & Salty 200g,2,30,60,TXN-449455
SAL-54200,2026-08-06,STR-002,PRD-1174,Vaseline Total Moisture Body Lotion 200ml,1,215,215,TXN-154582
SAL-54201,2026-08-06,STR-001,PRD-1025,Gold Winner Sunflower Oil 1L,8,145,1160,TXN-198896
SAL-54202,2026-08-06,STR-002,PRD-1082,Haldiram Khatta Meetha Mix 200g,6,65,390,TXN-716881
SAL-54203,2026-08-06,STR-002,PRD-1178,Lizol Disinfectant Floor Cleaner Citrus 1L,1,215,215,TXN-600146
SAL-54204,2026-08-06,STR-003,PRD-1200,Nestle Cerelac Wheat Apple 300g,1,295,295,TXN-948822
SAL-54205,2026-08-06,STR-001,PRD-1165,Sensodyne Rapid Relief Toothpaste 80g,15,170,2550,TXN-668290
SAL-54206,2026-08-06,STR-003,PRD-1139,Fresh Shimla Apples 1kg,2,180,360,TXN-266521
SAL-54207,2026-08-06,STR-002,PRD-1116,Sunfeast Yippee Magic Masala Noodles 240g,8,48,384,TXN-688450
SAL-54208,2026-08-06,STR-001,PRD-1133,Hershey's Chocolate Syrup 623g,14,230,3220,TXN-359602
SAL-54209,2026-08-06,STR-002,PRD-1072,Unibic Assorted Cookies 75g,1,45,45,TXN-276559
SAL-54210,2026-08-06,STR-001,PRD-1016,Urad Dal Black Whole 1kg,1,155,155,TXN-696655
SAL-54211,2026-08-06,STR-001,PRD-1014,Moong Dal Split 1kg,1,145,145,TXN-951703
SAL-54212,2026-08-06,STR-002,PRD-1163,Clinic Plus Strong & Long Shampoo 175ml,2,110,220,TXN-329027
SAL-54213,2026-08-06,STR-002,PRD-1068,Parle Monaco Salted Biscuit 200g,5,30,150,TXN-232814
SAL-54214,2026-08-06,STR-002,PRD-1002,Ponni Boiled Rice 10kg,2,680,1360,TXN-962113
SAL-54215,2026-08-06,STR-003,PRD-1205,Himalaya Baby Lotion 200ml,22,175,3850,TXN-634442
SAL-54216,2026-08-06,STR-002,PRD-1128,Mother's Recipe Mango Pickle 300g,1,85,85,TXN-527725
SAL-54217,2026-08-06,STR-001,PRD-1007,Saffola Masala Oats 500g,1,175,175,TXN-648379
SAL-54218,2026-08-06,STR-002,PRD-1134,Weikfield Vanilla Custard Powder 100g,8,45,360,TXN-704704
SAL-54219,2026-08-06,STR-002,PRD-1122,Maggi Cuppa Masala Noodles 70g,17,50,850,TXN-913970
SAL-54220,2026-08-06,STR-001,PRD-1150,Fresh Potato 1kg,26,30,780,TXN-616583
SAL-54221,2026-08-06,STR-003,PRD-1003,Sona Masoori Rice 5kg,5,380,1900,TXN-162255
SAL-54222,2026-08-06,STR-001,PRD-1114,Milo Cocoa Beverage Powder 400g,2,220,440,TXN-743047
SAL-54223,2026-08-06,STR-001,PRD-1167,Dove Cream Beauty Bathing Bar 125g,6,75,450,TXN-301821
SAL-54224,2026-08-06,STR-003,PRD-1031,Sundrop SuperLite Oil 1L,3,165,495,TXN-406924
SAL-54225,2026-08-06,STR-001,PRD-1049,Modern Family Special White Bread 400g,5,45,225,TXN-524170
SAL-54226,2026-08-06,STR-002,PRD-1035,Saffola Gold Edible Oil 1L,10,195,1950,TXN-531534
SAL-54227,2026-08-06,STR-003,PRD-1187,All Out Mosquito Repellent Refill 45ml (2-Pack),5,145,725,TXN-401636
SAL-54228,2026-08-06,STR-001,PRD-1202,Johnson's Baby Powder 200g,1,190,190,TXN-746326
SAL-54229,2026-08-06,STR-003,PRD-1042,Amul Cheese Slices 200g,7,140,980,TXN-230703
SAL-54230,2026-08-07,STR-003,PRD-1151,Hybrid Tomato 1kg,2,40,80,TXN-906411
SAL-54231,2026-08-07,STR-002,PRD-1179,Colin Glass Cleaner Spray 500ml,7,105,735,TXN-714973
SAL-54232,2026-08-07,STR-002,PRD-1001,India Gate Basmati Rice 5kg,11,520,5720,TXN-417923
SAL-54233,2026-08-07,STR-001,PRD-1042,Amul Cheese Slices 200g,2,140,280,TXN-571170
SAL-54234,2026-08-07,STR-002,PRD-1146,Mosambi (Sweet Lime) 1kg,3,85,255,TXN-389003
SAL-54235,2026-08-07,STR-002,PRD-1069,Parle Krackjack Sweet & Salty 200g,4,30,120,TXN-509568
SAL-54236,2026-08-07,STR-003,PRD-1091,7Up Nimbooz 350ml,2,25,50,TXN-603683
SAL-54237,2026-08-07,STR-001,PRD-1047,Milky Mist Fresh Cream 200ml,3,70,210,TXN-239970
SAL-54238,2026-08-07,STR-003,PRD-1207,Pigeon Baby Feeding Bottle 250ml,1,220,220,TXN-345808
SAL-54239,2026-08-07,STR-001,PRD-1067,Britannia NutriChoice Digestive 250g,16,65,1040,TXN-503263
SAL-54240,2026-08-07,STR-001,PRD-1044,Amul Taaza Homogenised Milk 1L Pack,4,72,288,TXN-678548
SAL-54241,2026-08-07,STR-001,PRD-1090,Bovonto Grape Soft Drink 1.5L,15,65,975,TXN-251720
SAL-54242,2026-08-07,STR-002,PRD-1048,Amul Fresh Condensed Milk 400g,1,130,130,TXN-856277
SAL-54243,2026-08-07,STR-002,PRD-1015,Chana Dal 1kg,12,115,1380,TXN-367188
SAL-54244,2026-08-07,STR-003,PRD-1083,Doritos Nacho Cheese Chips 60g,5,30,150,TXN-385015
SAL-54245,2026-08-07,STR-002,PRD-1090,Bovonto Grape Soft Drink 1.5L,28,65,1820,TXN-641569
SAL-54246,2026-08-07,STR-003,PRD-1017,Urad Dal White Split 1kg,7,160,1120,TXN-882660
SAL-54247,2026-08-07,STR-003,PRD-1026,Idhayam Sesame/Gingelly Oil 1L,5,320,1600,TXN-166026
SAL-54248,2026-08-07,STR-003,PRD-1142,Seedless Black Grapes 500g,2,80,160,TXN-212322
SAL-54249,2026-08-07,STR-003,PRD-1048,Amul Fresh Condensed Milk 400g,1,130,130,TXN-396551
SAL-54250,2026-08-07,STR-002,PRD-1100,Chakra Gold Tea 250g,15,150,2250,TXN-682964
SAL-54251,2026-08-07,STR-002,PRD-1041,Amul Pasteurised Butter 100g,4,58,232,TXN-702316
SAL-54252,2026-08-07,STR-001,PRD-1207,Pigeon Baby Feeding Bottle 250ml,6,220,1320,TXN-655660
SAL-54253,2026-08-07,STR-001,PRD-1002,Ponni Boiled Rice 10kg,6,680,4080,TXN-758001
SAL-54254,2026-08-07,STR-002,PRD-1076,Kurkure Masala Munch 85g,4,20,80,TXN-653991
SAL-54255,2026-08-07,STR-003,PRD-1040,Milky Mist Thick Curd 1kg Bucket,1,90,90,TXN-120520
SAL-54256,2026-08-07,STR-001,PRD-1006,Quaker Oats 1kg,3,195,585,TXN-823137
SAL-54257,2026-08-07,STR-002,PRD-1149,Fresh Red Onion 1kg,3,35,105,TXN-540114
SAL-54258,2026-08-07,STR-002,PRD-1039,Hatsun Fresh Curd 500g Pouch,3,35,105,TXN-101531
SAL-54259,2026-08-07,STR-002,PRD-1123,Top Ramen Curry Noodles 280g,4,55,220,TXN-296473
SAL-54260,2026-08-07,STR-001,PRD-1075,Lays Classic Salted Potato Chips 50g,10,20,200,TXN-421218
SAL-54261,2026-08-07,STR-001,PRD-1161,Mysore Sandal Soap 125g,5,55,275,TXN-545486
SAL-54262,2026-08-07,STR-003,PRD-1052,Britannia Fruit Bun 150g,4,25,100,TXN-943677
SAL-54263,2026-08-07,STR-003,PRD-1053,Sweet Bun 2-Pack,3,20,60,TXN-309156
SAL-54264,2026-08-07,STR-002,PRD-1045,Aavin Flavoured Milk Chocolate 200ml,12,30,360,TXN-802374
SAL-54265,2026-08-07,STR-001,PRD-1133,Hershey's Chocolate Syrup 623g,14,230,3220,TXN-730794
SAL-54266,2026-08-07,STR-002,PRD-1117,MTR Rava Idli Mix 500g,4,110,440,TXN-474223
SAL-54267,2026-08-07,STR-001,PRD-1148,Kiwi Fruit 3-Pack,1,120,120,TXN-594775
SAL-54268,2026-08-07,STR-003,PRD-1136,Ching's Secret Dark Soy Sauce 210g,1,65,65,TXN-356779
SAL-54269,2026-08-07,STR-001,PRD-1187,All Out Mosquito Repellent Refill 45ml (2-Pack),2,145,290,TXN-999464
SAL-54270,2026-08-07,STR-002,PRD-1099,Red Label Natural Care Tea 250g,3,170,510,TXN-594281
SAL-54271,2026-08-07,STR-001,PRD-1160,Curry Leaves 50g Bundle,1,10,10,TXN-658352
SAL-54272,2026-08-07,STR-002,PRD-1073,Haldiram Nagpur Aloo Bhujia 200g,4,60,240,TXN-338632
SAL-54273,2026-08-07,STR-002,PRD-1053,Sweet Bun 2-Pack,4,20,80,TXN-689756
SAL-54274,2026-08-07,STR-002,PRD-1140,Robusta Bananas 1kg,7,45,315,TXN-179973
SAL-54275,2026-08-07,STR-002,PRD-1127,Kissan Fresh Tomato Ketchup 950g,1,135,135,TXN-243650
SAL-54276,2026-08-07,STR-002,PRD-1068,Parle Monaco Salted Biscuit 200g,3,30,90,TXN-146008
SAL-54277,2026-08-07,STR-001,PRD-1088,Coca-Cola Original Taste 750ml,1,40,40,TXN-532390
SAL-54278,2026-08-07,STR-002,PRD-1176,Surf Excel Quick Wash Detergent Powder 1kg,1,210,210,TXN-874494
SAL-54279,2026-08-07,STR-001,PRD-1176,Surf Excel Quick Wash Detergent Powder 1kg,1,210,210,TXN-814039
SAL-54280,2026-08-07,STR-001,PRD-1099,Red Label Natural Care Tea 250g,8,170,1360,TXN-675215
SAL-54281,2026-08-07,STR-003,PRD-1157,Green Chilli 250g,1,20,20,TXN-873874
SAL-54282,2026-08-07,STR-003,PRD-1018,Rajma Red Kidney Beans 500g,3,95,285,TXN-488892
SAL-54283,2026-08-07,STR-002,PRD-1091,7Up Nimbooz 350ml,2,25,50,TXN-368914
SAL-54284,2026-08-07,STR-002,PRD-1002,Ponni Boiled Rice 10kg,1,680,680,TXN-716038
SAL-54285,2026-08-07,STR-002,PRD-1156,Fresh Mint Leaves 100g,4,12,48,TXN-394032
SAL-54286,2026-08-07,STR-001,PRD-1167,Dove Cream Beauty Bathing Bar 125g,6,75,450,TXN-571688
SAL-54287,2026-08-07,STR-001,PRD-1058,Pav Bun 6-Pack,7,35,245,TXN-198023
SAL-54288,2026-08-07,STR-001,PRD-1023,Horse Gram (Kollu) 500g,7,60,420,TXN-348207
SAL-54289,2026-08-07,STR-002,PRD-1022,Masoor Dal Red 1kg,5,110,550,TXN-198052
SAL-54290,2026-08-07,STR-002,PRD-1165,Sensodyne Rapid Relief Toothpaste 80g,18,170,3060,TXN-929527
SAL-54291,2026-08-07,STR-003,PRD-1188,Good Knight Gold Flash Machine + Refill,10,130,1300,TXN-882675
SAL-54292,2026-08-07,STR-003,PRD-1104,Cothas Coffee Chicory Blend 500g,1,220,220,TXN-897872
SAL-54293,2026-08-07,STR-001,PRD-1074,Lays Magic Masala Potato Chips 50g,4,20,80,TXN-599135
SAL-54294,2026-08-07,STR-001,PRD-1104,Cothas Coffee Chicory Blend 500g,1,220,220,TXN-667358
SAL-54295,2026-08-07,STR-003,PRD-1051,Modern Whole Wheat Bread 400g,3,48,144,TXN-894114
SAL-54296,2026-08-07,STR-003,PRD-1102,Nescafe Classic Instant Coffee 50g,4,160,640,TXN-106665
SAL-54297,2026-08-07,STR-002,PRD-1101,BRU Instant Coffee 100g Glass Jar,5,185,925,TXN-613329
SAL-54298,2026-08-08,STR-002,PRD-1078,Hot & Crispy Banana Chips 250g,19,90,1710,TXN-545525
SAL-54299,2026-08-08,STR-002,PRD-1148,Kiwi Fruit 3-Pack,1,120,120,TXN-977333
SAL-54300,2026-08-08,STR-002,PRD-1119,Bambino Roasted Vermicelli 400g,6,45,270,TXN-392736
SAL-54301,2026-08-08,STR-001,PRD-1037,Aavin Toned Milk 500ml Pouch,3,24,72,TXN-735732
SAL-54302,2026-08-08,STR-003,PRD-1032,Parachute Coconut Oil 500ml,1,190,190,TXN-869040
SAL-54303,2026-08-08,STR-002,PRD-1181,Comfort After Wash Fabric Conditioner 860ml,7,235,1645,TXN-976214
SAL-54304,2026-08-08,STR-001,PRD-1083,Doritos Nacho Cheese Chips 60g,2,30,60,TXN-525529
SAL-54305,2026-08-08,STR-002,PRD-1207,Pigeon Baby Feeding Bottle 250ml,2,220,440,TXN-910085
SAL-54306,2026-08-08,STR-003,PRD-1100,Chakra Gold Tea 250g,10,150,1500,TXN-195446
SAL-54307,2026-08-08,STR-001,PRD-1001,India Gate Basmati Rice 5kg,11,520,5720,TXN-220950
SAL-54308,2026-08-08,STR-001,PRD-1154,Green Capsicum 500g,3,45,135,TXN-232937
SAL-54309,2026-08-08,STR-001,PRD-1126,Eastern Chicken Masala 100g,4,42,168,TXN-340897
SAL-54310,2026-08-08,STR-001,PRD-1129,Aachi Lime Pickle 300g,2,65,130,TXN-659460
SAL-54311,2026-08-08,STR-002,PRD-1163,Clinic Plus Strong & Long Shampoo 175ml,7,110,770,TXN-218661
SAL-54312,2026-08-08,STR-002,PRD-1200,Nestle Cerelac Wheat Apple 300g,1,295,295,TXN-513775
SAL-54313,2026-08-08,STR-001,PRD-1060,Britannia Bourbon Chocolate Biscuit 150g,25,35,875,TXN-708868
SAL-54314,2026-08-08,STR-003,PRD-1010,Idli Rice 5kg,21,290,6090,TXN-956376
SAL-54315,2026-08-08,STR-003,PRD-1035,Saffola Gold Edible Oil 1L,2,195,390,TXN-643114
SAL-54316,2026-08-08,STR-001,PRD-1206,Sebamed Baby Protective Facial Cream 50ml,4,780,3120,TXN-343060
SAL-54317,2026-08-08,STR-002,PRD-1008,Manna Ragi Flour 1kg,9,85,765,TXN-352164
SAL-54318,2026-08-08,STR-002,PRD-1099,Red Label Natural Care Tea 250g,6,170,1020,TXN-633112
SAL-54319,2026-08-08,STR-001,PRD-1070,Hide & Seek Chocolate Chip Biscuits 120g,23,40,920,TXN-670079
SAL-54320,2026-08-08,STR-003,PRD-1062,Britannia Marie Gold 300g,6,40,240,TXN-353225
SAL-54321,2026-08-08,STR-001,PRD-1057,Plum Cake 250g,5,120,600,TXN-187627
SAL-54322,2026-08-08,STR-003,PRD-1084,Pringles Sour Cream & Onion 107g,1,115,115,TXN-663679
SAL-54323,2026-08-08,STR-002,PRD-1017,Urad Dal White Split 1kg,3,160,480,TXN-373825
SAL-54324,2026-08-08,STR-002,PRD-1065,Britannia Good Day Butter 200g,10,45,450,TXN-242795
SAL-54325,2026-08-08,STR-001,PRD-1071,Britannia Milk Bikis 200g,8,35,280,TXN-146156
SAL-54326,2026-08-08,STR-001,PRD-1076,Kurkure Masala Munch 85g,4,20,80,TXN-991546
SAL-54327,2026-08-08,STR-001,PRD-1072,Unibic Assorted Cookies 75g,2,45,90,TXN-246499
SAL-54328,2026-08-08,STR-002,PRD-1048,Amul Fresh Condensed Milk 400g,1,130,130,TXN-331219
SAL-54329,2026-08-08,STR-001,PRD-1107,Horlicks Classic Malt 500g Jar,5,245,1225,TXN-193724
SAL-54330,2026-08-08,STR-001,PRD-1166,Pears Soft & Fresh Soap 125g,11,65,715,TXN-755192
SAL-54331,2026-08-08,STR-001,PRD-1023,Horse Gram (Kollu) 500g,8,60,480,TXN-542627
SAL-54332,2026-08-08,STR-001,PRD-1162,Dettol Original Soap 75g (3-Pack),6,105,630,TXN-673284
SAL-54333,2026-08-08,STR-001,PRD-1082,Haldiram Khatta Meetha Mix 200g,2,65,130,TXN-897064
SAL-54334,2026-08-08,STR-001,PRD-1049,Modern Family Special White Bread 400g,4,45,180,TXN-272631
SAL-54335,2026-08-08,STR-002,PRD-1012,Maida Flour 1kg,13,55,715,TXN-988380
SAL-54336,2026-08-08,STR-001,PRD-1043,Milky Mist Paneer 200g,2,115,230,TXN-134714
SAL-54337,2026-08-08,STR-002,PRD-1074,Lays Magic Masala Potato Chips 50g,5,20,100,TXN-917939
SAL-54338,2026-08-08,STR-002,PRD-1132,Sundrop Peanut Butter Crunchy 500g,1,195,195,TXN-797179
SAL-54339,2026-08-08,STR-002,PRD-1108,Boost Health Drink 500g Refill,3,235,705,TXN-948924
SAL-54340,2026-08-08,STR-001,PRD-1156,Fresh Mint Leaves 100g,3,12,36,TXN-187696
SAL-54341,2026-08-08,STR-001,PRD-1056,Winkies Chocolate Swiss Roll 100g,9,30,270,TXN-894357
SAL-54342,2026-08-08,STR-003,PRD-1023,Horse Gram (Kollu) 500g,10,60,600,TXN-767984
SAL-54343,2026-08-08,STR-001,PRD-1058,Pav Bun 6-Pack,5,35,175,TXN-186646
SAL-54344,2026-08-08,STR-001,PRD-1171,Gillette Guard Razor 1-Pack,7,25,175,TXN-604134
SAL-54345,2026-08-08,STR-003,PRD-1136,Ching's Secret Dark Soy Sauce 210g,1,65,65,TXN-203033
SAL-54346,2026-08-08,STR-003,PRD-1003,Sona Masoori Rice 5kg,5,380,1900,TXN-665215
SAL-54347,2026-08-08,STR-002,PRD-1062,Britannia Marie Gold 300g,6,40,240,TXN-160028
SAL-54348,2026-08-08,STR-002,PRD-1135,Baking Soda 100g,21,25,525,TXN-884829
SAL-54349,2026-08-08,STR-002,PRD-1013,Tata Sampann Toor Dal 1kg,4,165,660,TXN-127096
SAL-54350,2026-08-08,STR-001,PRD-1192,Freshwrap Aluminum Foil 18m Roll,1,175,175,TXN-470500
SAL-54351,2026-08-08,STR-003,PRD-1063,Oreo Vanilla Cream Biscuit 120g,3,35,105,TXN-804830
SAL-54352,2026-08-08,STR-003,PRD-1151,Hybrid Tomato 1kg,2,40,80,TXN-628503
SAL-54353,2026-08-08,STR-001,PRD-1040,Milky Mist Thick Curd 1kg Bucket,1,90,90,TXN-889084
SAL-54354,2026-08-08,STR-002,PRD-1031,Sundrop SuperLite Oil 1L,2,165,330,TXN-267011
SAL-54355,2026-08-08,STR-002,PRD-1057,Plum Cake 250g,2,120,240,TXN-952246
SAL-54356,2026-08-08,STR-003,PRD-1076,Kurkure Masala Munch 85g,2,20,40,TXN-800599
SAL-54357,2026-08-08,STR-001,PRD-1150,Fresh Potato 1kg,19,30,570,TXN-905292
SAL-54358,2026-08-08,STR-003,PRD-1060,Britannia Bourbon Chocolate Biscuit 150g,18,35,630,TXN-625772
SAL-54359,2026-08-08,STR-002,PRD-1096,Bisleri Water Bottle 2L,1,30,30,TXN-144522
SAL-54360,2026-08-08,STR-002,PRD-1187,All Out Mosquito Repellent Refill 45ml (2-Pack),3,145,435,TXN-591650
SAL-54361,2026-08-08,STR-001,PRD-1200,Nestle Cerelac Wheat Apple 300g,1,295,295,TXN-555805
SAL-54362,2026-08-08,STR-002,PRD-1191,Eveready Red AA Batteries (4-Pack),2,60,120,TXN-146290
SAL-54363,2026-08-08,STR-001,PRD-1119,Bambino Roasted Vermicelli 400g,5,45,225,TXN-102931
SAL-54364,2026-08-08,STR-001,PRD-1204,MamyPoko Pants Standard Diaper Medium 34s,2,450,900,TXN-357543
SAL-54365,2026-08-08,STR-001,PRD-1078,Hot & Crispy Banana Chips 250g,8,90,720,TXN-767594
SAL-54366,2026-08-09,STR-002,PRD-1123,Top Ramen Curry Noodles 280g,5,55,275,TXN-799378
SAL-54367,2026-08-09,STR-003,PRD-1032,Parachute Coconut Oil 500ml,2,190,380,TXN-527442
SAL-54368,2026-08-09,STR-003,PRD-1130,Nutella Hazelnut Spread 350g Jar,15,380,5700,TXN-121715
SAL-54369,2026-08-09,STR-001,PRD-1186,Pitambari Shining Powder 200g,3,40,120,TXN-540191
SAL-54370,2026-08-09,STR-002,PRD-1099,Red Label Natural Care Tea 250g,5,170,850,TXN-236850
SAL-54371,2026-08-09,STR-001,PRD-1191,Eveready Red AA Batteries (4-Pack),4,60,240,TXN-860457
SAL-54372,2026-08-09,STR-003,PRD-1054,Garlic Butter Toast 150g,5,40,200,TXN-551819
SAL-54373,2026-08-09,STR-001,PRD-1146,Mosambi (Sweet Lime) 1kg,2,85,170,TXN-424623
SAL-54374,2026-08-09,STR-002,PRD-1136,Ching's Secret Dark Soy Sauce 210g,1,65,65,TXN-364083
SAL-54375,2026-08-09,STR-003,PRD-1202,Johnson's Baby Powder 200g,2,190,380,TXN-142759
SAL-54376,2026-08-09,STR-001,PRD-1045,Aavin Flavoured Milk Chocolate 200ml,17,30,510,TXN-405791
SAL-54377,2026-08-09,STR-002,PRD-1085,Paper Boat Mango Juice 250ml,28,35,980,TXN-762314
SAL-54378,2026-08-09,STR-001,PRD-1149,Fresh Red Onion 1kg,2,35,70,TXN-471904
SAL-54379,2026-08-09,STR-002,PRD-1054,Garlic Butter Toast 150g,7,40,280,TXN-491816
SAL-54380,2026-08-09,STR-002,PRD-1097,3 Roses Dust Tea 250g,6,160,960,TXN-144374
SAL-54381,2026-08-09,STR-002,PRD-1184,Ariel Matic Front Load Detergent 1kg,1,280,280,TXN-926968
SAL-54382,2026-08-09,STR-003,PRD-1082,Haldiram Khatta Meetha Mix 200g,1,65,65,TXN-808576
SAL-54383,2026-08-09,STR-002,PRD-1116,Sunfeast Yippee Magic Masala Noodles 240g,6,48,288,TXN-669868
SAL-54384,2026-08-09,STR-002,PRD-1133,Hershey's Chocolate Syrup 623g,10,230,2300,TXN-408106
SAL-54385,2026-08-09,STR-003,PRD-1018,Rajma Red Kidney Beans 500g,3,95,285,TXN-864670
SAL-54386,2026-08-09,STR-001,PRD-1132,Sundrop Peanut Butter Crunchy 500g,2,195,390,TXN-188716
SAL-54387,2026-08-09,STR-001,PRD-1112,Women's Horlicks Caramel 400g,1,310,310,TXN-422677
SAL-54388,2026-08-09,STR-001,PRD-1062,Britannia Marie Gold 300g,4,40,160,TXN-393378
SAL-54389,2026-08-09,STR-003,PRD-1207,Pigeon Baby Feeding Bottle 250ml,3,220,660,TXN-637898
SAL-54390,2026-08-09,STR-003,PRD-1135,Baking Soda 100g,22,25,550,TXN-954297
SAL-54391,2026-08-09,STR-001,PRD-1016,Urad Dal Black Whole 1kg,1,155,155,TXN-123584
SAL-54392,2026-08-09,STR-001,PRD-1199,Pampers Baby Wipes Gentle 72 Sheets,15,185,2775,TXN-866278
SAL-54393,2026-08-09,STR-001,PRD-1015,Chana Dal 1kg,11,115,1265,TXN-353171
SAL-54394,2026-08-09,STR-002,PRD-1169,Parachute Advansed Jasmine Hair Oil 200ml,4,105,420,TXN-625304
SAL-54395,2026-08-09,STR-001,PRD-1020,Fried Gram (Pottukadalai) 500g,18,75,1350,TXN-970753
SAL-54396,2026-08-09,STR-003,PRD-1146,Mosambi (Sweet Lime) 1kg,7,85,595,TXN-447656
SAL-54397,2026-08-09,STR-002,PRD-1075,Lays Classic Salted Potato Chips 50g,22,20,440,TXN-240775
SAL-54398,2026-08-09,STR-002,PRD-1087,Real Fruit Power Guava Juice 1L,2,130,260,TXN-972156
SAL-54399,2026-08-09,STR-001,PRD-1148,Kiwi Fruit 3-Pack,2,120,240,TXN-806402
SAL-54400,2026-08-09,STR-001,PRD-1201,Himalaya Gentle Baby Soap 75g (3-Pack),6,135,810,TXN-139364
SAL-54401,2026-08-09,STR-001,PRD-1166,Pears Soft & Fresh Soap 125g,9,65,585,TXN-770125
SAL-54402,2026-08-09,STR-002,PRD-1128,Mother's Recipe Mango Pickle 300g,1,85,85,TXN-994399
SAL-54403,2026-08-09,STR-001,PRD-1007,Saffola Masala Oats 500g,1,175,175,TXN-314580
SAL-54404,2026-08-09,STR-002,PRD-1189,Odonil Room Air Freshener Spray Citrus 220ml,3,160,480,TXN-319086
SAL-54405,2026-08-09,STR-002,PRD-1067,Britannia NutriChoice Digestive 250g,15,65,975,TXN-963961
SAL-54406,2026-08-09,STR-001,PRD-1046,Cavins Milkshake Strawberry 200ml,2,40,80,TXN-968772
SAL-54407,2026-08-09,STR-002,PRD-1024,Black Eyed Beans (Karamani) 500g,1,70,70,TXN-715641
SAL-54408,2026-08-09,STR-001,PRD-1023,Horse Gram (Kollu) 500g,7,60,420,TXN-843312
SAL-54409,2026-08-09,STR-001,PRD-1097,3 Roses Dust Tea 250g,1,160,160,TXN-863836
SAL-54410,2026-08-09,STR-001,PRD-1018,Rajma Red Kidney Beans 500g,4,95,380,TXN-248285
SAL-54411,2026-08-09,STR-002,PRD-1141,Nagpur Oranges 1kg,7,90,630,TXN-194432
SAL-54412,2026-08-09,STR-002,PRD-1091,7Up Nimbooz 350ml,2,25,50,TXN-728993
SAL-54413,2026-08-09,STR-002,PRD-1190,Duracell Chota Power AA Batteries (4-Pack),11,160,1760,TXN-589108
SAL-54414,2026-08-09,STR-003,PRD-1045,Aavin Flavoured Milk Chocolate 200ml,15,30,450,TXN-925620
SAL-54415,2026-08-09,STR-002,PRD-1200,Nestle Cerelac Wheat Apple 300g,1,295,295,TXN-150678
SAL-54416,2026-08-09,STR-001,PRD-1003,Sona Masoori Rice 5kg,3,380,1140,TXN-308266
SAL-54417,2026-08-09,STR-003,PRD-1094,Red Bull Energy Drink 250ml,2,125,250,TXN-195859
SAL-54418,2026-08-09,STR-003,PRD-1093,Frooti Mango Drink 1L,6,65,390,TXN-307607
SAL-54419,2026-08-09,STR-002,PRD-1064,Britannia Good Day Cashew 200g,1,50,50,TXN-241250
SAL-54420,2026-08-09,STR-001,PRD-1197,Tissue Paper Napkins 100 Sheets,6,40,240,TXN-438711
SAL-54421,2026-08-09,STR-001,PRD-1171,Gillette Guard Razor 1-Pack,8,25,200,TXN-141115
SAL-54422,2026-08-09,STR-003,PRD-1179,Colin Glass Cleaner Spray 500ml,10,105,1050,TXN-996336
SAL-54423,2026-08-09,STR-001,PRD-1090,Bovonto Grape Soft Drink 1.5L,8,65,520,TXN-180573
SAL-54424,2026-08-09,STR-002,PRD-1070,Hide & Seek Chocolate Chip Biscuits 120g,24,40,960,TXN-886476
SAL-54425,2026-08-09,STR-003,PRD-1136,Ching's Secret Dark Soy Sauce 210g,1,65,65,TXN-629411
SAL-54426,2026-08-09,STR-002,PRD-1068,Parle Monaco Salted Biscuit 200g,4,30,120,TXN-443346
SAL-54427,2026-08-09,STR-001,PRD-1024,Black Eyed Beans (Karamani) 500g,1,70,70,TXN-199937
SAL-54428,2026-08-09,STR-002,PRD-1144,Pomegranate Kabuli 1kg,11,210,2310,TXN-625004
SAL-54429,2026-08-09,STR-001,PRD-1088,Coca-Cola Original Taste 750ml,1,40,40,TXN-916749
SAL-54430,2026-08-09,STR-002,PRD-1056,Winkies Chocolate Swiss Roll 100g,8,30,240,TXN-649950
SAL-54431,2026-08-09,STR-003,PRD-1024,Black Eyed Beans (Karamani) 500g,1,70,70,TXN-111190
SAL-54432,2026-08-09,STR-003,PRD-1051,Modern Whole Wheat Bread 400g,7,48,336,TXN-318841
SAL-54433,2026-08-09,STR-001,PRD-1107,Horlicks Classic Malt 500g Jar,5,245,1225,TXN-950067
SAL-54434,2026-08-09,STR-001,PRD-1188,Good Knight Gold Flash Machine + Refill,4,130,520,TXN-211931
SAL-54435,2026-08-09,STR-001,PRD-1206,Sebamed Baby Protective Facial Cream 50ml,5,780,3900,TXN-535182
SAL-54436,2026-08-10,STR-001,PRD-1041,Amul Pasteurised Butter 100g,2,58,116,TXN-222172
SAL-54437,2026-08-10,STR-001,PRD-1198,Garbage Bags Black Medium 30 Sheets,6,90,540,TXN-547234
SAL-54438,2026-08-10,STR-003,PRD-1046,Cavins Milkshake Strawberry 200ml,6,40,240,TXN-118841
SAL-54439,2026-08-10,STR-003,PRD-1188,Good Knight Gold Flash Machine + Refill,14,130,1820,TXN-302310
SAL-54440,2026-08-10,STR-003,PRD-1005,Pillsbury Chakki Fresh Atta 5kg,20,240,4800,TXN-158077
SAL-54441,2026-08-10,STR-003,PRD-1088,Coca-Cola Original Taste 750ml,1,40,40,TXN-313051
SAL-54442,2026-08-10,STR-002,PRD-1136,Ching's Secret Dark Soy Sauce 210g,1,65,65,TXN-517155
SAL-54443,2026-08-10,STR-002,PRD-1120,Knorr Thick Tomato Soup 53g,2,40,80,TXN-192672
SAL-54444,2026-08-10,STR-002,PRD-1170,Nivea Soft Light Moisturiser 100ml,5,195,975,TXN-899786
SAL-54445,2026-08-10,STR-002,PRD-1179,Colin Glass Cleaner Spray 500ml,3,105,315,TXN-261472
SAL-54446,2026-08-10,STR-003,PRD-1095,Kinley Packaged Drinking Water 1L,14,20,280,TXN-176209
SAL-54447,2026-08-10,STR-003,PRD-1102,Nescafe Classic Instant Coffee 50g,3,160,480,TXN-881358
SAL-54448,2026-08-10,STR-001,PRD-1044,Amul Taaza Homogenised Milk 1L Pack,4,72,288,TXN-284033
SAL-54449,2026-08-10,STR-001,PRD-1150,Fresh Potato 1kg,25,30,750,TXN-366366
SAL-54450,2026-08-10,STR-002,PRD-1002,Ponni Boiled Rice 10kg,4,680,2720,TXN-473078
SAL-54451,2026-08-10,STR-002,PRD-1077,Bingo Mad Angles Cream & Onion 70g,2,20,40,TXN-550671
SAL-54452,2026-08-10,STR-002,PRD-1141,Nagpur Oranges 1kg,5,90,450,TXN-292312
SAL-54453,2026-08-10,STR-003,PRD-1132,Sundrop Peanut Butter Crunchy 500g,4,195,780,TXN-214057
SAL-54454,2026-08-10,STR-001,PRD-1125,Aachi Biryani Masala 100g,4,45,180,TXN-988596
SAL-54455,2026-08-10,STR-001,PRD-1049,Modern Family Special White Bread 400g,5,45,225,TXN-900117
SAL-54456,2026-08-10,STR-003,PRD-1021,Kabuli Chana 1kg,3,140,420,TXN-249522
SAL-54457,2026-08-10,STR-002,PRD-1028,Aavin Pure Ghee 500ml,6,315,1890,TXN-649969
SAL-54458,2026-08-10,STR-002,PRD-1112,Women's Horlicks Caramel 400g,1,310,310,TXN-404507
SAL-54459,2026-08-10,STR-002,PRD-1026,Idhayam Sesame/Gingelly Oil 1L,5,320,1600,TXN-142301
SAL-54460,2026-08-10,STR-002,PRD-1045,Aavin Flavoured Milk Chocolate 200ml,6,30,180,TXN-418773
SAL-54461,2026-08-10,STR-002,PRD-1189,Odonil Room Air Freshener Spray Citrus 220ml,3,160,480,TXN-105199
SAL-54462,2026-08-10,STR-001,PRD-1207,Pigeon Baby Feeding Bottle 250ml,6,220,1320,TXN-569164
SAL-54463,2026-08-10,STR-003,PRD-1103,Narasus Pure Filter Coffee 200g,5,120,600,TXN-459251
SAL-54464,2026-08-10,STR-001,PRD-1040,Milky Mist Thick Curd 1kg Bucket,1,90,90,TXN-600052
SAL-54465,2026-08-10,STR-002,PRD-1194,Mangaldeep Sandal Agarbatti 100g,3,50,150,TXN-677019
SAL-54466,2026-08-10,STR-001,PRD-1082,Haldiram Khatta Meetha Mix 200g,3,65,195,TXN-322256
SAL-54467,2026-08-10,STR-003,PRD-1083,Doritos Nacho Cheese Chips 60g,3,30,90,TXN-492484
SAL-54468,2026-08-10,STR-002,PRD-1143,Ripe Papaya 1kg,5,50,250,TXN-230167
SAL-54469,2026-08-10,STR-001,PRD-1191,Eveready Red AA Batteries (4-Pack),2,60,120,TXN-799427
SAL-54470,2026-08-10,STR-001,PRD-1172,Dabur Red Toothpowder 100g,4,45,180,TXN-824679
SAL-54471,2026-08-10,STR-001,PRD-1124,MTR Gulab Jamun Mix 175g,5,95,475,TXN-735103
SAL-54472,2026-08-10,STR-003,PRD-1010,Idli Rice 5kg,22,290,6380,TXN-632046
SAL-54473,2026-08-10,STR-001,PRD-1051,Modern Whole Wheat Bread 400g,3,48,144,TXN-691881
SAL-54474,2026-08-10,STR-001,PRD-1147,Watermelon Kiran 1 Unit (~3kg),3,90,270,TXN-167989
SAL-54475,2026-08-10,STR-003,PRD-1070,Hide & Seek Chocolate Chip Biscuits 120g,24,40,960,TXN-399645
SAL-54476,2026-08-10,STR-001,PRD-1062,Britannia Marie Gold 300g,4,40,160,TXN-116539
SAL-54477,2026-08-10,STR-002,PRD-1057,Plum Cake 250g,5,120,600,TXN-575118
SAL-54478,2026-08-10,STR-001,PRD-1078,Hot & Crispy Banana Chips 250g,14,90,1260,TXN-711214
SAL-54479,2026-08-10,STR-001,PRD-1182,Exo Touch & Shine Dishwash Bar 250g,6,30,180,TXN-522424
SAL-54480,2026-08-10,STR-001,PRD-1054,Garlic Butter Toast 150g,6,40,240,TXN-840464
SAL-54481,2026-08-10,STR-001,PRD-1087,Real Fruit Power Guava Juice 1L,4,130,520,TXN-754818
SAL-54482,2026-08-10,STR-001,PRD-1163,Clinic Plus Strong & Long Shampoo 175ml,3,110,330,TXN-494126
SAL-54483,2026-08-10,STR-002,PRD-1099,Red Label Natural Care Tea 250g,6,170,1020,TXN-788674
SAL-54484,2026-08-10,STR-002,PRD-1121,MTR Ready to Eat Paneer Butter Masala 300g,4,140,560,TXN-679546
SAL-54485,2026-08-10,STR-001,PRD-1122,Maggi Cuppa Masala Noodles 70g,13,50,650,TXN-896387
SAL-54486,2026-08-10,STR-001,PRD-1151,Hybrid Tomato 1kg,3,40,120,TXN-865206
SAL-54487,2026-08-10,STR-001,PRD-1034,Dhara Mustard Oil 1L,14,155,2170,TXN-898054
SAL-54488,2026-08-10,STR-002,PRD-1106,Continental Xtra Instant Coffee 200g,5,240,1200,TXN-483968
SAL-54489,2026-08-10,STR-003,PRD-1047,Milky Mist Fresh Cream 200ml,5,70,350,TXN-767709
SAL-54490,2026-08-10,STR-002,PRD-1187,All Out Mosquito Repellent Refill 45ml (2-Pack),6,145,870,TXN-360257
SAL-54491,2026-08-10,STR-001,PRD-1193,Matchbox Homelites Safety Matches (10-Box),1,30,30,TXN-692801
SAL-54492,2026-08-10,STR-002,PRD-1016,Urad Dal Black Whole 1kg,1,155,155,TXN-122306
SAL-54493,2026-08-10,STR-002,PRD-1132,Sundrop Peanut Butter Crunchy 500g,3,195,585,TXN-424632
SAL-54494,2026-08-10,STR-002,PRD-1008,Manna Ragi Flour 1kg,7,85,595,TXN-930785
SAL-54495,2026-08-10,STR-002,PRD-1086,Tropicana 100% Orange Juice 1L,3,145,435,TXN-303896
SAL-54496,2026-08-10,STR-003,PRD-1177,Harpic Power Plus Toilet Cleaner 500ml,15,95,1425,TXN-299623
SAL-54497,2026-08-10,STR-003,PRD-1142,Seedless Black Grapes 500g,1,80,80,TXN-979950
SAL-54498,2026-08-10,STR-002,PRD-1154,Green Capsicum 500g,3,45,135,TXN-959167
SAL-54499,2026-08-10,STR-003,PRD-1017,Urad Dal White Split 1kg,7,160,1120,TXN-550756
SAL-54500,2026-08-10,STR-001,PRD-1187,All Out Mosquito Repellent Refill 45ml (2-Pack),2,145,290,TXN-687043
SAL-54501,2026-08-11,STR-003,PRD-1020,Fried Gram (Pottukadalai) 500g,16,75,1200,TXN-101025
SAL-54502,2026-08-11,STR-001,PRD-1147,Watermelon Kiran 1 Unit (~3kg),1,90,90,TXN-993604
SAL-54503,2026-08-11,STR-002,PRD-1009,Raw Rice 5kg,4,320,1280,TXN-729557
SAL-54504,2026-08-11,STR-001,PRD-1201,Himalaya Gentle Baby Soap 75g (3-Pack),4,135,540,TXN-508196
SAL-54505,2026-08-11,STR-003,PRD-1170,Nivea Soft Light Moisturiser 100ml,4,195,780,TXN-157829
SAL-54506,2026-08-11,STR-002,PRD-1056,Winkies Chocolate Swiss Roll 100g,5,30,150,TXN-900329
SAL-54507,2026-08-11,STR-003,PRD-1143,Ripe Papaya 1kg,5,50,250,TXN-311873
SAL-54508,2026-08-11,STR-001,PRD-1043,Milky Mist Paneer 200g,1,115,115,TXN-800779
SAL-54509,2026-08-11,STR-001,PRD-1165,Sensodyne Rapid Relief Toothpaste 80g,12,170,2040,TXN-741613
SAL-54510,2026-08-11,STR-003,PRD-1150,Fresh Potato 1kg,13,30,390,TXN-963318
SAL-54511,2026-08-11,STR-001,PRD-1012,Maida Flour 1kg,13,55,715,TXN-150243
SAL-54512,2026-08-11,STR-002,PRD-1159,Garlic 250g,3,60,180,TXN-493416
SAL-54513,2026-08-11,STR-002,PRD-1063,Oreo Vanilla Cream Biscuit 120g,5,35,175,TXN-741799
SAL-54514,2026-08-11,STR-002,PRD-1078,Hot & Crispy Banana Chips 250g,15,90,1350,TXN-183995
SAL-54515,2026-08-11,STR-003,PRD-1111,Pediasure Chocolate 400g Jar,9,620,5580,TXN-735996
SAL-54516,2026-08-11,STR-002,PRD-1202,Johnson's Baby Powder 200g,2,190,380,TXN-873566
SAL-54517,2026-08-11,STR-003,PRD-1082,Haldiram Khatta Meetha Mix 200g,1,65,65,TXN-575148
SAL-54518,2026-08-11,STR-002,PRD-1187,All Out Mosquito Repellent Refill 45ml (2-Pack),3,145,435,TXN-285796
SAL-54519,2026-08-11,STR-001,PRD-1080,Murukku Traditional 250g,5,80,400,TXN-647155
SAL-54520,2026-08-11,STR-003,PRD-1117,MTR Rava Idli Mix 500g,2,110,220,TXN-710756
SAL-54521,2026-08-11,STR-003,PRD-1130,Nutella Hazelnut Spread 350g Jar,28,380,10640,TXN-773262
SAL-54522,2026-08-11,STR-002,PRD-1088,Coca-Cola Original Taste 750ml,1,40,40,TXN-250625
SAL-54523,2026-08-11,STR-002,PRD-1050,Britannia 100% Whole Wheat Bread 400g,10,50,500,TXN-486254
SAL-54524,2026-08-11,STR-001,PRD-1202,Johnson's Baby Powder 200g,1,190,190,TXN-393391
SAL-54525,2026-08-11,STR-001,PRD-1007,Saffola Masala Oats 500g,1,175,175,TXN-619326
SAL-54526,2026-08-11,STR-001,PRD-1103,Narasus Pure Filter Coffee 200g,2,120,240,TXN-727924
SAL-54527,2026-08-11,STR-002,PRD-1002,Ponni Boiled Rice 10kg,2,680,1360,TXN-270196
SAL-54528,2026-08-11,STR-002,PRD-1124,MTR Gulab Jamun Mix 175g,1,95,95,TXN-570836
SAL-54529,2026-08-11,STR-001,PRD-1052,Britannia Fruit Bun 150g,5,25,125,TXN-861288
SAL-54530,2026-08-11,STR-003,PRD-1203,Johnson's Baby Hair Oil 100ml,3,120,360,TXN-531642
SAL-54531,2026-08-11,STR-003,PRD-1156,Fresh Mint Leaves 100g,3,12,36,TXN-725278
SAL-54532,2026-08-11,STR-002,PRD-1123,Top Ramen Curry Noodles 280g,2,55,110,TXN-120407
SAL-54533,2026-08-11,STR-003,PRD-1011,Seeraga Samba Rice 1kg,2,145,290,TXN-196541
SAL-54534,2026-08-11,STR-001,PRD-1198,Garbage Bags Black Medium 30 Sheets,6,90,540,TXN-615998
SAL-54535,2026-08-11,STR-003,PRD-1053,Sweet Bun 2-Pack,6,20,120,TXN-966130
SAL-54536,2026-08-11,STR-002,PRD-1146,Mosambi (Sweet Lime) 1kg,5,85,425,TXN-503149
SAL-54537,2026-08-11,STR-003,PRD-1129,Aachi Lime Pickle 300g,2,65,130,TXN-268791
SAL-54538,2026-08-11,STR-002,PRD-1096,Bisleri Water Bottle 2L,1,30,30,TXN-915519
SAL-54539,2026-08-11,STR-002,PRD-1034,Dhara Mustard Oil 1L,6,155,930,TXN-516577
SAL-54540,2026-08-11,STR-002,PRD-1198,Garbage Bags Black Medium 30 Sheets,7,90,630,TXN-807403
SAL-54541,2026-08-11,STR-001,PRD-1138,Knorr Dark Soy Sauce 200ml,3,70,210,TXN-170420
SAL-54542,2026-08-11,STR-002,PRD-1206,Sebamed Baby Protective Facial Cream 50ml,7,780,5460,TXN-308078
SAL-54543,2026-08-11,STR-003,PRD-1136,Ching's Secret Dark Soy Sauce 210g,1,65,65,TXN-343388
SAL-54544,2026-08-11,STR-003,PRD-1146,Mosambi (Sweet Lime) 1kg,2,85,170,TXN-239110
SAL-54545,2026-08-11,STR-002,PRD-1006,Quaker Oats 1kg,3,195,585,TXN-279567
SAL-54546,2026-08-11,STR-003,PRD-1173,Himalaya Purifying Neem Face Wash 100ml,4,140,560,TXN-520806
SAL-54547,2026-08-11,STR-003,PRD-1153,Ladies Finger (Bhindi) 500g,2,30,60,TXN-671144
SAL-54548,2026-08-11,STR-001,PRD-1036,Deepam Lamp Oil 1L,7,110,770,TXN-586806
SAL-54549,2026-08-11,STR-002,PRD-1053,Sweet Bun 2-Pack,2,20,40,TXN-990813
SAL-54550,2026-08-11,STR-001,PRD-1069,Parle Krackjack Sweet & Salty 200g,6,30,180,TXN-272252
SAL-54551,2026-08-11,STR-002,PRD-1190,Duracell Chota Power AA Batteries (4-Pack),14,160,2240,TXN-182412
SAL-54552,2026-08-11,STR-002,PRD-1113,Ensure Diabetes Care Vanilla 400g,4,690,2760,TXN-100487
SAL-54553,2026-08-11,STR-001,PRD-1206,Sebamed Baby Protective Facial Cream 50ml,5,780,3900,TXN-329502
SAL-54554,2026-08-11,STR-003,PRD-1121,MTR Ready to Eat Paneer Butter Masala 300g,5,140,700,TXN-349532
SAL-54555,2026-08-11,STR-002,PRD-1044,Amul Taaza Homogenised Milk 1L Pack,9,72,648,TXN-802160
SAL-54556,2026-08-11,STR-001,PRD-1091,7Up Nimbooz 350ml,4,25,100,TXN-590448
SAL-54557,2026-08-11,STR-003,PRD-1069,Parle Krackjack Sweet & Salty 200g,4,30,120,TXN-701290
SAL-54558,2026-08-11,STR-003,PRD-1096,Bisleri Water Bottle 2L,1,30,30,TXN-494244
SAL-54559,2026-08-11,STR-001,PRD-1144,Pomegranate Kabuli 1kg,5,210,1050,TXN-328855
SAL-54560,2026-08-11,STR-001,PRD-1195,Cycle Pure Agarbatti Three in One 250g,14,95,1330,TXN-800318
SAL-54561,2026-08-11,STR-002,PRD-1054,Garlic Butter Toast 150g,5,40,200,TXN-422015
SAL-54562,2026-08-11,STR-002,PRD-1087,Real Fruit Power Guava Juice 1L,1,130,130,TXN-151573
SAL-54563,2026-08-11,STR-002,PRD-1112,Women's Horlicks Caramel 400g,1,310,310,TXN-276888
SAL-54564,2026-08-11,STR-002,PRD-1098,Tata Tea Gold 500g,3,290,870,TXN-514804
SAL-54565,2026-08-11,STR-002,PRD-1015,Chana Dal 1kg,11,115,1265,TXN-145090
SAL-54566,2026-08-11,STR-001,PRD-1060,Britannia Bourbon Chocolate Biscuit 150g,27,35,945,TXN-199107
SAL-54567,2026-08-11,STR-002,PRD-1172,Dabur Red Toothpowder 100g,4,45,180,TXN-398593
SAL-54568,2026-08-12,STR-001,PRD-1020,Fried Gram (Pottukadalai) 500g,20,75,1500,TXN-443818
SAL-54569,2026-08-12,STR-001,PRD-1086,Tropicana 100% Orange Juice 1L,3,145,435,TXN-190375
SAL-54570,2026-08-12,STR-001,PRD-1163,Clinic Plus Strong & Long Shampoo 175ml,4,110,440,TXN-811717
SAL-54571,2026-08-12,STR-002,PRD-1074,Lays Magic Masala Potato Chips 50g,5,20,100,TXN-483821
SAL-54572,2026-08-12,STR-003,PRD-1090,Bovonto Grape Soft Drink 1.5L,10,65,650,TXN-451326
SAL-54573,2026-08-12,STR-003,PRD-1037,Aavin Toned Milk 500ml Pouch,5,24,120,TXN-569009
SAL-54574,2026-08-12,STR-003,PRD-1143,Ripe Papaya 1kg,9,50,450,TXN-820106
SAL-54575,2026-08-12,STR-002,PRD-1169,Parachute Advansed Jasmine Hair Oil 200ml,2,105,210,TXN-697092
SAL-54576,2026-08-12,STR-003,PRD-1192,Freshwrap Aluminum Foil 18m Roll,1,175,175,TXN-176401
SAL-54577,2026-08-12,STR-003,PRD-1039,Hatsun Fresh Curd 500g Pouch,5,35,175,TXN-907498
SAL-54578,2026-08-12,STR-001,PRD-1052,Britannia Fruit Bun 150g,5,25,125,TXN-176287
SAL-54579,2026-08-12,STR-001,PRD-1167,Dove Cream Beauty Bathing Bar 125g,7,75,525,TXN-245483
SAL-54580,2026-08-12,STR-001,PRD-1180,Rin Detergent Bar 250g (4-Pack),15,60,900,TXN-517260
SAL-54581,2026-08-12,STR-001,PRD-1185,Scotch-Brite Scrub Pad Large (3-Pack),22,45,990,TXN-891636
SAL-54582,2026-08-12,STR-001,PRD-1062,Britannia Marie Gold 300g,4,40,160,TXN-141350
SAL-54583,2026-08-12,STR-001,PRD-1068,Parle Monaco Salted Biscuit 200g,6,30,180,TXN-660211
SAL-54584,2026-08-12,STR-001,PRD-1006,Quaker Oats 1kg,4,195,780,TXN-738542
SAL-54585,2026-08-12,STR-001,PRD-1059,Parle-G Glucose Biscuit 250g,5,30,150,TXN-921401
SAL-54586,2026-08-12,STR-001,PRD-1034,Dhara Mustard Oil 1L,12,155,1860,TXN-116951
SAL-54587,2026-08-12,STR-002,PRD-1177,Harpic Power Plus Toilet Cleaner 500ml,15,95,1425,TXN-233037
SAL-54588,2026-08-12,STR-002,PRD-1193,Matchbox Homelites Safety Matches (10-Box),6,30,180,TXN-139623
SAL-54589,2026-08-12,STR-002,PRD-1070,Hide & Seek Chocolate Chip Biscuits 120g,24,40,960,TXN-825397
SAL-54590,2026-08-12,STR-003,PRD-1094,Red Bull Energy Drink 250ml,4,125,500,TXN-794486
SAL-54591,2026-08-12,STR-001,PRD-1187,All Out Mosquito Repellent Refill 45ml (2-Pack),3,145,435,TXN-554191
SAL-54592,2026-08-12,STR-002,PRD-1151,Hybrid Tomato 1kg,4,40,160,TXN-727282
SAL-54593,2026-08-12,STR-002,PRD-1062,Britannia Marie Gold 300g,6,40,240,TXN-362952
SAL-54594,2026-08-12,STR-002,PRD-1206,Sebamed Baby Protective Facial Cream 50ml,5,780,3900,TXN-406045
SAL-54595,2026-08-12,STR-001,PRD-1123,Top Ramen Curry Noodles 280g,5,55,275,TXN-987237
SAL-54596,2026-08-12,STR-001,PRD-1158,Ginger 250g,3,40,120,TXN-637086
SAL-54597,2026-08-12,STR-003,PRD-1084,Pringles Sour Cream & Onion 107g,2,115,230,TXN-169224
SAL-54598,2026-08-12,STR-003,PRD-1153,Ladies Finger (Bhindi) 500g,5,30,150,TXN-397340
SAL-54599,2026-08-12,STR-001,PRD-1084,Pringles Sour Cream & Onion 107g,2,115,230,TXN-756477
SAL-54600,2026-08-12,STR-002,PRD-1194,Mangaldeep Sandal Agarbatti 100g,2,50,100,TXN-580127
SAL-54601,2026-08-12,STR-001,PRD-1088,Coca-Cola Original Taste 750ml,1,40,40,TXN-887663
SAL-54602,2026-08-12,STR-001,PRD-1042,Amul Cheese Slices 200g,3,140,420,TXN-829054
SAL-54603,2026-08-12,STR-003,PRD-1185,Scotch-Brite Scrub Pad Large (3-Pack),23,45,1035,TXN-196118
SAL-54604,2026-08-12,STR-002,PRD-1064,Britannia Good Day Cashew 200g,1,50,50,TXN-287739
SAL-54605,2026-08-12,STR-003,PRD-1195,Cycle Pure Agarbatti Three in One 250g,10,95,950,TXN-670392
SAL-54606,2026-08-12,STR-002,PRD-1115,Maggi 2-Minute Masala Noodles 280g (4-Pack),10,56,560,TXN-509464
SAL-54607,2026-08-12,STR-002,PRD-1147,Watermelon Kiran 1 Unit (~3kg),4,90,360,TXN-665465
SAL-54608,2026-08-12,STR-002,PRD-1011,Seeraga Samba Rice 1kg,2,145,290,TXN-788627
SAL-54609,2026-08-12,STR-002,PRD-1122,Maggi Cuppa Masala Noodles 70g,9,50,450,TXN-745485
SAL-54610,2026-08-12,STR-001,PRD-1083,Doritos Nacho Cheese Chips 60g,3,30,90,TXN-498928
SAL-54611,2026-08-12,STR-001,PRD-1162,Dettol Original Soap 75g (3-Pack),6,105,630,TXN-743851
SAL-54612,2026-08-12,STR-002,PRD-1009,Raw Rice 5kg,2,320,640,TXN-758315
SAL-54613,2026-08-12,STR-003,PRD-1177,Harpic Power Plus Toilet Cleaner 500ml,12,95,1140,TXN-583819
SAL-54614,2026-08-12,STR-002,PRD-1154,Green Capsicum 500g,2,45,90,TXN-257199
SAL-54615,2026-08-12,STR-002,PRD-1145,Green Guava 1kg,24,70,1680,TXN-702504
SAL-54616,2026-08-12,STR-002,PRD-1043,Milky Mist Paneer 200g,7,115,805,TXN-630375
SAL-54617,2026-08-12,STR-003,PRD-1163,Clinic Plus Strong & Long Shampoo 175ml,4,110,440,TXN-986582
SAL-54618,2026-08-12,STR-002,PRD-1172,Dabur Red Toothpowder 100g,2,45,90,TXN-974604
SAL-54619,2026-08-12,STR-001,PRD-1023,Horse Gram (Kollu) 500g,5,60,300,TXN-641187
SAL-54620,2026-08-12,STR-001,PRD-1179,Colin Glass Cleaner Spray 500ml,5,105,525,TXN-617899
SAL-54621,2026-08-12,STR-002,PRD-1085,Paper Boat Mango Juice 250ml,29,35,1015,TXN-140034
SAL-54622,2026-08-12,STR-001,PRD-1146,Mosambi (Sweet Lime) 1kg,4,85,340,TXN-657989
SAL-54623,2026-08-12,STR-003,PRD-1186,Pitambari Shining Powder 200g,4,40,160,TXN-649859
SAL-54624,2026-08-12,STR-003,PRD-1053,Sweet Bun 2-Pack,2,20,40,TXN-774810
SAL-54625,2026-08-12,STR-002,PRD-1006,Quaker Oats 1kg,2,195,390,TXN-755569
SAL-54626,2026-08-12,STR-001,PRD-1002,Ponni Boiled Rice 10kg,5,680,3400,TXN-131350
SAL-54627,2026-08-12,STR-001,PRD-1136,Ching's Secret Dark Soy Sauce 210g,1,65,65,TXN-477861
SAL-54628,2026-08-12,STR-003,PRD-1194,Mangaldeep Sandal Agarbatti 100g,4,50,200,TXN-509106
SAL-54629,2026-08-12,STR-003,PRD-1052,Britannia Fruit Bun 150g,5,25,125,TXN-749633
SAL-54630,2026-08-12,STR-002,PRD-1031,Sundrop SuperLite Oil 1L,2,165,330,TXN-578816
SAL-54631,2026-08-12,STR-003,PRD-1065,Britannia Good Day Butter 200g,14,45,630,TXN-132122
SAL-54632,2026-08-12,STR-002,PRD-1081,Ribbon Pakoda 200g,6,75,450,TXN-276076
SAL-54633,2026-08-13,STR-002,PRD-1101,BRU Instant Coffee 100g Glass Jar,4,185,740,TXN-178129
SAL-54634,2026-08-13,STR-001,PRD-1195,Cycle Pure Agarbatti Three in One 250g,22,95,2090,TXN-218695
SAL-54635,2026-08-13,STR-001,PRD-1064,Britannia Good Day Cashew 200g,1,50,50,TXN-728098
SAL-54636,2026-08-13,STR-003,PRD-1123,Top Ramen Curry Noodles 280g,2,55,110,TXN-149167
SAL-54637,2026-08-13,STR-002,PRD-1135,Baking Soda 100g,11,25,275,TXN-973489
SAL-54638,2026-08-13,STR-001,PRD-1097,3 Roses Dust Tea 250g,3,160,480,TXN-710247
SAL-54639,2026-08-13,STR-001,PRD-1091,7Up Nimbooz 350ml,4,25,100,TXN-931994
SAL-54640,2026-08-13,STR-003,PRD-1188,Good Knight Gold Flash Machine + Refill,7,130,910,TXN-422521
SAL-54641,2026-08-13,STR-001,PRD-1142,Seedless Black Grapes 500g,3,80,240,TXN-407914
SAL-54642,2026-08-13,STR-001,PRD-1166,Pears Soft & Fresh Soap 125g,11,65,715,TXN-442640
SAL-54643,2026-08-13,STR-002,PRD-1142,Seedless Black Grapes 500g,4,80,320,TXN-312123
SAL-54644,2026-08-13,STR-001,PRD-1071,Britannia Milk Bikis 200g,3,35,105,TXN-864341
SAL-54645,2026-08-13,STR-002,PRD-1051,Modern Whole Wheat Bread 400g,2,48,96,TXN-749466
SAL-54646,2026-08-13,STR-002,PRD-1127,Kissan Fresh Tomato Ketchup 950g,4,135,540,TXN-957251
SAL-54647,2026-08-13,STR-002,PRD-1106,Continental Xtra Instant Coffee 200g,5,240,1200,TXN-863197
SAL-54648,2026-08-13,STR-003,PRD-1067,Britannia NutriChoice Digestive 250g,17,65,1105,TXN-650004
SAL-54649,2026-08-13,STR-002,PRD-1089,Sprite Lemon-Lime 750ml,7,40,280,TXN-937606
SAL-54650,2026-08-13,STR-003,PRD-1048,Amul Fresh Condensed Milk 400g,1,130,130,TXN-992924
SAL-54651,2026-08-13,STR-001,PRD-1192,Freshwrap Aluminum Foil 18m Roll,1,175,175,TXN-116836
SAL-54652,2026-08-13,STR-002,PRD-1207,Pigeon Baby Feeding Bottle 250ml,4,220,880,TXN-378663
SAL-54653,2026-08-13,STR-002,PRD-1097,3 Roses Dust Tea 250g,7,160,1120,TXN-256957
SAL-54654,2026-08-13,STR-001,PRD-1141,Nagpur Oranges 1kg,5,90,450,TXN-774561
SAL-54655,2026-08-13,STR-003,PRD-1080,Murukku Traditional 250g,9,80,720,TXN-397249
SAL-54656,2026-08-13,STR-003,PRD-1070,Hide & Seek Chocolate Chip Biscuits 120g,27,40,1080,TXN-930948
SAL-54657,2026-08-13,STR-002,PRD-1206,Sebamed Baby Protective Facial Cream 50ml,3,780,2340,TXN-501533
SAL-54658,2026-08-13,STR-001,PRD-1038,Aavin Full Cream Milk 500ml,5,30,150,TXN-227940
SAL-54659,2026-08-13,STR-001,PRD-1123,Top Ramen Curry Noodles 280g,6,55,330,TXN-649161
SAL-54660,2026-08-13,STR-001,PRD-1146,Mosambi (Sweet Lime) 1kg,3,85,255,TXN-163063
SAL-54661,2026-08-13,STR-001,PRD-1060,Britannia Bourbon Chocolate Biscuit 150g,20,35,700,TXN-975468
SAL-54662,2026-08-13,STR-002,PRD-1094,Red Bull Energy Drink 250ml,1,125,125,TXN-601233
SAL-54663,2026-08-13,STR-002,PRD-1029,Hatsun Pure Cow Ghee 500ml,1,330,330,TXN-478521
SAL-54664,2026-08-13,STR-001,PRD-1068,Parle Monaco Salted Biscuit 200g,6,30,180,TXN-998056
SAL-54665,2026-08-13,STR-001,PRD-1122,Maggi Cuppa Masala Noodles 70g,14,50,700,TXN-521730
SAL-54666,2026-08-13,STR-001,PRD-1174,Vaseline Total Moisture Body Lotion 200ml,3,215,645,TXN-243497
SAL-54667,2026-08-13,STR-001,PRD-1065,Britannia Good Day Butter 200g,17,45,765,TXN-684483
SAL-54668,2026-08-13,STR-001,PRD-1124,MTR Gulab Jamun Mix 175g,6,95,570,TXN-948708
SAL-54669,2026-08-13,STR-002,PRD-1140,Robusta Bananas 1kg,18,45,810,TXN-536294
SAL-54670,2026-08-13,STR-001,PRD-1061,Sunfeast Dark Fantasy Choco Fills 300g,2,150,300,TXN-440215
SAL-54671,2026-08-13,STR-002,PRD-1062,Britannia Marie Gold 300g,7,40,280,TXN-711914
SAL-54672,2026-08-13,STR-003,PRD-1145,Green Guava 1kg,18,70,1260,TXN-930782
SAL-54673,2026-08-13,STR-002,PRD-1080,Murukku Traditional 250g,7,80,560,TXN-665093
SAL-54674,2026-08-13,STR-001,PRD-1191,Eveready Red AA Batteries (4-Pack),4,60,240,TXN-413157
SAL-54675,2026-08-13,STR-002,PRD-1133,Hershey's Chocolate Syrup 623g,12,230,2760,TXN-244933
SAL-54676,2026-08-13,STR-003,PRD-1037,Aavin Toned Milk 500ml Pouch,5,24,120,TXN-454303
SAL-54677,2026-08-13,STR-001,PRD-1081,Ribbon Pakoda 200g,4,75,300,TXN-876787
SAL-54678,2026-08-13,STR-003,PRD-1181,Comfort After Wash Fabric Conditioner 860ml,4,235,940,TXN-393196
SAL-54679,2026-08-13,STR-001,PRD-1039,Hatsun Fresh Curd 500g Pouch,5,35,175,TXN-456029
SAL-54680,2026-08-13,STR-003,PRD-1201,Himalaya Gentle Baby Soap 75g (3-Pack),4,135,540,TXN-542461
SAL-54681,2026-08-13,STR-001,PRD-1132,Sundrop Peanut Butter Crunchy 500g,7,195,1365,TXN-935298
SAL-54682,2026-08-13,STR-002,PRD-1010,Idli Rice 5kg,23,290,6670,TXN-925866
SAL-54683,2026-08-13,STR-002,PRD-1176,Surf Excel Quick Wash Detergent Powder 1kg,1,210,210,TXN-743456
SAL-54684,2026-08-13,STR-001,PRD-1187,All Out Mosquito Repellent Refill 45ml (2-Pack),2,145,290,TXN-626417
SAL-54685,2026-08-13,STR-002,PRD-1095,Kinley Packaged Drinking Water 1L,9,20,180,TXN-744226
SAL-54686,2026-08-13,STR-002,PRD-1139,Fresh Shimla Apples 1kg,7,180,1260,TXN-187008
SAL-54687,2026-08-13,STR-002,PRD-1201,Himalaya Gentle Baby Soap 75g (3-Pack),3,135,405,TXN-548903
SAL-54688,2026-08-13,STR-002,PRD-1117,MTR Rava Idli Mix 500g,6,110,660,TXN-126629
SAL-54689,2026-08-13,STR-003,PRD-1006,Quaker Oats 1kg,2,195,390,TXN-992351
SAL-54690,2026-08-13,STR-001,PRD-1116,Sunfeast Yippee Magic Masala Noodles 240g,3,48,144,TXN-141316
SAL-54691,2026-08-13,STR-003,PRD-1175,Vim Dishwash Gel Lemon 500ml,10,115,1150,TXN-940561
SAL-54692,2026-08-13,STR-001,PRD-1104,Cothas Coffee Chicory Blend 500g,1,220,220,TXN-770213
SAL-54693,2026-08-13,STR-003,PRD-1094,Red Bull Energy Drink 250ml,2,125,250,TXN-778785
SAL-54694,2026-08-13,STR-002,PRD-1081,Ribbon Pakoda 200g,8,75,600,TXN-176281
SAL-54695,2026-08-13,STR-003,PRD-1003,Sona Masoori Rice 5kg,8,380,3040,TXN-237497
SAL-54696,2026-08-13,STR-002,PRD-1070,Hide & Seek Chocolate Chip Biscuits 120g,18,40,720,TXN-965932
SAL-54697,2026-08-13,STR-003,PRD-1110,Complan Chocolate Health Drink 500g,24,260,6240,TXN-967252
SAL-54698,2026-08-13,STR-001,PRD-1044,Amul Taaza Homogenised Milk 1L Pack,3,72,216,TXN-441813
SAL-54699,2026-08-13,STR-003,PRD-1184,Ariel Matic Front Load Detergent 1kg,1,280,280,TXN-172606
SAL-54700,2026-08-14,STR-003,PRD-1075,Lays Classic Salted Potato Chips 50g,23,20,460,TXN-797467
SAL-54701,2026-08-14,STR-001,PRD-1003,Sona Masoori Rice 5kg,3,380,1140,TXN-925148
SAL-54702,2026-08-14,STR-001,PRD-1117,MTR Rava Idli Mix 500g,3,110,330,TXN-467093
SAL-54703,2026-08-14,STR-001,PRD-1123,Top Ramen Curry Noodles 280g,5,55,275,TXN-436434
SAL-54704,2026-08-14,STR-002,PRD-1173,Himalaya Purifying Neem Face Wash 100ml,2,140,280,TXN-480829
SAL-54705,2026-08-14,STR-001,PRD-1013,Tata Sampann Toor Dal 1kg,6,165,990,TXN-378533
SAL-54706,2026-08-14,STR-001,PRD-1188,Good Knight Gold Flash Machine + Refill,8,130,1040,TXN-497315
SAL-54707,2026-08-14,STR-001,PRD-1074,Lays Magic Masala Potato Chips 50g,3,20,60,TXN-698966
SAL-54708,2026-08-14,STR-002,PRD-1153,Ladies Finger (Bhindi) 500g,6,30,180,TXN-441242
SAL-54709,2026-08-14,STR-001,PRD-1200,Nestle Cerelac Wheat Apple 300g,1,295,295,TXN-194617
SAL-54710,2026-08-14,STR-001,PRD-1037,Aavin Toned Milk 500ml Pouch,5,24,120,TXN-575606
SAL-54711,2026-08-14,STR-003,PRD-1102,Nescafe Classic Instant Coffee 50g,3,160,480,TXN-789625
SAL-54712,2026-08-14,STR-003,PRD-1109,Bournvita Chocolate Health Drink 500g,3,240,720,TXN-864995
SAL-54713,2026-08-14,STR-001,PRD-1103,Narasus Pure Filter Coffee 200g,1,120,120,TXN-155675
SAL-54714,2026-08-14,STR-002,PRD-1187,All Out Mosquito Repellent Refill 45ml (2-Pack),4,145,580,TXN-290476
SAL-54715,2026-08-14,STR-001,PRD-1189,Odonil Room Air Freshener Spray Citrus 220ml,3,160,480,TXN-226804
SAL-54716,2026-08-14,STR-002,PRD-1138,Knorr Dark Soy Sauce 200ml,3,70,210,TXN-284076
SAL-54717,2026-08-14,STR-002,PRD-1139,Fresh Shimla Apples 1kg,3,180,540,TXN-820878
SAL-54718,2026-08-14,STR-001,PRD-1177,Harpic Power Plus Toilet Cleaner 500ml,6,95,570,TXN-564412
SAL-54719,2026-08-14,STR-003,PRD-1052,Britannia Fruit Bun 150g,7,25,175,TXN-863681
SAL-54720,2026-08-14,STR-001,PRD-1180,Rin Detergent Bar 250g (4-Pack),13,60,780,TXN-691905
SAL-54721,2026-08-14,STR-003,PRD-1080,Murukku Traditional 250g,8,80,640,TXN-295190
SAL-54722,2026-08-14,STR-003,PRD-1152,Ooty Carrot 500g,8,35,280,TXN-130688
SAL-54723,2026-08-14,STR-003,PRD-1161,Mysore Sandal Soap 125g,4,55,220,TXN-280925
SAL-54724,2026-08-14,STR-001,PRD-1159,Garlic 250g,3,60,180,TXN-694411
SAL-54725,2026-08-14,STR-002,PRD-1149,Fresh Red Onion 1kg,2,35,70,TXN-279508
SAL-54726,2026-08-14,STR-003,PRD-1054,Garlic Butter Toast 150g,5,40,200,TXN-868401
SAL-54727,2026-08-14,STR-002,PRD-1003,Sona Masoori Rice 5kg,2,380,760,TXN-442836
SAL-54728,2026-08-14,STR-002,PRD-1047,Milky Mist Fresh Cream 200ml,3,70,210,TXN-713602
SAL-54729,2026-08-14,STR-002,PRD-1132,Sundrop Peanut Butter Crunchy 500g,1,195,195,TXN-417926
SAL-54730,2026-08-14,STR-003,PRD-1185,Scotch-Brite Scrub Pad Large (3-Pack),14,45,630,TXN-677407
SAL-54731,2026-08-14,STR-001,PRD-1061,Sunfeast Dark Fantasy Choco Fills 300g,3,150,450,TXN-274654
SAL-54732,2026-08-14,STR-001,PRD-1133,Hershey's Chocolate Syrup 623g,8,230,1840,TXN-481359
SAL-54733,2026-08-14,STR-001,PRD-1104,Cothas Coffee Chicory Blend 500g,1,220,220,TXN-356399
SAL-54734,2026-08-14,STR-001,PRD-1076,Kurkure Masala Munch 85g,5,20,100,TXN-997265
SAL-54735,2026-08-14,STR-001,PRD-1026,Idhayam Sesame/Gingelly Oil 1L,8,320,2560,TXN-313056
SAL-54736,2026-08-14,STR-002,PRD-1189,Odonil Room Air Freshener Spray Citrus 220ml,2,160,320,TXN-423025
SAL-54737,2026-08-14,STR-002,PRD-1079,Tapioca Chips Salted 200g,1,70,70,TXN-859993
SAL-54738,2026-08-14,STR-001,PRD-1063,Oreo Vanilla Cream Biscuit 120g,6,35,210,TXN-872921
SAL-54739,2026-08-14,STR-003,PRD-1195,Cycle Pure Agarbatti Three in One 250g,17,95,1615,TXN-617054
SAL-54740,2026-08-14,STR-001,PRD-1039,Hatsun Fresh Curd 500g Pouch,4,35,140,TXN-947502
SAL-54741,2026-08-14,STR-003,PRD-1048,Amul Fresh Condensed Milk 400g,1,130,130,TXN-359140
SAL-54742,2026-08-14,STR-001,PRD-1069,Parle Krackjack Sweet & Salty 200g,6,30,180,TXN-698782
SAL-54743,2026-08-14,STR-003,PRD-1023,Horse Gram (Kollu) 500g,6,60,360,TXN-366229
SAL-54744,2026-08-14,STR-002,PRD-1046,Cavins Milkshake Strawberry 200ml,2,40,80,TXN-912574
SAL-54745,2026-08-14,STR-003,PRD-1072,Unibic Assorted Cookies 75g,1,45,45,TXN-850246
SAL-54746,2026-08-14,STR-002,PRD-1052,Britannia Fruit Bun 150g,3,25,75,TXN-289226
SAL-54747,2026-08-14,STR-003,PRD-1003,Sona Masoori Rice 5kg,7,380,2660,TXN-732928
SAL-54748,2026-08-14,STR-002,PRD-1110,Complan Chocolate Health Drink 500g,23,260,5980,TXN-710549
SAL-54749,2026-08-14,STR-001,PRD-1034,Dhara Mustard Oil 1L,11,155,1705,TXN-295868
SAL-54750,2026-08-14,STR-001,PRD-1022,Masoor Dal Red 1kg,5,110,550,TXN-561522
SAL-54751,2026-08-14,STR-002,PRD-1136,Ching's Secret Dark Soy Sauce 210g,1,65,65,TXN-158130
SAL-54752,2026-08-14,STR-001,PRD-1004,Aashirvaad Shuddha Chakki Atta 5kg,4,245,980,TXN-799107
SAL-54753,2026-08-14,STR-002,PRD-1033,V.V.D Gold Coconut Oil 500ml,5,185,925,TXN-591269
SAL-54754,2026-08-14,STR-003,PRD-1088,Coca-Cola Original Taste 750ml,1,40,40,TXN-621877
SAL-54755,2026-08-14,STR-001,PRD-1150,Fresh Potato 1kg,24,30,720,TXN-324643
SAL-54756,2026-08-14,STR-001,PRD-1095,Kinley Packaged Drinking Water 1L,18,20,360,TXN-957211
SAL-54757,2026-08-14,STR-002,PRD-1176,Surf Excel Quick Wash Detergent Powder 1kg,1,210,210,TXN-707732
SAL-54758,2026-08-14,STR-002,PRD-1058,Pav Bun 6-Pack,3,35,105,TXN-644153
SAL-54759,2026-08-14,STR-002,PRD-1199,Pampers Baby Wipes Gentle 72 Sheets,9,185,1665,TXN-256489
SAL-54760,2026-08-14,STR-001,PRD-1167,Dove Cream Beauty Bathing Bar 125g,2,75,150,TXN-808020
SAL-54761,2026-08-14,STR-003,PRD-1124,MTR Gulab Jamun Mix 175g,4,95,380,TXN-203343
SAL-54762,2026-08-14,STR-003,PRD-1009,Raw Rice 5kg,1,320,320,TXN-482003
SAL-54763,2026-08-14,STR-001,PRD-1192,Freshwrap Aluminum Foil 18m Roll,1,175,175,TXN-928989
SAL-54764,2026-08-14,STR-002,PRD-1060,Britannia Bourbon Chocolate Biscuit 150g,25,35,875,TXN-156927
SAL-54765,2026-08-14,STR-001,PRD-1170,Nivea Soft Light Moisturiser 100ml,7,195,1365,TXN-281682
SAL-54766,2026-08-14,STR-003,PRD-1145,Green Guava 1kg,9,70,630,TXN-146625
SAL-54767,2026-08-14,STR-001,PRD-1187,All Out Mosquito Repellent Refill 45ml (2-Pack),2,145,290,TXN-681131
SAL-54768,2026-08-15,STR-001,PRD-1176,Surf Excel Quick Wash Detergent Powder 1kg,1,210,210,TXN-908847
SAL-54769,2026-08-15,STR-003,PRD-1167,Dove Cream Beauty Bathing Bar 125g,2,75,150,TXN-193571
SAL-54770,2026-08-15,STR-001,PRD-1187,All Out Mosquito Repellent Refill 45ml (2-Pack),1,145,145,TXN-501166
SAL-54771,2026-08-15,STR-002,PRD-1181,Comfort After Wash Fabric Conditioner 860ml,5,235,1175,TXN-235793
SAL-54772,2026-08-15,STR-002,PRD-1182,Exo Touch & Shine Dishwash Bar 250g,8,30,240,TXN-143884
SAL-54773,2026-08-15,STR-001,PRD-1205,Himalaya Baby Lotion 200ml,9,175,1575,TXN-856726
SAL-54774,2026-08-15,STR-001,PRD-1158,Ginger 250g,1,40,40,TXN-242592
SAL-54775,2026-08-15,STR-001,PRD-1126,Eastern Chicken Masala 100g,4,42,168,TXN-793861
SAL-54776,2026-08-15,STR-002,PRD-1076,Kurkure Masala Munch 85g,5,20,100,TXN-654859
SAL-54777,2026-08-15,STR-002,PRD-1134,Weikfield Vanilla Custard Powder 100g,7,45,315,TXN-360753
SAL-54778,2026-08-15,STR-002,PRD-1185,Scotch-Brite Scrub Pad Large (3-Pack),9,45,405,TXN-753235
SAL-54779,2026-08-15,STR-001,PRD-1129,Aachi Lime Pickle 300g,2,65,130,TXN-324488
SAL-54780,2026-08-15,STR-002,PRD-1067,Britannia NutriChoice Digestive 250g,5,65,325,TXN-699663
SAL-54781,2026-08-15,STR-001,PRD-1086,Tropicana 100% Orange Juice 1L,2,145,290,TXN-498756
SAL-54782,2026-08-15,STR-003,PRD-1192,Freshwrap Aluminum Foil 18m Roll,1,175,175,TXN-662192
SAL-54783,2026-08-15,STR-002,PRD-1142,Seedless Black Grapes 500g,1,80,80,TXN-287524
SAL-54784,2026-08-15,STR-001,PRD-1023,Horse Gram (Kollu) 500g,8,60,480,TXN-797453
SAL-54785,2026-08-15,STR-002,PRD-1015,Chana Dal 1kg,18,115,2070,TXN-914375
SAL-54786,2026-08-15,STR-002,PRD-1073,Haldiram Nagpur Aloo Bhujia 200g,5,60,300,TXN-256900
SAL-54787,2026-08-15,STR-001,PRD-1007,Saffola Masala Oats 500g,3,175,525,TXN-395745
SAL-54788,2026-08-15,STR-003,PRD-1100,Chakra Gold Tea 250g,7,150,1050,TXN-194477
SAL-54789,2026-08-15,STR-002,PRD-1109,Bournvita Chocolate Health Drink 500g,2,240,480,TXN-928204
SAL-54790,2026-08-15,STR-002,PRD-1085,Paper Boat Mango Juice 250ml,21,35,735,TXN-513960
SAL-54791,2026-08-15,STR-001,PRD-1140,Robusta Bananas 1kg,18,45,810,TXN-247441
SAL-54792,2026-08-15,STR-002,PRD-1030,Amul Pure Ghee 1L Tin,28,620,17360,TXN-109166
SAL-54793,2026-08-15,STR-002,PRD-1206,Sebamed Baby Protective Facial Cream 50ml,5,780,3900,TXN-442506
SAL-54794,2026-08-15,STR-003,PRD-1206,Sebamed Baby Protective Facial Cream 50ml,8,780,6240,TXN-257420
SAL-54795,2026-08-15,STR-001,PRD-1116,Sunfeast Yippee Magic Masala Noodles 240g,6,48,288,TXN-493820
SAL-54796,2026-08-15,STR-002,PRD-1040,Milky Mist Thick Curd 1kg Bucket,1,90,90,TXN-980794
SAL-54797,2026-08-15,STR-001,PRD-1166,Pears Soft & Fresh Soap 125g,15,65,975,TXN-303060
SAL-54798,2026-08-15,STR-001,PRD-1025,Gold Winner Sunflower Oil 1L,15,145,2175,TXN-484541
SAL-54799,2026-08-15,STR-002,PRD-1125,Aachi Biryani Masala 100g,8,45,360,TXN-466975
SAL-54800,2026-08-15,STR-002,PRD-1059,Parle-G Glucose Biscuit 250g,4,30,120,TXN-980432
SAL-54801,2026-08-15,STR-003,PRD-1205,Himalaya Baby Lotion 200ml,20,175,3500,TXN-949833
SAL-54802,2026-08-15,STR-002,PRD-1034,Dhara Mustard Oil 1L,10,155,1550,TXN-786981
SAL-54803,2026-08-15,STR-002,PRD-1009,Raw Rice 5kg,2,320,640,TXN-325043
SAL-54804,2026-08-15,STR-002,PRD-1054,Garlic Butter Toast 150g,6,40,240,TXN-696503
SAL-54805,2026-08-15,STR-001,PRD-1208,Mee Mee Baby Laundry Detergent 1L,1,380,380,TXN-234430
SAL-54806,2026-08-15,STR-001,PRD-1061,Sunfeast Dark Fantasy Choco Fills 300g,6,150,900,TXN-711800
SAL-54807,2026-08-15,STR-003,PRD-1125,Aachi Biryani Masala 100g,6,45,270,TXN-117918
SAL-54808,2026-08-15,STR-003,PRD-1009,Raw Rice 5kg,2,320,640,TXN-339980
SAL-54809,2026-08-15,STR-001,PRD-1034,Dhara Mustard Oil 1L,17,155,2635,TXN-224413
SAL-54810,2026-08-15,STR-003,PRD-1109,Bournvita Chocolate Health Drink 500g,2,240,480,TXN-300022
SAL-54811,2026-08-15,STR-002,PRD-1072,Unibic Assorted Cookies 75g,1,45,45,TXN-476455
SAL-54812,2026-08-15,STR-002,PRD-1172,Dabur Red Toothpowder 100g,4,45,180,TXN-665852
SAL-54813,2026-08-15,STR-002,PRD-1100,Chakra Gold Tea 250g,9,150,1350,TXN-421855
SAL-54814,2026-08-15,STR-002,PRD-1184,Ariel Matic Front Load Detergent 1kg,1,280,280,TXN-236664
SAL-54815,2026-08-15,STR-001,PRD-1070,Hide & Seek Chocolate Chip Biscuits 120g,12,40,480,TXN-128355
SAL-54816,2026-08-15,STR-002,PRD-1021,Kabuli Chana 1kg,4,140,560,TXN-178589
SAL-54817,2026-08-15,STR-002,PRD-1071,Britannia Milk Bikis 200g,7,35,245,TXN-916338
SAL-54818,2026-08-15,STR-001,PRD-1003,Sona Masoori Rice 5kg,2,380,760,TXN-247687
SAL-54819,2026-08-15,STR-003,PRD-1207,Pigeon Baby Feeding Bottle 250ml,3,220,660,TXN-156429
SAL-54820,2026-08-15,STR-001,PRD-1150,Fresh Potato 1kg,18,30,540,TXN-479398
SAL-54821,2026-08-15,STR-002,PRD-1169,Parachute Advansed Jasmine Hair Oil 200ml,4,105,420,TXN-602593
SAL-54822,2026-08-15,STR-003,PRD-1030,Amul Pure Ghee 1L Tin,9,620,5580,TXN-618895
SAL-54823,2026-08-15,STR-001,PRD-1180,Rin Detergent Bar 250g (4-Pack),14,60,840,TXN-274432
SAL-54824,2026-08-15,STR-001,PRD-1042,Amul Cheese Slices 200g,2,140,280,TXN-164506
SAL-54825,2026-08-15,STR-001,PRD-1053,Sweet Bun 2-Pack,6,20,120,TXN-856597
SAL-54826,2026-08-15,STR-003,PRD-1143,Ripe Papaya 1kg,9,50,450,TXN-552168
SAL-54827,2026-08-15,STR-002,PRD-1018,Rajma Red Kidney Beans 500g,5,95,475,TXN-719511
SAL-54828,2026-08-15,STR-001,PRD-1055,Britannia Gobbles Marble Cake 110g,7,35,245,TXN-339286
SAL-54829,2026-08-15,STR-002,PRD-1055,Britannia Gobbles Marble Cake 110g,13,35,455,TXN-395068
SAL-54830,2026-08-15,STR-002,PRD-1042,Amul Cheese Slices 200g,4,140,560,TXN-212239
SAL-54831,2026-08-15,STR-002,PRD-1075,Lays Classic Salted Potato Chips 50g,15,20,300,TXN-373743
SAL-54832,2026-08-15,STR-002,PRD-1057,Plum Cake 250g,6,120,720,TXN-266302
SAL-54833,2026-08-15,STR-001,PRD-1043,Milky Mist Paneer 200g,3,115,345,TXN-817696
SAL-54834,2026-08-15,STR-003,PRD-1147,Watermelon Kiran 1 Unit (~3kg),4,90,360,TXN-107945
SAL-54835,2026-08-15,STR-001,PRD-1168,Sunsilk Black Shine Shampoo 180ml,1,125,125,TXN-844836
SAL-54836,2026-08-15,STR-001,PRD-1051,Modern Whole Wheat Bread 400g,4,48,192,TXN-133956
SAL-54837,2026-08-15,STR-001,PRD-1020,Fried Gram (Pottukadalai) 500g,13,75,975,TXN-230751
SAL-54838,2026-08-16,STR-001,PRD-1007,Saffola Masala Oats 500g,1,175,175,TXN-150120
SAL-54839,2026-08-16,STR-002,PRD-1146,Mosambi (Sweet Lime) 1kg,7,85,595,TXN-388932
SAL-54840,2026-08-16,STR-001,PRD-1179,Colin Glass Cleaner Spray 500ml,5,105,525,TXN-309185
SAL-54841,2026-08-16,STR-001,PRD-1203,Johnson's Baby Hair Oil 100ml,5,120,600,TXN-283480
SAL-54842,2026-08-16,STR-001,PRD-1163,Clinic Plus Strong & Long Shampoo 175ml,1,110,110,TXN-306101
SAL-54843,2026-08-16,STR-001,PRD-1133,Hershey's Chocolate Syrup 623g,5,230,1150,TXN-692583
SAL-54844,2026-08-16,STR-003,PRD-1152,Ooty Carrot 500g,5,35,175,TXN-465883
SAL-54845,2026-08-16,STR-002,PRD-1111,Pediasure Chocolate 400g Jar,8,620,4960,TXN-653776
SAL-54846,2026-08-16,STR-002,PRD-1024,Black Eyed Beans (Karamani) 500g,1,70,70,TXN-568524
SAL-54847,2026-08-16,STR-003,PRD-1133,Hershey's Chocolate Syrup 623g,13,230,2990,TXN-550347
SAL-54848,2026-08-16,STR-003,PRD-1159,Garlic 250g,4,60,240,TXN-620276
SAL-54849,2026-08-16,STR-003,PRD-1125,Aachi Biryani Masala 100g,3,45,135,TXN-226349
SAL-54850,2026-08-16,STR-001,PRD-1134,Weikfield Vanilla Custard Powder 100g,5,45,225,TXN-449975
SAL-54851,2026-08-16,STR-001,PRD-1103,Narasus Pure Filter Coffee 200g,1,120,120,TXN-803647
SAL-54852,2026-08-16,STR-002,PRD-1153,Ladies Finger (Bhindi) 500g,6,30,180,TXN-914748
SAL-54853,2026-08-16,STR-003,PRD-1062,Britannia Marie Gold 300g,3,40,120,TXN-522135
SAL-54854,2026-08-16,STR-002,PRD-1089,Sprite Lemon-Lime 750ml,8,40,320,TXN-949206
SAL-54855,2026-08-16,STR-001,PRD-1091,7Up Nimbooz 350ml,7,25,175,TXN-560824
SAL-54856,2026-08-16,STR-001,PRD-1173,Himalaya Purifying Neem Face Wash 100ml,6,140,840,TXN-979053
SAL-54857,2026-08-16,STR-001,PRD-1039,Hatsun Fresh Curd 500g Pouch,5,35,175,TXN-512744
SAL-54858,2026-08-16,STR-001,PRD-1050,Britannia 100% Whole Wheat Bread 400g,12,50,600,TXN-256147
SAL-54859,2026-08-16,STR-002,PRD-1166,Pears Soft & Fresh Soap 125g,6,65,390,TXN-713571
SAL-54860,2026-08-16,STR-003,PRD-1156,Fresh Mint Leaves 100g,1,12,12,TXN-352232
SAL-54861,2026-08-16,STR-001,PRD-1002,Ponni Boiled Rice 10kg,5,680,3400,TXN-833455
SAL-54862,2026-08-16,STR-003,PRD-1040,Milky Mist Thick Curd 1kg Bucket,1,90,90,TXN-119902
SAL-54863,2026-08-16,STR-001,PRD-1017,Urad Dal White Split 1kg,2,160,320,TXN-378925
SAL-54864,2026-08-16,STR-001,PRD-1200,Nestle Cerelac Wheat Apple 300g,1,295,295,TXN-546235
SAL-54865,2026-08-16,STR-001,PRD-1022,Masoor Dal Red 1kg,3,110,330,TXN-446377
SAL-54866,2026-08-16,STR-002,PRD-1043,Milky Mist Paneer 200g,6,115,690,TXN-126144
SAL-54867,2026-08-16,STR-002,PRD-1185,Scotch-Brite Scrub Pad Large (3-Pack),17,45,765,TXN-933726
SAL-54868,2026-08-16,STR-001,PRD-1045,Aavin Flavoured Milk Chocolate 200ml,8,30,240,TXN-568641
SAL-54869,2026-08-16,STR-002,PRD-1075,Lays Classic Salted Potato Chips 50g,11,20,220,TXN-364573
SAL-54870,2026-08-16,STR-003,PRD-1010,Idli Rice 5kg,9,290,2610,TXN-885407
SAL-54871,2026-08-16,STR-001,PRD-1149,Fresh Red Onion 1kg,2,35,70,TXN-714008
SAL-54872,2026-08-16,STR-003,PRD-1199,Pampers Baby Wipes Gentle 72 Sheets,9,185,1665,TXN-905592
SAL-54873,2026-08-16,STR-002,PRD-1083,Doritos Nacho Cheese Chips 60g,6,30,180,TXN-171245
SAL-54874,2026-08-16,STR-001,PRD-1037,Aavin Toned Milk 500ml Pouch,6,24,144,TXN-690265
SAL-54875,2026-08-16,STR-001,PRD-1162,Dettol Original Soap 75g (3-Pack),6,105,630,TXN-999594
SAL-54876,2026-08-16,STR-001,PRD-1144,Pomegranate Kabuli 1kg,10,210,2100,TXN-830268
SAL-54877,2026-08-16,STR-001,PRD-1100,Chakra Gold Tea 250g,10,150,1500,TXN-103173
SAL-54878,2026-08-16,STR-002,PRD-1033,V.V.D Gold Coconut Oil 500ml,3,185,555,TXN-800144
SAL-54879,2026-08-16,STR-001,PRD-1176,Surf Excel Quick Wash Detergent Powder 1kg,1,210,210,TXN-168974
SAL-54880,2026-08-16,STR-001,PRD-1059,Parle-G Glucose Biscuit 250g,4,30,120,TXN-280481
SAL-54881,2026-08-16,STR-001,PRD-1186,Pitambari Shining Powder 200g,2,40,80,TXN-740216
SAL-54882,2026-08-16,STR-002,PRD-1016,Urad Dal Black Whole 1kg,2,155,310,TXN-139738
SAL-54883,2026-08-16,STR-003,PRD-1005,Pillsbury Chakki Fresh Atta 5kg,20,240,4800,TXN-961627
SAL-54884,2026-08-16,STR-002,PRD-1186,Pitambari Shining Powder 200g,5,40,200,TXN-514187
SAL-54885,2026-08-16,STR-003,PRD-1035,Saffola Gold Edible Oil 1L,5,195,975,TXN-654893
SAL-54886,2026-08-16,STR-002,PRD-1132,Sundrop Peanut Butter Crunchy 500g,4,195,780,TXN-769915
SAL-54887,2026-08-16,STR-002,PRD-1161,Mysore Sandal Soap 125g,3,55,165,TXN-168281
SAL-54888,2026-08-16,STR-002,PRD-1039,Hatsun Fresh Curd 500g Pouch,2,35,70,TXN-718992
SAL-54889,2026-08-16,STR-001,PRD-1054,Garlic Butter Toast 150g,4,40,160,TXN-226120
SAL-54890,2026-08-16,STR-001,PRD-1012,Maida Flour 1kg,13,55,715,TXN-500788
SAL-54891,2026-08-16,STR-003,PRD-1039,Hatsun Fresh Curd 500g Pouch,5,35,175,TXN-886334
SAL-54892,2026-08-16,STR-003,PRD-1123,Top Ramen Curry Noodles 280g,2,55,110,TXN-530846
SAL-54893,2026-08-16,STR-001,PRD-1023,Horse Gram (Kollu) 500g,12,60,720,TXN-204413
SAL-54894,2026-08-16,STR-001,PRD-1167,Dove Cream Beauty Bathing Bar 125g,3,75,225,TXN-608512
SAL-54895,2026-08-16,STR-002,PRD-1031,Sundrop SuperLite Oil 1L,2,165,330,TXN-151489
SAL-54896,2026-08-16,STR-001,PRD-1071,Britannia Milk Bikis 200g,6,35,210,TXN-698755
SAL-54897,2026-08-16,STR-002,PRD-1147,Watermelon Kiran 1 Unit (~3kg),2,90,180,TXN-437976
SAL-54898,2026-08-16,STR-002,PRD-1163,Clinic Plus Strong & Long Shampoo 175ml,4,110,440,TXN-321181
SAL-54899,2026-08-16,STR-003,PRD-1037,Aavin Toned Milk 500ml Pouch,6,24,144,TXN-640423
SAL-54900,2026-08-16,STR-002,PRD-1020,Fried Gram (Pottukadalai) 500g,25,75,1875,TXN-724029
SAL-54901,2026-08-16,STR-003,PRD-1166,Pears Soft & Fresh Soap 125g,9,65,585,TXN-696076
SAL-54902,2026-08-16,STR-001,PRD-1083,Doritos Nacho Cheese Chips 60g,5,30,150,TXN-740204
SAL-54903,2026-08-16,STR-001,PRD-1120,Knorr Thick Tomato Soup 53g,1,40,40,TXN-115372
SAL-54904,2026-08-17,STR-001,PRD-1025,Gold Winner Sunflower Oil 1L,7,145,1015,TXN-724616
SAL-54905,2026-08-17,STR-003,PRD-1095,Kinley Packaged Drinking Water 1L,11,20,220,TXN-901751
SAL-54906,2026-08-17,STR-002,PRD-1060,Britannia Bourbon Chocolate Biscuit 150g,23,35,805,TXN-188114
SAL-54907,2026-08-17,STR-002,PRD-1155,Coriander Leaves 100g Bundle,16,15,240,TXN-635715
SAL-54908,2026-08-17,STR-001,PRD-1051,Modern Whole Wheat Bread 400g,5,48,240,TXN-807097
SAL-54909,2026-08-17,STR-002,PRD-1010,Idli Rice 5kg,23,290,6670,TXN-383551
SAL-54910,2026-08-17,STR-003,PRD-1077,Bingo Mad Angles Cream & Onion 70g,3,20,60,TXN-729042
SAL-54911,2026-08-17,STR-002,PRD-1168,Sunsilk Black Shine Shampoo 180ml,1,125,125,TXN-686876
SAL-54912,2026-08-17,STR-002,PRD-1019,Green Gram Whole 1kg,5,130,650,TXN-257744
SAL-54913,2026-08-17,STR-003,PRD-1185,Scotch-Brite Scrub Pad Large (3-Pack),19,45,855,TXN-888693
SAL-54914,2026-08-17,STR-001,PRD-1166,Pears Soft & Fresh Soap 125g,10,65,650,TXN-802835
SAL-54915,2026-08-17,STR-003,PRD-1194,Mangaldeep Sandal Agarbatti 100g,4,50,200,TXN-600313
SAL-54916,2026-08-17,STR-002,PRD-1062,Britannia Marie Gold 300g,6,40,240,TXN-152455
SAL-54917,2026-08-17,STR-001,PRD-1039,Hatsun Fresh Curd 500g Pouch,4,35,140,TXN-717445
SAL-54918,2026-08-17,STR-001,PRD-1033,V.V.D Gold Coconut Oil 500ml,4,185,740,TXN-848035
SAL-54919,2026-08-17,STR-001,PRD-1148,Kiwi Fruit 3-Pack,1,120,120,TXN-928868
SAL-54920,2026-08-17,STR-003,PRD-1020,Fried Gram (Pottukadalai) 500g,7,75,525,TXN-709196
SAL-54921,2026-08-17,STR-001,PRD-1058,Pav Bun 6-Pack,4,35,140,TXN-471835
SAL-54922,2026-08-17,STR-001,PRD-1011,Seeraga Samba Rice 1kg,3,145,435,TXN-618369
SAL-54923,2026-08-17,STR-001,PRD-1094,Red Bull Energy Drink 250ml,6,125,750,TXN-773528
SAL-54924,2026-08-17,STR-001,PRD-1035,Saffola Gold Edible Oil 1L,3,195,585,TXN-611187
SAL-54925,2026-08-17,STR-001,PRD-1031,Sundrop SuperLite Oil 1L,6,165,990,TXN-685302
SAL-54926,2026-08-17,STR-001,PRD-1085,Paper Boat Mango Juice 250ml,11,35,385,TXN-857979
SAL-54927,2026-08-17,STR-002,PRD-1133,Hershey's Chocolate Syrup 623g,8,230,1840,TXN-212206
SAL-54928,2026-08-17,STR-001,PRD-1206,Sebamed Baby Protective Facial Cream 50ml,7,780,5460,TXN-582596
SAL-54929,2026-08-17,STR-001,PRD-1185,Scotch-Brite Scrub Pad Large (3-Pack),16,45,720,TXN-943906
SAL-54930,2026-08-17,STR-003,PRD-1181,Comfort After Wash Fabric Conditioner 860ml,3,235,705,TXN-772322
SAL-54931,2026-08-17,STR-003,PRD-1161,Mysore Sandal Soap 125g,5,55,275,TXN-407075
SAL-54932,2026-08-17,STR-003,PRD-1053,Sweet Bun 2-Pack,5,20,100,TXN-734122
SAL-54933,2026-08-17,STR-001,PRD-1041,Amul Pasteurised Butter 100g,2,58,116,TXN-836111
SAL-54934,2026-08-17,STR-002,PRD-1160,Curry Leaves 50g Bundle,2,10,20,TXN-975651
SAL-54935,2026-08-17,STR-001,PRD-1009,Raw Rice 5kg,4,320,1280,TXN-502370
SAL-54936,2026-08-17,STR-003,PRD-1193,Matchbox Homelites Safety Matches (10-Box),4,30,120,TXN-855346
SAL-54937,2026-08-17,STR-002,PRD-1181,Comfort After Wash Fabric Conditioner 860ml,4,235,940,TXN-741522
SAL-54938,2026-08-17,STR-003,PRD-1104,Cothas Coffee Chicory Blend 500g,1,220,220,TXN-378548
SAL-54939,2026-08-17,STR-001,PRD-1012,Maida Flour 1kg,5,55,275,TXN-112179
SAL-54940,2026-08-17,STR-002,PRD-1026,Idhayam Sesame/Gingelly Oil 1L,3,320,960,TXN-454437
SAL-54941,2026-08-17,STR-003,PRD-1196,Camphor Tablets 50g Box,1,45,45,TXN-472843
SAL-54942,2026-08-17,STR-001,PRD-1144,Pomegranate Kabuli 1kg,9,210,1890,TXN-354969
SAL-54943,2026-08-17,STR-002,PRD-1094,Red Bull Energy Drink 250ml,3,125,375,TXN-526383
SAL-54944,2026-08-17,STR-001,PRD-1110,Complan Chocolate Health Drink 500g,11,260,2860,TXN-673268
SAL-54945,2026-08-17,STR-003,PRD-1192,Freshwrap Aluminum Foil 18m Roll,1,175,175,TXN-626943
SAL-54946,2026-08-17,STR-002,PRD-1050,Britannia 100% Whole Wheat Bread 400g,28,50,1400,TXN-927687
SAL-54947,2026-08-17,STR-003,PRD-1058,Pav Bun 6-Pack,5,35,175,TXN-378835
SAL-54948,2026-08-17,STR-002,PRD-1044,Amul Taaza Homogenised Milk 1L Pack,7,72,504,TXN-658580
SAL-54949,2026-08-17,STR-001,PRD-1163,Clinic Plus Strong & Long Shampoo 175ml,3,110,330,TXN-339025
SAL-54950,2026-08-17,STR-003,PRD-1128,Mother's Recipe Mango Pickle 300g,1,85,85,TXN-557082
SAL-54951,2026-08-17,STR-001,PRD-1188,Good Knight Gold Flash Machine + Refill,5,130,650,TXN-371090
SAL-54952,2026-08-17,STR-002,PRD-1084,Pringles Sour Cream & Onion 107g,4,115,460,TXN-258690
SAL-54953,2026-08-17,STR-003,PRD-1205,Himalaya Baby Lotion 200ml,24,175,4200,TXN-889467
SAL-54954,2026-08-17,STR-003,PRD-1158,Ginger 250g,2,40,80,TXN-731182
SAL-54955,2026-08-17,STR-003,PRD-1182,Exo Touch & Shine Dishwash Bar 250g,3,30,90,TXN-545555
SAL-54956,2026-08-17,STR-001,PRD-1135,Baking Soda 100g,6,25,150,TXN-973485
SAL-54957,2026-08-17,STR-001,PRD-1158,Ginger 250g,1,40,40,TXN-414467
SAL-54958,2026-08-17,STR-001,PRD-1005,Pillsbury Chakki Fresh Atta 5kg,8,240,1920,TXN-969999
SAL-54959,2026-08-17,STR-002,PRD-1194,Mangaldeep Sandal Agarbatti 100g,1,50,50,TXN-893445
SAL-54960,2026-08-17,STR-003,PRD-1062,Britannia Marie Gold 300g,7,40,280,TXN-360345
SAL-54961,2026-08-17,STR-002,PRD-1023,Horse Gram (Kollu) 500g,8,60,480,TXN-892189
SAL-54962,2026-08-17,STR-003,PRD-1017,Urad Dal White Split 1kg,8,160,1280,TXN-771190
SAL-54963,2026-08-17,STR-001,PRD-1151,Hybrid Tomato 1kg,3,40,120,TXN-960617
SAL-54964,2026-08-17,STR-001,PRD-1171,Gillette Guard Razor 1-Pack,8,25,200,TXN-849453
SAL-54965,2026-08-17,STR-003,PRD-1115,Maggi 2-Minute Masala Noodles 280g (4-Pack),17,56,952,TXN-343950
SAL-54966,2026-08-17,STR-003,PRD-1170,Nivea Soft Light Moisturiser 100ml,5,195,975,TXN-854675
SAL-54967,2026-08-17,STR-002,PRD-1034,Dhara Mustard Oil 1L,7,155,1085,TXN-100445
SAL-54968,2026-08-17,STR-003,PRD-1065,Britannia Good Day Butter 200g,11,45,495,TXN-360702
SAL-54969,2026-08-17,STR-003,PRD-1068,Parle Monaco Salted Biscuit 200g,1,30,30,TXN-366875
SAL-54970,2026-08-17,STR-002,PRD-1137,Del Monte Whole Corn Canned 415g,2,95,190,TXN-635868
SAL-54971,2026-08-17,STR-003,PRD-1202,Johnson's Baby Powder 200g,2,190,380,TXN-448599
SAL-54972,2026-08-18,STR-001,PRD-1009,Raw Rice 5kg,5,320,1600,TXN-500021
SAL-54973,2026-08-18,STR-002,PRD-1060,Britannia Bourbon Chocolate Biscuit 150g,28,35,980,TXN-146649
SAL-54974,2026-08-18,STR-001,PRD-1130,Nutella Hazelnut Spread 350g Jar,14,380,5320,TXN-173802
SAL-54975,2026-08-18,STR-001,PRD-1101,BRU Instant Coffee 100g Glass Jar,4,185,740,TXN-543004
SAL-54976,2026-08-18,STR-002,PRD-1109,Bournvita Chocolate Health Drink 500g,3,240,720,TXN-164872
SAL-54977,2026-08-18,STR-003,PRD-1178,Lizol Disinfectant Floor Cleaner Citrus 1L,3,215,645,TXN-724958
SAL-54978,2026-08-18,STR-001,PRD-1053,Sweet Bun 2-Pack,7,20,140,TXN-908758
SAL-54979,2026-08-18,STR-001,PRD-1095,Kinley Packaged Drinking Water 1L,19,20,380,TXN-514067
SAL-54980,2026-08-18,STR-003,PRD-1045,Aavin Flavoured Milk Chocolate 200ml,8,30,240,TXN-429659
SAL-54981,2026-08-18,STR-003,PRD-1035,Saffola Gold Edible Oil 1L,3,195,585,TXN-843814
SAL-54982,2026-08-18,STR-003,PRD-1154,Green Capsicum 500g,2,45,90,TXN-204866
SAL-54983,2026-08-18,STR-001,PRD-1115,Maggi 2-Minute Masala Noodles 280g (4-Pack),20,56,1120,TXN-372530
SAL-54984,2026-08-18,STR-002,PRD-1012,Maida Flour 1kg,9,55,495,TXN-728614
SAL-54985,2026-08-18,STR-001,PRD-1070,Hide & Seek Chocolate Chip Biscuits 120g,9,40,360,TXN-609092
SAL-54986,2026-08-18,STR-003,PRD-1104,Cothas Coffee Chicory Blend 500g,1,220,220,TXN-125976
SAL-54987,2026-08-18,STR-001,PRD-1099,Red Label Natural Care Tea 250g,6,170,1020,TXN-782966
SAL-54988,2026-08-18,STR-001,PRD-1011,Seeraga Samba Rice 1kg,3,145,435,TXN-946194
SAL-54989,2026-08-18,STR-001,PRD-1204,MamyPoko Pants Standard Diaper Medium 34s,1,450,450,TXN-656115
SAL-54990,2026-08-18,STR-002,PRD-1150,Fresh Potato 1kg,22,30,660,TXN-362372
SAL-54991,2026-08-18,STR-001,PRD-1145,Green Guava 1kg,13,70,910,TXN-407565
SAL-54992,2026-08-18,STR-003,PRD-1023,Horse Gram (Kollu) 500g,11,60,660,TXN-493262
SAL-54993,2026-08-18,STR-002,PRD-1169,Parachute Advansed Jasmine Hair Oil 200ml,4,105,420,TXN-387280
SAL-54994,2026-08-18,STR-002,PRD-1174,Vaseline Total Moisture Body Lotion 200ml,2,215,430,TXN-876533
SAL-54995,2026-08-18,STR-002,PRD-1024,Black Eyed Beans (Karamani) 500g,1,70,70,TXN-743186
SAL-54996,2026-08-18,STR-001,PRD-1186,Pitambari Shining Powder 200g,3,40,120,TXN-621670
SAL-54997,2026-08-18,STR-002,PRD-1046,Cavins Milkshake Strawberry 200ml,1,40,40,TXN-442752
SAL-54998,2026-08-18,STR-003,PRD-1093,Frooti Mango Drink 1L,6,65,390,TXN-374864
SAL-54999,2026-08-18,STR-001,PRD-1194,Mangaldeep Sandal Agarbatti 100g,2,50,100,TXN-960032
SAL-55000,2026-08-18,STR-002,PRD-1206,Sebamed Baby Protective Facial Cream 50ml,6,780,4680,TXN-425836
SAL-55001,2026-08-18,STR-001,PRD-1016,Urad Dal Black Whole 1kg,1,155,155,TXN-564619
SAL-55002,2026-08-18,STR-001,PRD-1195,Cycle Pure Agarbatti Three in One 250g,13,95,1235,TXN-130601
SAL-55003,2026-08-18,STR-001,PRD-1002,Ponni Boiled Rice 10kg,4,680,2720,TXN-920528
SAL-55004,2026-08-18,STR-003,PRD-1144,Pomegranate Kabuli 1kg,15,210,3150,TXN-905312
SAL-55005,2026-08-18,STR-002,PRD-1166,Pears Soft & Fresh Soap 125g,9,65,585,TXN-331454
SAL-55006,2026-08-18,STR-003,PRD-1198,Garbage Bags Black Medium 30 Sheets,1,90,90,TXN-631021
SAL-55007,2026-08-18,STR-002,PRD-1098,Tata Tea Gold 500g,6,290,1740,TXN-130294
SAL-55008,2026-08-18,STR-002,PRD-1029,Hatsun Pure Cow Ghee 500ml,3,330,990,TXN-354297
SAL-55009,2026-08-18,STR-003,PRD-1159,Garlic 250g,5,60,300,TXN-487479
SAL-55010,2026-08-18,STR-001,PRD-1098,Tata Tea Gold 500g,5,290,1450,TXN-524082
SAL-55011,2026-08-18,STR-002,PRD-1149,Fresh Red Onion 1kg,4,35,140,TXN-921327
SAL-55012,2026-08-18,STR-002,PRD-1186,Pitambari Shining Powder 200g,3,40,120,TXN-764307
SAL-55013,2026-08-18,STR-003,PRD-1038,Aavin Full Cream Milk 500ml,1,30,30,TXN-539074
SAL-55014,2026-08-18,STR-001,PRD-1082,Haldiram Khatta Meetha Mix 200g,3,65,195,TXN-403238
SAL-55015,2026-08-18,STR-002,PRD-1067,Britannia NutriChoice Digestive 250g,8,65,520,TXN-737786
SAL-55016,2026-08-18,STR-002,PRD-1142,Seedless Black Grapes 500g,3,80,240,TXN-156307
SAL-55017,2026-08-18,STR-001,PRD-1136,Ching's Secret Dark Soy Sauce 210g,1,65,65,TXN-808069
SAL-55018,2026-08-18,STR-001,PRD-1096,Bisleri Water Bottle 2L,1,30,30,TXN-997135
SAL-55019,2026-08-18,STR-002,PRD-1152,Ooty Carrot 500g,4,35,140,TXN-283404
SAL-55020,2026-08-18,STR-001,PRD-1090,Bovonto Grape Soft Drink 1.5L,10,65,650,TXN-289838
SAL-55021,2026-08-18,STR-001,PRD-1143,Ripe Papaya 1kg,11,50,550,TXN-936964
SAL-55022,2026-08-18,STR-001,PRD-1198,Garbage Bags Black Medium 30 Sheets,5,90,450,TXN-601601
SAL-55023,2026-08-18,STR-003,PRD-1158,Ginger 250g,3,40,120,TXN-596970
SAL-55024,2026-08-18,STR-003,PRD-1112,Women's Horlicks Caramel 400g,1,310,310,TXN-240862
SAL-55025,2026-08-18,STR-002,PRD-1182,Exo Touch & Shine Dishwash Bar 250g,7,30,210,TXN-743063
SAL-55026,2026-08-18,STR-003,PRD-1137,Del Monte Whole Corn Canned 415g,1,95,95,TXN-129096
SAL-55027,2026-08-18,STR-002,PRD-1033,V.V.D Gold Coconut Oil 500ml,2,185,370,TXN-285469
SAL-55028,2026-08-18,STR-001,PRD-1123,Top Ramen Curry Noodles 280g,3,55,165,TXN-993163
SAL-55029,2026-08-18,STR-003,PRD-1094,Red Bull Energy Drink 250ml,4,125,500,TXN-363403
SAL-55030,2026-08-18,STR-002,PRD-1113,Ensure Diabetes Care Vanilla 400g,4,690,2760,TXN-642186
SAL-55031,2026-08-18,STR-003,PRD-1018,Rajma Red Kidney Beans 500g,5,95,475,TXN-162881
SAL-55032,2026-08-18,STR-003,PRD-1040,Milky Mist Thick Curd 1kg Bucket,1,90,90,TXN-662928
SAL-55033,2026-08-18,STR-002,PRD-1049,Modern Family Special White Bread 400g,2,45,90,TXN-597638
SAL-55034,2026-08-18,STR-003,PRD-1065,Britannia Good Day Butter 200g,14,45,630,TXN-515320
SAL-55035,2026-08-18,STR-003,PRD-1021,Kabuli Chana 1kg,3,140,420,TXN-618556
SAL-55036,2026-08-18,STR-002,PRD-1172,Dabur Red Toothpowder 100g,6,45,270,TXN-234062
SAL-55037,2026-08-18,STR-002,PRD-1130,Nutella Hazelnut Spread 350g Jar,14,380,5320,TXN-182976
SAL-55038,2026-08-18,STR-002,PRD-1089,Sprite Lemon-Lime 750ml,8,40,320,TXN-724452
SAL-55039,2026-08-19,STR-002,PRD-1129,Aachi Lime Pickle 300g,3,65,195,TXN-811477
SAL-55040,2026-08-19,STR-001,PRD-1160,Curry Leaves 50g Bundle,1,10,10,TXN-613052
SAL-55041,2026-08-19,STR-003,PRD-1005,Pillsbury Chakki Fresh Atta 5kg,10,240,2400,TXN-300936
SAL-55042,2026-08-19,STR-003,PRD-1098,Tata Tea Gold 500g,9,290,2610,TXN-682052
SAL-55043,2026-08-19,STR-003,PRD-1160,Curry Leaves 50g Bundle,1,10,10,TXN-818361
SAL-55044,2026-08-19,STR-002,PRD-1049,Modern Family Special White Bread 400g,2,45,90,TXN-176311
SAL-55045,2026-08-19,STR-002,PRD-1147,Watermelon Kiran 1 Unit (~3kg),5,90,450,TXN-470808
SAL-55046,2026-08-19,STR-002,PRD-1095,Kinley Packaged Drinking Water 1L,17,20,340,TXN-786874
SAL-55047,2026-08-19,STR-001,PRD-1060,Britannia Bourbon Chocolate Biscuit 150g,19,35,665,TXN-940115
SAL-55048,2026-08-19,STR-002,PRD-1153,Ladies Finger (Bhindi) 500g,6,30,180,TXN-736213
SAL-55049,2026-08-19,STR-001,PRD-1028,Aavin Pure Ghee 500ml,4,315,1260,TXN-358933
SAL-55050,2026-08-19,STR-003,PRD-1053,Sweet Bun 2-Pack,6,20,120,TXN-367313
SAL-55051,2026-08-19,STR-003,PRD-1040,Milky Mist Thick Curd 1kg Bucket,1,90,90,TXN-766204
SAL-55052,2026-08-19,STR-001,PRD-1020,Fried Gram (Pottukadalai) 500g,12,75,900,TXN-505393
SAL-55053,2026-08-19,STR-001,PRD-1074,Lays Magic Masala Potato Chips 50g,6,20,120,TXN-931338
SAL-55054,2026-08-19,STR-002,PRD-1190,Duracell Chota Power AA Batteries (4-Pack),18,160,2880,TXN-440786
SAL-55055,2026-08-19,STR-001,PRD-1091,7Up Nimbooz 350ml,6,25,150,TXN-627477
SAL-55056,2026-08-19,STR-001,PRD-1083,Doritos Nacho Cheese Chips 60g,5,30,150,TXN-379723
SAL-55057,2026-08-19,STR-003,PRD-1172,Dabur Red Toothpowder 100g,6,45,270,TXN-340582
SAL-55058,2026-08-19,STR-003,PRD-1123,Top Ramen Curry Noodles 280g,2,55,110,TXN-340667
SAL-55059,2026-08-19,STR-003,PRD-1082,Haldiram Khatta Meetha Mix 200g,3,65,195,TXN-112389
SAL-55060,2026-08-19,STR-001,PRD-1155,Coriander Leaves 100g Bundle,7,15,105,TXN-834008
SAL-55061,2026-08-19,STR-001,PRD-1125,Aachi Biryani Masala 100g,6,45,270,TXN-876267
SAL-55062,2026-08-19,STR-002,PRD-1139,Fresh Shimla Apples 1kg,3,180,540,TXN-172481
SAL-55063,2026-08-19,STR-001,PRD-1192,Freshwrap Aluminum Foil 18m Roll,1,175,175,TXN-515591
SAL-55064,2026-08-19,STR-002,PRD-1018,Rajma Red Kidney Beans 500g,5,95,475,TXN-629694
SAL-55065,2026-08-19,STR-002,PRD-1166,Pears Soft & Fresh Soap 125g,9,65,585,TXN-170213
SAL-55066,2026-08-19,STR-003,PRD-1199,Pampers Baby Wipes Gentle 72 Sheets,17,185,3145,TXN-462115
SAL-55067,2026-08-19,STR-002,PRD-1126,Eastern Chicken Masala 100g,6,42,252,TXN-392399
SAL-55068,2026-08-19,STR-002,PRD-1061,Sunfeast Dark Fantasy Choco Fills 300g,4,150,600,TXN-802573
SAL-55069,2026-08-19,STR-001,PRD-1133,Hershey's Chocolate Syrup 623g,15,230,3450,TXN-374362
SAL-55070,2026-08-19,STR-001,PRD-1096,Bisleri Water Bottle 2L,1,30,30,TXN-156085
SAL-55071,2026-08-19,STR-002,PRD-1185,Scotch-Brite Scrub Pad Large (3-Pack),18,45,810,TXN-320479
SAL-55072,2026-08-19,STR-003,PRD-1063,Oreo Vanilla Cream Biscuit 120g,6,35,210,TXN-479198
SAL-55073,2026-08-19,STR-001,PRD-1112,Women's Horlicks Caramel 400g,2,310,620,TXN-598190
SAL-55074,2026-08-19,STR-003,PRD-1046,Cavins Milkshake Strawberry 200ml,5,40,200,TXN-328005
SAL-55075,2026-08-19,STR-002,PRD-1045,Aavin Flavoured Milk Chocolate 200ml,10,30,300,TXN-922375
SAL-55076,2026-08-19,STR-003,PRD-1200,Nestle Cerelac Wheat Apple 300g,1,295,295,TXN-116325
SAL-55077,2026-08-19,STR-002,PRD-1084,Pringles Sour Cream & Onion 107g,5,115,575,TXN-782529
SAL-55078,2026-08-19,STR-002,PRD-1181,Comfort After Wash Fabric Conditioner 860ml,7,235,1645,TXN-939335
SAL-55079,2026-08-19,STR-002,PRD-1117,MTR Rava Idli Mix 500g,5,110,550,TXN-436067
SAL-55080,2026-08-19,STR-003,PRD-1091,7Up Nimbooz 350ml,2,25,50,TXN-724695
SAL-55081,2026-08-19,STR-003,PRD-1130,Nutella Hazelnut Spread 350g Jar,12,380,4560,TXN-662698
SAL-55082,2026-08-19,STR-001,PRD-1097,3 Roses Dust Tea 250g,3,160,480,TXN-626740
SAL-55083,2026-08-19,STR-001,PRD-1018,Rajma Red Kidney Beans 500g,6,95,570,TXN-367865
SAL-55084,2026-08-19,STR-002,PRD-1012,Maida Flour 1kg,15,55,825,TXN-871061
SAL-55085,2026-08-19,STR-003,PRD-1154,Green Capsicum 500g,2,45,90,TXN-752317
SAL-55086,2026-08-19,STR-002,PRD-1110,Complan Chocolate Health Drink 500g,19,260,4940,TXN-639484
SAL-55087,2026-08-19,STR-003,PRD-1132,Sundrop Peanut Butter Crunchy 500g,6,195,1170,TXN-901462
SAL-55088,2026-08-19,STR-002,PRD-1103,Narasus Pure Filter Coffee 200g,6,120,720,TXN-163880
SAL-55089,2026-08-19,STR-002,PRD-1168,Sunsilk Black Shine Shampoo 180ml,1,125,125,TXN-429779
SAL-55090,2026-08-19,STR-002,PRD-1122,Maggi Cuppa Masala Noodles 70g,13,50,650,TXN-837230
SAL-55091,2026-08-19,STR-002,PRD-1053,Sweet Bun 2-Pack,2,20,40,TXN-602625
SAL-55092,2026-08-19,STR-002,PRD-1071,Britannia Milk Bikis 200g,3,35,105,TXN-980537
SAL-55093,2026-08-19,STR-002,PRD-1028,Aavin Pure Ghee 500ml,5,315,1575,TXN-244210
SAL-55094,2026-08-19,STR-001,PRD-1041,Amul Pasteurised Butter 100g,1,58,58,TXN-343847
SAL-55095,2026-08-19,STR-002,PRD-1051,Modern Whole Wheat Bread 400g,1,48,48,TXN-193891
SAL-55096,2026-08-19,STR-002,PRD-1070,Hide & Seek Chocolate Chip Biscuits 120g,22,40,880,TXN-727276
SAL-55097,2026-08-19,STR-001,PRD-1056,Winkies Chocolate Swiss Roll 100g,12,30,360,TXN-499862
SAL-55098,2026-08-19,STR-002,PRD-1161,Mysore Sandal Soap 125g,5,55,275,TXN-283531
SAL-55099,2026-08-19,STR-003,PRD-1193,Matchbox Homelites Safety Matches (10-Box),3,30,90,TXN-313631
SAL-55100,2026-08-19,STR-002,PRD-1177,Harpic Power Plus Toilet Cleaner 500ml,14,95,1330,TXN-780208
SAL-55101,2026-08-19,STR-002,PRD-1031,Sundrop SuperLite Oil 1L,2,165,330,TXN-571366
SAL-55102,2026-08-19,STR-002,PRD-1162,Dettol Original Soap 75g (3-Pack),3,105,315,TXN-346903
SAL-55103,2026-08-19,STR-001,PRD-1158,Ginger 250g,1,40,40,TXN-930837
SAL-55104,2026-08-19,STR-003,PRD-1143,Ripe Papaya 1kg,3,50,150,TXN-218205
SAL-55105,2026-08-19,STR-001,PRD-1075,Lays Classic Salted Potato Chips 50g,26,20,520,TXN-791568
SAL-55106,2026-08-19,STR-001,PRD-1088,Coca-Cola Original Taste 750ml,1,40,40,TXN-131544
SAL-55107,2026-08-19,STR-001,PRD-1106,Continental Xtra Instant Coffee 200g,4,240,960,TXN-956593
SAL-55108,2026-08-20,STR-001,PRD-1057,Plum Cake 250g,6,120,720,TXN-392497
SAL-55109,2026-08-20,STR-001,PRD-1204,MamyPoko Pants Standard Diaper Medium 34s,3,450,1350,TXN-878247
SAL-55110,2026-08-20,STR-002,PRD-1076,Kurkure Masala Munch 85g,4,20,80,TXN-558788
SAL-55111,2026-08-20,STR-003,PRD-1062,Britannia Marie Gold 300g,6,40,240,TXN-447505
SAL-55112,2026-08-20,STR-002,PRD-1186,Pitambari Shining Powder 200g,2,40,80,TXN-822502
SAL-55113,2026-08-20,STR-003,PRD-1185,Scotch-Brite Scrub Pad Large (3-Pack),11,45,495,TXN-553876
SAL-55114,2026-08-20,STR-003,PRD-1018,Rajma Red Kidney Beans 500g,6,95,570,TXN-800912
SAL-55115,2026-08-20,STR-001,PRD-1208,Mee Mee Baby Laundry Detergent 1L,1,380,380,TXN-381723
SAL-55116,2026-08-20,STR-003,PRD-1200,Nestle Cerelac Wheat Apple 300g,1,295,295,TXN-113675
SAL-55117,2026-08-20,STR-001,PRD-1077,Bingo Mad Angles Cream & Onion 70g,7,20,140,TXN-512077
SAL-55118,2026-08-20,STR-001,PRD-1061,Sunfeast Dark Fantasy Choco Fills 300g,6,150,900,TXN-413619
SAL-55119,2026-08-20,STR-002,PRD-1053,Sweet Bun 2-Pack,6,20,120,TXN-843397
SAL-55120,2026-08-20,STR-003,PRD-1044,Amul Taaza Homogenised Milk 1L Pack,2,72,144,TXN-981562
SAL-55121,2026-08-20,STR-001,PRD-1017,Urad Dal White Split 1kg,6,160,960,TXN-335715
SAL-55122,2026-08-20,STR-003,PRD-1042,Amul Cheese Slices 200g,7,140,980,TXN-101662
SAL-55123,2026-08-20,STR-002,PRD-1006,Quaker Oats 1kg,3,195,585,TXN-667965
SAL-55124,2026-08-20,STR-002,PRD-1067,Britannia NutriChoice Digestive 250g,8,65,520,TXN-518196
SAL-55125,2026-08-20,STR-002,PRD-1083,Doritos Nacho Cheese Chips 60g,5,30,150,TXN-720213
SAL-55126,2026-08-20,STR-003,PRD-1063,Oreo Vanilla Cream Biscuit 120g,3,35,105,TXN-748663
SAL-55127,2026-08-20,STR-001,PRD-1002,Ponni Boiled Rice 10kg,4,680,2720,TXN-648187
SAL-55128,2026-08-20,STR-003,PRD-1006,Quaker Oats 1kg,3,195,585,TXN-485125
SAL-55129,2026-08-20,STR-003,PRD-1023,Horse Gram (Kollu) 500g,10,60,600,TXN-897136
SAL-55130,2026-08-20,STR-001,PRD-1188,Good Knight Gold Flash Machine + Refill,5,130,650,TXN-540077
SAL-55131,2026-08-20,STR-002,PRD-1139,Fresh Shimla Apples 1kg,5,180,900,TXN-408492
SAL-55132,2026-08-20,STR-002,PRD-1166,Pears Soft & Fresh Soap 125g,12,65,780,TXN-496278
SAL-55133,2026-08-20,STR-003,PRD-1156,Fresh Mint Leaves 100g,2,12,24,TXN-695033
SAL-55134,2026-08-20,STR-001,PRD-1137,Del Monte Whole Corn Canned 415g,3,95,285,TXN-524942
SAL-55135,2026-08-20,STR-001,PRD-1042,Amul Cheese Slices 200g,1,140,140,TXN-736415
SAL-55136,2026-08-20,STR-002,PRD-1017,Urad Dal White Split 1kg,6,160,960,TXN-116175
SAL-55137,2026-08-20,STR-003,PRD-1011,Seeraga Samba Rice 1kg,2,145,290,TXN-666163
SAL-55138,2026-08-20,STR-001,PRD-1201,Himalaya Gentle Baby Soap 75g (3-Pack),7,135,945,TXN-693234
SAL-55139,2026-08-20,STR-002,PRD-1173,Himalaya Purifying Neem Face Wash 100ml,2,140,280,TXN-654842
SAL-55140,2026-08-20,STR-001,PRD-1005,Pillsbury Chakki Fresh Atta 5kg,21,240,5040,TXN-792492
SAL-55141,2026-08-20,STR-001,PRD-1197,Tissue Paper Napkins 100 Sheets,7,40,280,TXN-919555
SAL-55142,2026-08-20,STR-001,PRD-1031,Sundrop SuperLite Oil 1L,5,165,825,TXN-481770
SAL-55143,2026-08-20,STR-001,PRD-1107,Horlicks Classic Malt 500g Jar,2,245,490,TXN-941850
SAL-55144,2026-08-20,STR-003,PRD-1068,Parle Monaco Salted Biscuit 200g,3,30,90,TXN-289383
SAL-55145,2026-08-20,STR-002,PRD-1134,Weikfield Vanilla Custard Powder 100g,5,45,225,TXN-984885
SAL-55146,2026-08-20,STR-002,PRD-1138,Knorr Dark Soy Sauce 200ml,1,70,70,TXN-576547
SAL-55147,2026-08-20,STR-002,PRD-1034,Dhara Mustard Oil 1L,11,155,1705,TXN-124509
SAL-55148,2026-08-20,STR-002,PRD-1104,Cothas Coffee Chicory Blend 500g,1,220,220,TXN-348247
SAL-55149,2026-08-20,STR-002,PRD-1023,Horse Gram (Kollu) 500g,5,60,300,TXN-191200
SAL-55150,2026-08-20,STR-001,PRD-1085,Paper Boat Mango Juice 250ml,9,35,315,TXN-835620
SAL-55151,2026-08-20,STR-002,PRD-1199,Pampers Baby Wipes Gentle 72 Sheets,15,185,2775,TXN-475921
SAL-55152,2026-08-20,STR-003,PRD-1104,Cothas Coffee Chicory Blend 500g,1,220,220,TXN-761714
SAL-55153,2026-08-20,STR-002,PRD-1115,Maggi 2-Minute Masala Noodles 280g (4-Pack),12,56,672,TXN-686225
SAL-55154,2026-08-20,STR-002,PRD-1088,Coca-Cola Original Taste 750ml,1,40,40,TXN-295844
SAL-55155,2026-08-20,STR-003,PRD-1031,Sundrop SuperLite Oil 1L,2,165,330,TXN-417430
SAL-55156,2026-08-20,STR-001,PRD-1184,Ariel Matic Front Load Detergent 1kg,1,280,280,TXN-680172
SAL-55157,2026-08-20,STR-001,PRD-1018,Rajma Red Kidney Beans 500g,8,95,760,TXN-898021
SAL-55158,2026-08-20,STR-001,PRD-1174,Vaseline Total Moisture Body Lotion 200ml,6,215,1290,TXN-699407
SAL-55159,2026-08-20,STR-001,PRD-1100,Chakra Gold Tea 250g,12,150,1800,TXN-245961
SAL-55160,2026-08-20,STR-001,PRD-1152,Ooty Carrot 500g,9,35,315,TXN-922046
SAL-55161,2026-08-20,STR-002,PRD-1198,Garbage Bags Black Medium 30 Sheets,5,90,450,TXN-451917
SAL-55162,2026-08-20,STR-002,PRD-1050,Britannia 100% Whole Wheat Bread 400g,19,50,950,TXN-223499
SAL-55163,2026-08-20,STR-003,PRD-1070,Hide & Seek Chocolate Chip Biscuits 120g,18,40,720,TXN-579113
SAL-55164,2026-08-20,STR-001,PRD-1114,Milo Cocoa Beverage Powder 400g,1,220,220,TXN-194594
SAL-55165,2026-08-20,STR-003,PRD-1111,Pediasure Chocolate 400g Jar,14,620,8680,TXN-244671
SAL-55166,2026-08-20,STR-002,PRD-1147,Watermelon Kiran 1 Unit (~3kg),4,90,360,TXN-503803
SAL-55167,2026-08-20,STR-002,PRD-1114,Milo Cocoa Beverage Powder 400g,2,220,440,TXN-922144
SAL-55168,2026-08-20,STR-001,PRD-1036,Deepam Lamp Oil 1L,2,110,220,TXN-668129
SAL-55169,2026-08-20,STR-002,PRD-1013,Tata Sampann Toor Dal 1kg,3,165,495,TXN-975336
SAL-55170,2026-08-20,STR-002,PRD-1002,Ponni Boiled Rice 10kg,3,680,2040,TXN-251680
SAL-55171,2026-08-20,STR-002,PRD-1072,Unibic Assorted Cookies 75g,1,45,45,TXN-738112
SAL-55172,2026-08-20,STR-001,PRD-1007,Saffola Masala Oats 500g,2,175,350,TXN-522379
SAL-55173,2026-08-20,STR-001,PRD-1165,Sensodyne Rapid Relief Toothpaste 80g,26,170,4420,TXN-556909
SAL-55174,2026-08-20,STR-003,PRD-1145,Green Guava 1kg,14,70,980,TXN-270623
SAL-55175,2026-08-20,STR-002,PRD-1133,Hershey's Chocolate Syrup 623g,7,230,1610,TXN-716179
SAL-55176,2026-08-21,STR-001,PRD-1162,Dettol Original Soap 75g (3-Pack),7,105,735,TXN-214512
SAL-55177,2026-08-21,STR-001,PRD-1020,Fried Gram (Pottukadalai) 500g,27,75,2025,TXN-788848
SAL-55178,2026-08-21,STR-003,PRD-1095,Kinley Packaged Drinking Water 1L,7,20,140,TXN-294961
SAL-55179,2026-08-21,STR-002,PRD-1132,Sundrop Peanut Butter Crunchy 500g,2,195,390,TXN-883843
SAL-55180,2026-08-21,STR-002,PRD-1096,Bisleri Water Bottle 2L,1,30,30,TXN-880002
SAL-55181,2026-08-21,STR-002,PRD-1048,Amul Fresh Condensed Milk 400g,1,130,130,TXN-956624
SAL-55182,2026-08-21,STR-003,PRD-1038,Aavin Full Cream Milk 500ml,3,30,90,TXN-561990
SAL-55183,2026-08-21,STR-002,PRD-1199,Pampers Baby Wipes Gentle 72 Sheets,6,185,1110,TXN-697176
SAL-55184,2026-08-21,STR-001,PRD-1125,Aachi Biryani Masala 100g,3,45,135,TXN-145980
SAL-55185,2026-08-21,STR-001,PRD-1106,Continental Xtra Instant Coffee 200g,2,240,480,TXN-174323
SAL-55186,2026-08-21,STR-002,PRD-1134,Weikfield Vanilla Custard Powder 100g,8,45,360,TXN-722485
SAL-55187,2026-08-21,STR-001,PRD-1175,Vim Dishwash Gel Lemon 500ml,14,115,1610,TXN-115420
SAL-55188,2026-08-21,STR-002,PRD-1017,Urad Dal White Split 1kg,3,160,480,TXN-607371
SAL-55189,2026-08-21,STR-002,PRD-1115,Maggi 2-Minute Masala Noodles 280g (4-Pack),9,56,504,TXN-834696
SAL-55190,2026-08-21,STR-001,PRD-1182,Exo Touch & Shine Dishwash Bar 250g,6,30,180,TXN-701885
SAL-55191,2026-08-21,STR-002,PRD-1046,Cavins Milkshake Strawberry 200ml,2,40,80,TXN-689063
SAL-55192,2026-08-21,STR-001,PRD-1002,Ponni Boiled Rice 10kg,5,680,3400,TXN-833087
SAL-55193,2026-08-21,STR-001,PRD-1208,Mee Mee Baby Laundry Detergent 1L,1,380,380,TXN-950110
SAL-55194,2026-08-21,STR-003,PRD-1051,Modern Whole Wheat Bread 400g,5,48,240,TXN-936185
SAL-55195,2026-08-21,STR-001,PRD-1179,Colin Glass Cleaner Spray 500ml,5,105,525,TXN-591074
SAL-55196,2026-08-21,STR-001,PRD-1001,India Gate Basmati Rice 5kg,7,520,3640,TXN-682308
SAL-55197,2026-08-21,STR-001,PRD-1207,Pigeon Baby Feeding Bottle 250ml,5,220,1100,TXN-999115
SAL-55198,2026-08-21,STR-002,PRD-1007,Saffola Masala Oats 500g,3,175,525,TXN-237893
SAL-55199,2026-08-21,STR-003,PRD-1018,Rajma Red Kidney Beans 500g,4,95,380,TXN-392582
SAL-55200,2026-08-21,STR-003,PRD-1023,Horse Gram (Kollu) 500g,11,60,660,TXN-903199
SAL-55201,2026-08-21,STR-001,PRD-1144,Pomegranate Kabuli 1kg,5,210,1050,TXN-976958
SAL-55202,2026-08-21,STR-003,PRD-1123,Top Ramen Curry Noodles 280g,3,55,165,TXN-639671
SAL-55203,2026-08-21,STR-003,PRD-1147,Watermelon Kiran 1 Unit (~3kg),6,90,540,TXN-597166
SAL-55204,2026-08-21,STR-002,PRD-1099,Red Label Natural Care Tea 250g,3,170,510,TXN-425954
SAL-55205,2026-08-21,STR-003,PRD-1165,Sensodyne Rapid Relief Toothpaste 80g,23,170,3910,TXN-186656
SAL-55206,2026-08-21,STR-002,PRD-1062,Britannia Marie Gold 300g,3,40,120,TXN-907940
SAL-55207,2026-08-21,STR-003,PRD-1076,Kurkure Masala Munch 85g,4,20,80,TXN-174158
SAL-55208,2026-08-21,STR-003,PRD-1049,Modern Family Special White Bread 400g,2,45,90,TXN-448431
SAL-55209,2026-08-21,STR-001,PRD-1101,BRU Instant Coffee 100g Glass Jar,2,185,370,TXN-468883
SAL-55210,2026-08-21,STR-002,PRD-1169,Parachute Advansed Jasmine Hair Oil 200ml,4,105,420,TXN-796241
SAL-55211,2026-08-21,STR-002,PRD-1064,Britannia Good Day Cashew 200g,1,50,50,TXN-332552
SAL-55212,2026-08-21,STR-002,PRD-1181,Comfort After Wash Fabric Conditioner 860ml,6,235,1410,TXN-172058
SAL-55213,2026-08-21,STR-002,PRD-1059,Parle-G Glucose Biscuit 250g,3,30,90,TXN-411185
SAL-55214,2026-08-21,STR-003,PRD-1201,Himalaya Gentle Baby Soap 75g (3-Pack),2,135,270,TXN-921739
SAL-55215,2026-08-21,STR-002,PRD-1101,BRU Instant Coffee 100g Glass Jar,2,185,370,TXN-901050
SAL-55216,2026-08-21,STR-001,PRD-1003,Sona Masoori Rice 5kg,4,380,1520,TXN-353709
SAL-55217,2026-08-21,STR-003,PRD-1021,Kabuli Chana 1kg,2,140,280,TXN-258737
SAL-55218,2026-08-21,STR-001,PRD-1033,V.V.D Gold Coconut Oil 500ml,4,185,740,TXN-163413
SAL-55219,2026-08-21,STR-002,PRD-1187,All Out Mosquito Repellent Refill 45ml (2-Pack),3,145,435,TXN-386270
SAL-55220,2026-08-21,STR-002,PRD-1186,Pitambari Shining Powder 200g,8,40,320,TXN-556572
SAL-55221,2026-08-21,STR-003,PRD-1058,Pav Bun 6-Pack,2,35,70,TXN-674571
SAL-55222,2026-08-21,STR-001,PRD-1095,Kinley Packaged Drinking Water 1L,13,20,260,TXN-852613
SAL-55223,2026-08-21,STR-002,PRD-1163,Clinic Plus Strong & Long Shampoo 175ml,7,110,770,TXN-414127
SAL-55224,2026-08-21,STR-002,PRD-1087,Real Fruit Power Guava Juice 1L,3,130,390,TXN-627832
SAL-55225,2026-08-21,STR-002,PRD-1033,V.V.D Gold Coconut Oil 500ml,2,185,370,TXN-418389
SAL-55226,2026-08-21,STR-002,PRD-1151,Hybrid Tomato 1kg,4,40,160,TXN-433362
SAL-55227,2026-08-21,STR-002,PRD-1140,Robusta Bananas 1kg,21,45,945,TXN-761255
SAL-55228,2026-08-21,STR-002,PRD-1195,Cycle Pure Agarbatti Three in One 250g,20,95,1900,TXN-412386
SAL-55229,2026-08-21,STR-001,PRD-1135,Baking Soda 100g,11,25,275,TXN-244598
SAL-55230,2026-08-21,STR-002,PRD-1003,Sona Masoori Rice 5kg,2,380,760,TXN-446919
SAL-55231,2026-08-21,STR-003,PRD-1173,Himalaya Purifying Neem Face Wash 100ml,4,140,560,TXN-567157
SAL-55232,2026-08-21,STR-003,PRD-1024,Black Eyed Beans (Karamani) 500g,1,70,70,TXN-390141
SAL-55233,2026-08-21,STR-001,PRD-1022,Masoor Dal Red 1kg,6,110,660,TXN-512586
SAL-55234,2026-08-21,STR-003,PRD-1126,Eastern Chicken Masala 100g,2,42,84,TXN-749985
SAL-55235,2026-08-21,STR-002,PRD-1202,Johnson's Baby Powder 200g,3,190,570,TXN-183950
SAL-55236,2026-08-21,STR-003,PRD-1033,V.V.D Gold Coconut Oil 500ml,2,185,370,TXN-516353
SAL-55237,2026-08-21,STR-002,PRD-1042,Amul Cheese Slices 200g,2,140,280,TXN-691995
SAL-55238,2026-08-21,STR-001,PRD-1134,Weikfield Vanilla Custard Powder 100g,3,45,135,TXN-964710
SAL-55239,2026-08-21,STR-002,PRD-1001,India Gate Basmati Rice 5kg,6,520,3120,TXN-135666
SAL-55240,2026-08-22,STR-003,PRD-1194,Mangaldeep Sandal Agarbatti 100g,2,50,100,TXN-810450
SAL-55241,2026-08-22,STR-002,PRD-1120,Knorr Thick Tomato Soup 53g,1,40,40,TXN-418832
SAL-55242,2026-08-22,STR-002,PRD-1117,MTR Rava Idli Mix 500g,5,110,550,TXN-112797
SAL-55243,2026-08-22,STR-002,PRD-1039,Hatsun Fresh Curd 500g Pouch,2,35,70,TXN-707102
SAL-55244,2026-08-22,STR-002,PRD-1016,Urad Dal Black Whole 1kg,1,155,155,TXN-390910
SAL-55245,2026-08-22,STR-001,PRD-1178,Lizol Disinfectant Floor Cleaner Citrus 1L,1,215,215,TXN-132959
SAL-55246,2026-08-22,STR-003,PRD-1111,Pediasure Chocolate 400g Jar,16,620,9920,TXN-549218
SAL-55247,2026-08-22,STR-001,PRD-1011,Seeraga Samba Rice 1kg,1,145,145,TXN-741282
SAL-55248,2026-08-22,STR-003,PRD-1037,Aavin Toned Milk 500ml Pouch,6,24,144,TXN-897250
SAL-55249,2026-08-22,STR-003,PRD-1084,Pringles Sour Cream & Onion 107g,1,115,115,TXN-175506
SAL-55250,2026-08-22,STR-001,PRD-1037,Aavin Toned Milk 500ml Pouch,4,24,96,TXN-757311
SAL-55251,2026-08-22,STR-001,PRD-1031,Sundrop SuperLite Oil 1L,5,165,825,TXN-198351
SAL-55252,2026-08-22,STR-003,PRD-1166,Pears Soft & Fresh Soap 125g,18,65,1170,TXN-785707
SAL-55253,2026-08-22,STR-003,PRD-1182,Exo Touch & Shine Dishwash Bar 250g,2,30,60,TXN-745266
SAL-55254,2026-08-22,STR-001,PRD-1140,Robusta Bananas 1kg,18,45,810,TXN-282727
SAL-55255,2026-08-22,STR-001,PRD-1035,Saffola Gold Edible Oil 1L,6,195,1170,TXN-476621
SAL-55256,2026-08-22,STR-003,PRD-1007,Saffola Masala Oats 500g,4,175,700,TXN-886476
SAL-55257,2026-08-22,STR-001,PRD-1052,Britannia Fruit Bun 150g,2,25,50,TXN-491957
SAL-55258,2026-08-22,STR-001,PRD-1107,Horlicks Classic Malt 500g Jar,2,245,490,TXN-506766
SAL-55259,2026-08-22,STR-002,PRD-1160,Curry Leaves 50g Bundle,1,10,10,TXN-162206
SAL-55260,2026-08-22,STR-002,PRD-1140,Robusta Bananas 1kg,13,45,585,TXN-610544
SAL-55261,2026-08-22,STR-002,PRD-1020,Fried Gram (Pottukadalai) 500g,23,75,1725,TXN-705666
SAL-55262,2026-08-22,STR-002,PRD-1064,Britannia Good Day Cashew 200g,1,50,50,TXN-120155
SAL-55263,2026-08-22,STR-002,PRD-1061,Sunfeast Dark Fantasy Choco Fills 300g,5,150,750,TXN-549286
SAL-55264,2026-08-22,STR-003,PRD-1009,Raw Rice 5kg,3,320,960,TXN-964286
SAL-55265,2026-08-22,STR-002,PRD-1146,Mosambi (Sweet Lime) 1kg,5,85,425,TXN-177267
SAL-55266,2026-08-22,STR-003,PRD-1133,Hershey's Chocolate Syrup 623g,15,230,3450,TXN-851964
SAL-55267,2026-08-22,STR-001,PRD-1114,Milo Cocoa Beverage Powder 400g,2,220,440,TXN-375532
SAL-55268,2026-08-22,STR-001,PRD-1097,3 Roses Dust Tea 250g,1,160,160,TXN-829234
SAL-55269,2026-08-22,STR-001,PRD-1001,India Gate Basmati Rice 5kg,11,520,5720,TXN-602249
SAL-55270,2026-08-22,STR-003,PRD-1030,Amul Pure Ghee 1L Tin,13,620,8060,TXN-828118
SAL-55271,2026-08-22,STR-002,PRD-1049,Modern Family Special White Bread 400g,4,45,180,TXN-851468
SAL-55272,2026-08-22,STR-001,PRD-1158,Ginger 250g,1,40,40,TXN-989484
SAL-55273,2026-08-22,STR-002,PRD-1113,Ensure Diabetes Care Vanilla 400g,3,690,2070,TXN-709278
SAL-55274,2026-08-22,STR-003,PRD-1203,Johnson's Baby Hair Oil 100ml,4,120,480,TXN-493183
SAL-55275,2026-08-22,STR-001,PRD-1129,Aachi Lime Pickle 300g,3,65,195,TXN-121507
SAL-55276,2026-08-22,STR-001,PRD-1022,Masoor Dal Red 1kg,2,110,220,TXN-614616
SAL-55277,2026-08-22,STR-003,PRD-1004,Aashirvaad Shuddha Chakki Atta 5kg,4,245,980,TXN-895620
SAL-55278,2026-08-22,STR-002,PRD-1057,Plum Cake 250g,6,120,720,TXN-264810
SAL-55279,2026-08-22,STR-003,PRD-1150,Fresh Potato 1kg,13,30,390,TXN-108440
SAL-55280,2026-08-22,STR-001,PRD-1019,Green Gram Whole 1kg,4,130,520,TXN-763626
SAL-55281,2026-08-22,STR-001,PRD-1029,Hatsun Pure Cow Ghee 500ml,4,330,1320,TXN-111591
SAL-55282,2026-08-22,STR-003,PRD-1115,Maggi 2-Minute Masala Noodles 280g (4-Pack),11,56,616,TXN-322839
SAL-55283,2026-08-22,STR-003,PRD-1040,Milky Mist Thick Curd 1kg Bucket,1,90,90,TXN-428312
SAL-55284,2026-08-22,STR-001,PRD-1122,Maggi Cuppa Masala Noodles 70g,8,50,400,TXN-510164
SAL-55285,2026-08-22,STR-003,PRD-1077,Bingo Mad Angles Cream & Onion 70g,1,20,20,TXN-210905
SAL-55286,2026-08-22,STR-002,PRD-1125,Aachi Biryani Masala 100g,6,45,270,TXN-758229
SAL-55287,2026-08-22,STR-001,PRD-1094,Red Bull Energy Drink 250ml,3,125,375,TXN-700500
SAL-55288,2026-08-22,STR-003,PRD-1158,Ginger 250g,3,40,120,TXN-256711
SAL-55289,2026-08-22,STR-003,PRD-1122,Maggi Cuppa Masala Noodles 70g,9,50,450,TXN-332073
SAL-55290,2026-08-22,STR-002,PRD-1012,Maida Flour 1kg,9,55,495,TXN-997593
SAL-55291,2026-08-22,STR-002,PRD-1102,Nescafe Classic Instant Coffee 50g,2,160,320,TXN-115973
SAL-55292,2026-08-22,STR-003,PRD-1016,Urad Dal Black Whole 1kg,1,155,155,TXN-133500
SAL-55293,2026-08-22,STR-003,PRD-1177,Harpic Power Plus Toilet Cleaner 500ml,11,95,1045,TXN-774392
SAL-55294,2026-08-22,STR-003,PRD-1159,Garlic 250g,5,60,300,TXN-542242
SAL-55295,2026-08-22,STR-002,PRD-1069,Parle Krackjack Sweet & Salty 200g,4,30,120,TXN-148648
SAL-55296,2026-08-22,STR-002,PRD-1047,Milky Mist Fresh Cream 200ml,2,70,140,TXN-105891
SAL-55297,2026-08-22,STR-001,PRD-1167,Dove Cream Beauty Bathing Bar 125g,6,75,450,TXN-667294
SAL-55298,2026-08-22,STR-002,PRD-1198,Garbage Bags Black Medium 30 Sheets,5,90,450,TXN-534115
SAL-55299,2026-08-22,STR-003,PRD-1018,Rajma Red Kidney Beans 500g,4,95,380,TXN-354778
SAL-55300,2026-08-22,STR-001,PRD-1128,Mother's Recipe Mango Pickle 300g,1,85,85,TXN-222314
SAL-55301,2026-08-22,STR-001,PRD-1132,Sundrop Peanut Butter Crunchy 500g,2,195,390,TXN-511652
SAL-55302,2026-08-22,STR-003,PRD-1083,Doritos Nacho Cheese Chips 60g,4,30,120,TXN-933175
SAL-55303,2026-08-22,STR-003,PRD-1024,Black Eyed Beans (Karamani) 500g,1,70,70,TXN-106810
SAL-55304,2026-08-22,STR-002,PRD-1018,Rajma Red Kidney Beans 500g,4,95,380,TXN-811289
SAL-55305,2026-08-22,STR-002,PRD-1004,Aashirvaad Shuddha Chakki Atta 5kg,3,245,735,TXN-578715
SAL-55306,2026-08-22,STR-001,PRD-1142,Seedless Black Grapes 500g,4,80,320,TXN-689900
SAL-55307,2026-08-23,STR-002,PRD-1200,Nestle Cerelac Wheat Apple 300g,1,295,295,TXN-886864
SAL-55308,2026-08-23,STR-003,PRD-1195,Cycle Pure Agarbatti Three in One 250g,20,95,1900,TXN-456169
SAL-55309,2026-08-23,STR-002,PRD-1162,Dettol Original Soap 75g (3-Pack),7,105,735,TXN-602005
SAL-55310,2026-08-23,STR-001,PRD-1117,MTR Rava Idli Mix 500g,5,110,550,TXN-947559
SAL-55311,2026-08-23,STR-003,PRD-1203,Johnson's Baby Hair Oil 100ml,4,120,480,TXN-999762
SAL-55312,2026-08-23,STR-003,PRD-1067,Britannia NutriChoice Digestive 250g,9,65,585,TXN-674083
SAL-55313,2026-08-23,STR-002,PRD-1032,Parachute Coconut Oil 500ml,2,190,380,TXN-738222
SAL-55314,2026-08-23,STR-002,PRD-1062,Britannia Marie Gold 300g,7,40,280,TXN-633222
SAL-55315,2026-08-23,STR-003,PRD-1152,Ooty Carrot 500g,8,35,280,TXN-602888
SAL-55316,2026-08-23,STR-003,PRD-1112,Women's Horlicks Caramel 400g,1,310,310,TXN-942746
SAL-55317,2026-08-23,STR-001,PRD-1061,Sunfeast Dark Fantasy Choco Fills 300g,4,150,600,TXN-447811
SAL-55318,2026-08-23,STR-003,PRD-1142,Seedless Black Grapes 500g,3,80,240,TXN-426098
SAL-55319,2026-08-23,STR-003,PRD-1017,Urad Dal White Split 1kg,7,160,1120,TXN-789288
SAL-55320,2026-08-23,STR-003,PRD-1083,Doritos Nacho Cheese Chips 60g,2,30,60,TXN-638877
SAL-55321,2026-08-23,STR-002,PRD-1087,Real Fruit Power Guava Juice 1L,1,130,130,TXN-857472
SAL-55322,2026-08-23,STR-002,PRD-1151,Hybrid Tomato 1kg,3,40,120,TXN-270407
SAL-55323,2026-08-23,STR-002,PRD-1065,Britannia Good Day Butter 200g,6,45,270,TXN-286260
SAL-55324,2026-08-23,STR-001,PRD-1004,Aashirvaad Shuddha Chakki Atta 5kg,5,245,1225,TXN-744918
SAL-55325,2026-08-23,STR-003,PRD-1051,Modern Whole Wheat Bread 400g,4,48,192,TXN-233652
SAL-55326,2026-08-23,STR-001,PRD-1165,Sensodyne Rapid Relief Toothpaste 80g,20,170,3400,TXN-979422
SAL-55327,2026-08-23,STR-002,PRD-1133,Hershey's Chocolate Syrup 623g,13,230,2990,TXN-241841
SAL-55328,2026-08-23,STR-001,PRD-1128,Mother's Recipe Mango Pickle 300g,1,85,85,TXN-263040
SAL-55329,2026-08-23,STR-003,PRD-1187,All Out Mosquito Repellent Refill 45ml (2-Pack),2,145,290,TXN-192988
SAL-55330,2026-08-23,STR-001,PRD-1068,Parle Monaco Salted Biscuit 200g,4,30,120,TXN-610944
SAL-55331,2026-08-23,STR-003,PRD-1028,Aavin Pure Ghee 500ml,7,315,2205,TXN-786642
SAL-55332,2026-08-23,STR-002,PRD-1092,Maaza Mango Drink 1.2L,1,75,75,TXN-885704
SAL-55333,2026-08-23,STR-003,PRD-1166,Pears Soft & Fresh Soap 125g,17,65,1105,TXN-884096
SAL-55334,2026-08-23,STR-001,PRD-1167,Dove Cream Beauty Bathing Bar 125g,3,75,225,TXN-541933
SAL-55335,2026-08-23,STR-001,PRD-1010,Idli Rice 5kg,18,290,5220,TXN-477384
SAL-55336,2026-08-23,STR-002,PRD-1046,Cavins Milkshake Strawberry 200ml,2,40,80,TXN-845055
SAL-55337,2026-08-23,STR-002,PRD-1001,India Gate Basmati Rice 5kg,8,520,4160,TXN-110703
SAL-55338,2026-08-23,STR-002,PRD-1160,Curry Leaves 50g Bundle,2,10,20,TXN-871457
SAL-55339,2026-08-23,STR-001,PRD-1042,Amul Cheese Slices 200g,2,140,280,TXN-113679
SAL-55340,2026-08-23,STR-003,PRD-1033,V.V.D Gold Coconut Oil 500ml,1,185,185,TXN-764843
SAL-55341,2026-08-23,STR-002,PRD-1124,MTR Gulab Jamun Mix 175g,1,95,95,TXN-153170
SAL-55342,2026-08-23,STR-001,PRD-1059,Parle-G Glucose Biscuit 250g,4,30,120,TXN-849096
SAL-55343,2026-08-23,STR-001,PRD-1082,Haldiram Khatta Meetha Mix 200g,4,65,260,TXN-329656
SAL-55344,2026-08-23,STR-002,PRD-1198,Garbage Bags Black Medium 30 Sheets,7,90,630,TXN-236927
SAL-55345,2026-08-23,STR-002,PRD-1003,Sona Masoori Rice 5kg,3,380,1140,TXN-622219
SAL-55346,2026-08-23,STR-003,PRD-1068,Parle Monaco Salted Biscuit 200g,3,30,90,TXN-208250
SAL-55347,2026-08-23,STR-002,PRD-1155,Coriander Leaves 100g Bundle,8,15,120,TXN-852722
SAL-55348,2026-08-23,STR-002,PRD-1061,Sunfeast Dark Fantasy Choco Fills 300g,3,150,450,TXN-914582
SAL-55349,2026-08-23,STR-002,PRD-1036,Deepam Lamp Oil 1L,6,110,660,TXN-627788
SAL-55350,2026-08-23,STR-002,PRD-1025,Gold Winner Sunflower Oil 1L,10,145,1450,TXN-451760
SAL-55351,2026-08-23,STR-002,PRD-1127,Kissan Fresh Tomato Ketchup 950g,4,135,540,TXN-526936
SAL-55352,2026-08-23,STR-001,PRD-1189,Odonil Room Air Freshener Spray Citrus 220ml,2,160,320,TXN-306612
SAL-55353,2026-08-23,STR-003,PRD-1045,Aavin Flavoured Milk Chocolate 200ml,6,30,180,TXN-964947
SAL-55354,2026-08-23,STR-001,PRD-1188,Good Knight Gold Flash Machine + Refill,4,130,520,TXN-849991
SAL-55355,2026-08-23,STR-002,PRD-1206,Sebamed Baby Protective Facial Cream 50ml,6,780,4680,TXN-342020
SAL-55356,2026-08-23,STR-001,PRD-1176,Surf Excel Quick Wash Detergent Powder 1kg,1,210,210,TXN-561342
SAL-55357,2026-08-23,STR-003,PRD-1002,Ponni Boiled Rice 10kg,2,680,1360,TXN-473145
SAL-55358,2026-08-23,STR-001,PRD-1132,Sundrop Peanut Butter Crunchy 500g,4,195,780,TXN-712957
SAL-55359,2026-08-23,STR-003,PRD-1034,Dhara Mustard Oil 1L,7,155,1085,TXN-663367
SAL-55360,2026-08-23,STR-003,PRD-1156,Fresh Mint Leaves 100g,1,12,12,TXN-905206
SAL-55361,2026-08-23,STR-001,PRD-1039,Hatsun Fresh Curd 500g Pouch,3,35,105,TXN-124031
SAL-55362,2026-08-23,STR-001,PRD-1041,Amul Pasteurised Butter 100g,2,58,116,TXN-727273
SAL-55363,2026-08-23,STR-002,PRD-1181,Comfort After Wash Fabric Conditioner 860ml,3,235,705,TXN-815795
SAL-55364,2026-08-23,STR-003,PRD-1076,Kurkure Masala Munch 85g,4,20,80,TXN-592491
SAL-55365,2026-08-23,STR-001,PRD-1193,Matchbox Homelites Safety Matches (10-Box),1,30,30,TXN-737658
SAL-55366,2026-08-23,STR-001,PRD-1134,Weikfield Vanilla Custard Powder 100g,2,45,90,TXN-266850
SAL-55367,2026-08-23,STR-001,PRD-1120,Knorr Thick Tomato Soup 53g,1,40,40,TXN-656674
SAL-55368,2026-08-23,STR-002,PRD-1030,Amul Pure Ghee 1L Tin,14,620,8680,TXN-923298
SAL-55369,2026-08-23,STR-001,PRD-1113,Ensure Diabetes Care Vanilla 400g,3,690,2070,TXN-359985
SAL-55370,2026-08-23,STR-001,PRD-1205,Himalaya Baby Lotion 200ml,21,175,3675,TXN-877911
SAL-55371,2026-08-23,STR-002,PRD-1169,Parachute Advansed Jasmine Hair Oil 200ml,4,105,420,TXN-389308
SAL-55372,2026-08-23,STR-003,PRD-1137,Del Monte Whole Corn Canned 415g,1,95,95,TXN-505903
SAL-55373,2026-08-23,STR-002,PRD-1186,Pitambari Shining Powder 200g,4,40,160,TXN-258162
SAL-55374,2026-08-23,STR-001,PRD-1017,Urad Dal White Split 1kg,4,160,640,TXN-940390
SAL-55375,2026-08-24,STR-003,PRD-1073,Haldiram Nagpur Aloo Bhujia 200g,4,60,240,TXN-527361
SAL-55376,2026-08-24,STR-002,PRD-1043,Milky Mist Paneer 200g,3,115,345,TXN-351765
SAL-55377,2026-08-24,STR-002,PRD-1151,Hybrid Tomato 1kg,3,40,120,TXN-960525
SAL-55378,2026-08-24,STR-002,PRD-1175,Vim Dishwash Gel Lemon 500ml,25,115,2875,TXN-789978
SAL-55379,2026-08-24,STR-001,PRD-1006,Quaker Oats 1kg,5,195,975,TXN-815861
SAL-55380,2026-08-24,STR-003,PRD-1180,Rin Detergent Bar 250g (4-Pack),11,60,660,TXN-331319
SAL-55381,2026-08-24,STR-001,PRD-1021,Kabuli Chana 1kg,2,140,280,TXN-455294
SAL-55382,2026-08-24,STR-002,PRD-1132,Sundrop Peanut Butter Crunchy 500g,3,195,585,TXN-240486
SAL-55383,2026-08-24,STR-002,PRD-1146,Mosambi (Sweet Lime) 1kg,6,85,510,TXN-395418
SAL-55384,2026-08-24,STR-003,PRD-1200,Nestle Cerelac Wheat Apple 300g,1,295,295,TXN-295726
SAL-55385,2026-08-24,STR-001,PRD-1133,Hershey's Chocolate Syrup 623g,14,230,3220,TXN-799096
SAL-55386,2026-08-24,STR-003,PRD-1150,Fresh Potato 1kg,8,30,240,TXN-657453
SAL-55387,2026-08-24,STR-001,PRD-1142,Seedless Black Grapes 500g,3,80,240,TXN-357449
SAL-55388,2026-08-24,STR-001,PRD-1166,Pears Soft & Fresh Soap 125g,8,65,520,TXN-312134
SAL-55389,2026-08-24,STR-002,PRD-1015,Chana Dal 1kg,20,115,2300,TXN-136421
SAL-55390,2026-08-24,STR-002,PRD-1138,Knorr Dark Soy Sauce 200ml,3,70,210,TXN-352586
SAL-55391,2026-08-24,STR-003,PRD-1084,Pringles Sour Cream & Onion 107g,1,115,115,TXN-840720
SAL-55392,2026-08-24,STR-002,PRD-1142,Seedless Black Grapes 500g,4,80,320,TXN-989548
SAL-55393,2026-08-24,STR-003,PRD-1055,Britannia Gobbles Marble Cake 110g,19,35,665,TXN-623772
SAL-55394,2026-08-24,STR-002,PRD-1031,Sundrop SuperLite Oil 1L,2,165,330,TXN-492022
SAL-55395,2026-08-24,STR-003,PRD-1205,Himalaya Baby Lotion 200ml,23,175,4025,TXN-380049
SAL-55396,2026-08-24,STR-003,PRD-1184,Ariel Matic Front Load Detergent 1kg,1,280,280,TXN-589584
SAL-55397,2026-08-24,STR-003,PRD-1130,Nutella Hazelnut Spread 350g Jar,25,380,9500,TXN-509368
SAL-55398,2026-08-24,STR-002,PRD-1022,Masoor Dal Red 1kg,7,110,770,TXN-691098
SAL-55399,2026-08-24,STR-003,PRD-1109,Bournvita Chocolate Health Drink 500g,3,240,720,TXN-623637
SAL-55400,2026-08-24,STR-003,PRD-1103,Narasus Pure Filter Coffee 200g,3,120,360,TXN-575562
SAL-55401,2026-08-24,STR-003,PRD-1108,Boost Health Drink 500g Refill,6,235,1410,TXN-381281
SAL-55402,2026-08-24,STR-001,PRD-1159,Garlic 250g,6,60,360,TXN-451800
SAL-55403,2026-08-24,STR-002,PRD-1155,Coriander Leaves 100g Bundle,16,15,240,TXN-478003
SAL-55404,2026-08-24,STR-001,PRD-1141,Nagpur Oranges 1kg,6,90,540,TXN-557793
SAL-55405,2026-08-24,STR-002,PRD-1071,Britannia Milk Bikis 200g,4,35,140,TXN-595125
SAL-55406,2026-08-24,STR-003,PRD-1110,Complan Chocolate Health Drink 500g,25,260,6500,TXN-384011
SAL-55407,2026-08-24,STR-003,PRD-1068,Parle Monaco Salted Biscuit 200g,2,30,60,TXN-863503
SAL-55408,2026-08-24,STR-003,PRD-1081,Ribbon Pakoda 200g,2,75,150,TXN-627213
SAL-55409,2026-08-24,STR-002,PRD-1204,MamyPoko Pants Standard Diaper Medium 34s,4,450,1800,TXN-946088
SAL-55410,2026-08-24,STR-002,PRD-1150,Fresh Potato 1kg,8,30,240,TXN-318755
SAL-55411,2026-08-24,STR-002,PRD-1124,MTR Gulab Jamun Mix 175g,3,95,285,TXN-232616
SAL-55412,2026-08-24,STR-001,PRD-1004,Aashirvaad Shuddha Chakki Atta 5kg,2,245,490,TXN-459931
SAL-55413,2026-08-24,STR-002,PRD-1109,Bournvita Chocolate Health Drink 500g,2,240,480,TXN-123200
SAL-55414,2026-08-24,STR-001,PRD-1136,Ching's Secret Dark Soy Sauce 210g,1,65,65,TXN-108304
SAL-55415,2026-08-24,STR-001,PRD-1061,Sunfeast Dark Fantasy Choco Fills 300g,5,150,750,TXN-979515
SAL-55416,2026-08-24,STR-003,PRD-1163,Clinic Plus Strong & Long Shampoo 175ml,6,110,660,TXN-421230
SAL-55417,2026-08-24,STR-001,PRD-1069,Parle Krackjack Sweet & Salty 200g,4,30,120,TXN-954344
SAL-55418,2026-08-24,STR-002,PRD-1047,Milky Mist Fresh Cream 200ml,2,70,140,TXN-897355
SAL-55419,2026-08-24,STR-002,PRD-1061,Sunfeast Dark Fantasy Choco Fills 300g,5,150,750,TXN-249522
SAL-55420,2026-08-24,STR-001,PRD-1139,Fresh Shimla Apples 1kg,4,180,720,TXN-489247
SAL-55421,2026-08-24,STR-001,PRD-1049,Modern Family Special White Bread 400g,6,45,270,TXN-516363
SAL-55422,2026-08-24,STR-003,PRD-1156,Fresh Mint Leaves 100g,2,12,24,TXN-568382
SAL-55423,2026-08-24,STR-001,PRD-1043,Milky Mist Paneer 200g,1,115,115,TXN-994905
SAL-55424,2026-08-24,STR-003,PRD-1032,Parachute Coconut Oil 500ml,2,190,380,TXN-114204
SAL-55425,2026-08-24,STR-001,PRD-1107,Horlicks Classic Malt 500g Jar,3,245,735,TXN-389599
SAL-55426,2026-08-24,STR-003,PRD-1053,Sweet Bun 2-Pack,3,20,60,TXN-485815
SAL-55427,2026-08-24,STR-002,PRD-1078,Hot & Crispy Banana Chips 250g,8,90,720,TXN-290413
SAL-55428,2026-08-24,STR-001,PRD-1148,Kiwi Fruit 3-Pack,2,120,240,TXN-953160
SAL-55429,2026-08-24,STR-001,PRD-1050,Britannia 100% Whole Wheat Bread 400g,10,50,500,TXN-800131
SAL-55430,2026-08-24,STR-001,PRD-1124,MTR Gulab Jamun Mix 175g,7,95,665,TXN-782271
SAL-55431,2026-08-24,STR-001,PRD-1200,Nestle Cerelac Wheat Apple 300g,1,295,295,TXN-304905
SAL-55432,2026-08-24,STR-001,PRD-1116,Sunfeast Yippee Magic Masala Noodles 240g,4,48,192,TXN-265059
SAL-55433,2026-08-24,STR-002,PRD-1096,Bisleri Water Bottle 2L,1,30,30,TXN-956244
SAL-55434,2026-08-24,STR-001,PRD-1055,Britannia Gobbles Marble Cake 110g,8,35,280,TXN-914483
SAL-55435,2026-08-24,STR-002,PRD-1037,Aavin Toned Milk 500ml Pouch,3,24,72,TXN-423953
SAL-55436,2026-08-24,STR-003,PRD-1185,Scotch-Brite Scrub Pad Large (3-Pack),14,45,630,TXN-948920
SAL-55437,2026-08-24,STR-001,PRD-1185,Scotch-Brite Scrub Pad Large (3-Pack),8,45,360,TXN-694093
SAL-55438,2026-08-24,STR-001,PRD-1015,Chana Dal 1kg,17,115,1955,TXN-789738
SAL-55439,2026-08-24,STR-002,PRD-1192,Freshwrap Aluminum Foil 18m Roll,1,175,175,TXN-336983
SAL-55440,2026-08-24,STR-003,PRD-1177,Harpic Power Plus Toilet Cleaner 500ml,6,95,570,TXN-813733
SAL-55441,2026-08-24,STR-001,PRD-1036,Deepam Lamp Oil 1L,7,110,770,TXN-131444
SAL-55442,2026-08-25,STR-002,PRD-1192,Freshwrap Aluminum Foil 18m Roll,1,175,175,TXN-435322
SAL-55443,2026-08-25,STR-003,PRD-1044,Amul Taaza Homogenised Milk 1L Pack,4,72,288,TXN-987810
SAL-55444,2026-08-25,STR-003,PRD-1178,Lizol Disinfectant Floor Cleaner Citrus 1L,7,215,1505,TXN-225740
SAL-55445,2026-08-25,STR-002,PRD-1191,Eveready Red AA Batteries (4-Pack),2,60,120,TXN-733565
SAL-55446,2026-08-25,STR-003,PRD-1128,Mother's Recipe Mango Pickle 300g,1,85,85,TXN-701530
SAL-55447,2026-08-25,STR-001,PRD-1061,Sunfeast Dark Fantasy Choco Fills 300g,5,150,750,TXN-229413
SAL-55448,2026-08-25,STR-001,PRD-1052,Britannia Fruit Bun 150g,5,25,125,TXN-328187
SAL-55449,2026-08-25,STR-002,PRD-1044,Amul Taaza Homogenised Milk 1L Pack,9,72,648,TXN-654787
SAL-55450,2026-08-25,STR-002,PRD-1029,Hatsun Pure Cow Ghee 500ml,5,330,1650,TXN-827845
SAL-55451,2026-08-25,STR-001,PRD-1133,Hershey's Chocolate Syrup 623g,6,230,1380,TXN-272468
SAL-55452,2026-08-25,STR-001,PRD-1198,Garbage Bags Black Medium 30 Sheets,7,90,630,TXN-308099
SAL-55453,2026-08-25,STR-001,PRD-1161,Mysore Sandal Soap 125g,2,55,110,TXN-496449
SAL-55454,2026-08-25,STR-001,PRD-1034,Dhara Mustard Oil 1L,13,155,2015,TXN-468117
SAL-55455,2026-08-25,STR-003,PRD-1200,Nestle Cerelac Wheat Apple 300g,1,295,295,TXN-643264
SAL-55456,2026-08-25,STR-003,PRD-1101,BRU Instant Coffee 100g Glass Jar,7,185,1295,TXN-284560
SAL-55457,2026-08-25,STR-001,PRD-1115,Maggi 2-Minute Masala Noodles 280g (4-Pack),28,56,1568,TXN-128090
SAL-55458,2026-08-25,STR-001,PRD-1057,Plum Cake 250g,5,120,600,TXN-295545
SAL-55459,2026-08-25,STR-001,PRD-1076,Kurkure Masala Munch 85g,4,20,80,TXN-761827
SAL-55460,2026-08-25,STR-002,PRD-1101,BRU Instant Coffee 100g Glass Jar,2,185,370,TXN-854069
SAL-55461,2026-08-25,STR-001,PRD-1064,Britannia Good Day Cashew 200g,1,50,50,TXN-745262
SAL-55462,2026-08-25,STR-002,PRD-1156,Fresh Mint Leaves 100g,4,12,48,TXN-791298
SAL-55463,2026-08-25,STR-001,PRD-1182,Exo Touch & Shine Dishwash Bar 250g,5,30,150,TXN-346028
SAL-55464,2026-08-25,STR-001,PRD-1166,Pears Soft & Fresh Soap 125g,7,65,455,TXN-258100
SAL-55465,2026-08-25,STR-001,PRD-1094,Red Bull Energy Drink 250ml,5,125,625,TXN-908303
SAL-55466,2026-08-25,STR-003,PRD-1096,Bisleri Water Bottle 2L,1,30,30,TXN-337858
SAL-55467,2026-08-25,STR-003,PRD-1179,Colin Glass Cleaner Spray 500ml,9,105,945,TXN-299338
SAL-55468,2026-08-25,STR-002,PRD-1018,Rajma Red Kidney Beans 500g,7,95,665,TXN-732700
SAL-55469,2026-08-25,STR-002,PRD-1041,Amul Pasteurised Butter 100g,3,58,174,TXN-101493
SAL-55470,2026-08-25,STR-002,PRD-1179,Colin Glass Cleaner Spray 500ml,5,105,525,TXN-994292
SAL-55471,2026-08-25,STR-002,PRD-1070,Hide & Seek Chocolate Chip Biscuits 120g,16,40,640,TXN-827179
SAL-55472,2026-08-25,STR-003,PRD-1059,Parle-G Glucose Biscuit 250g,6,30,180,TXN-919684
SAL-55473,2026-08-25,STR-001,PRD-1010,Idli Rice 5kg,16,290,4640,TXN-919838
SAL-55474,2026-08-25,STR-002,PRD-1190,Duracell Chota Power AA Batteries (4-Pack),10,160,1600,TXN-235478
SAL-55475,2026-08-25,STR-001,PRD-1148,Kiwi Fruit 3-Pack,1,120,120,TXN-547554
SAL-55476,2026-08-25,STR-002,PRD-1123,Top Ramen Curry Noodles 280g,2,55,110,TXN-467010
SAL-55477,2026-08-25,STR-001,PRD-1054,Garlic Butter Toast 150g,7,40,280,TXN-592350
SAL-55478,2026-08-25,STR-003,PRD-1080,Murukku Traditional 250g,6,80,480,TXN-151332
SAL-55479,2026-08-25,STR-002,PRD-1160,Curry Leaves 50g Bundle,1,10,10,TXN-581416
SAL-55480,2026-08-25,STR-003,PRD-1166,Pears Soft & Fresh Soap 125g,6,65,390,TXN-296542
SAL-55481,2026-08-25,STR-002,PRD-1163,Clinic Plus Strong & Long Shampoo 175ml,4,110,440,TXN-622016
SAL-55482,2026-08-25,STR-002,PRD-1048,Amul Fresh Condensed Milk 400g,1,130,130,TXN-226660
SAL-55483,2026-08-25,STR-001,PRD-1208,Mee Mee Baby Laundry Detergent 1L,1,380,380,TXN-946123
SAL-55484,2026-08-25,STR-001,PRD-1155,Coriander Leaves 100g Bundle,9,15,135,TXN-995001
SAL-55485,2026-08-25,STR-002,PRD-1144,Pomegranate Kabuli 1kg,8,210,1680,TXN-140448
SAL-55486,2026-08-25,STR-001,PRD-1117,MTR Rava Idli Mix 500g,3,110,330,TXN-615262
SAL-55487,2026-08-25,STR-003,PRD-1146,Mosambi (Sweet Lime) 1kg,3,85,255,TXN-515682
SAL-55488,2026-08-25,STR-002,PRD-1068,Parle Monaco Salted Biscuit 200g,2,30,60,TXN-776128
SAL-55489,2026-08-25,STR-003,PRD-1070,Hide & Seek Chocolate Chip Biscuits 120g,25,40,1000,TXN-963635
SAL-55490,2026-08-25,STR-003,PRD-1168,Sunsilk Black Shine Shampoo 180ml,1,125,125,TXN-333057
SAL-55491,2026-08-25,STR-002,PRD-1002,Ponni Boiled Rice 10kg,4,680,2720,TXN-685394
SAL-55492,2026-08-25,STR-001,PRD-1041,Amul Pasteurised Butter 100g,2,58,116,TXN-762825
SAL-55493,2026-08-25,STR-001,PRD-1101,BRU Instant Coffee 100g Glass Jar,6,185,1110,TXN-840385
SAL-55494,2026-08-25,STR-002,PRD-1023,Horse Gram (Kollu) 500g,5,60,300,TXN-616942
SAL-55495,2026-08-25,STR-003,PRD-1017,Urad Dal White Split 1kg,6,160,960,TXN-982706
SAL-55496,2026-08-25,STR-001,PRD-1129,Aachi Lime Pickle 300g,2,65,130,TXN-841816
SAL-55497,2026-08-25,STR-003,PRD-1055,Britannia Gobbles Marble Cake 110g,21,35,735,TXN-660078
SAL-55498,2026-08-25,STR-002,PRD-1158,Ginger 250g,4,40,160,TXN-917208
SAL-55499,2026-08-25,STR-002,PRD-1193,Matchbox Homelites Safety Matches (10-Box),4,30,120,TXN-310034
SAL-55500,2026-08-25,STR-003,PRD-1023,Horse Gram (Kollu) 500g,6,60,360,TXN-890365
SAL-55501,2026-08-25,STR-003,PRD-1132,Sundrop Peanut Butter Crunchy 500g,3,195,585,TXN-252199
SAL-55502,2026-08-25,STR-003,PRD-1117,MTR Rava Idli Mix 500g,2,110,220,TXN-327216
SAL-55503,2026-08-25,STR-001,PRD-1187,All Out Mosquito Repellent Refill 45ml (2-Pack),4,145,580,TXN-260187
SAL-55504,2026-08-25,STR-002,PRD-1017,Urad Dal White Split 1kg,4,160,640,TXN-269225
SAL-55505,2026-08-25,STR-002,PRD-1055,Britannia Gobbles Marble Cake 110g,24,35,840,TXN-891026
SAL-55506,2026-08-25,STR-002,PRD-1174,Vaseline Total Moisture Body Lotion 200ml,2,215,430,TXN-366082
SAL-55507,2026-08-25,STR-001,PRD-1065,Britannia Good Day Butter 200g,18,45,810,TXN-462918
SAL-55508,2026-08-25,STR-001,PRD-1047,Milky Mist Fresh Cream 200ml,5,70,350,TXN-802916
SAL-55509,2026-08-25,STR-003,PRD-1024,Black Eyed Beans (Karamani) 500g,1,70,70,TXN-693571
SAL-55510,2026-08-26,STR-001,PRD-1056,Winkies Chocolate Swiss Roll 100g,12,30,360,TXN-494238
SAL-55511,2026-08-26,STR-001,PRD-1067,Britannia NutriChoice Digestive 250g,16,65,1040,TXN-321794
SAL-55512,2026-08-26,STR-001,PRD-1065,Britannia Good Day Butter 200g,13,45,585,TXN-572760
SAL-55513,2026-08-26,STR-001,PRD-1128,Mother's Recipe Mango Pickle 300g,1,85,85,TXN-475130
SAL-55514,2026-08-26,STR-001,PRD-1146,Mosambi (Sweet Lime) 1kg,4,85,340,TXN-163122
SAL-55515,2026-08-26,STR-002,PRD-1021,Kabuli Chana 1kg,5,140,700,TXN-100553
SAL-55516,2026-08-26,STR-002,PRD-1136,Ching's Secret Dark Soy Sauce 210g,1,65,65,TXN-119042
SAL-55517,2026-08-26,STR-001,PRD-1122,Maggi Cuppa Masala Noodles 70g,7,50,350,TXN-115633
SAL-55518,2026-08-26,STR-003,PRD-1076,Kurkure Masala Munch 85g,1,20,20,TXN-783701
SAL-55519,2026-08-26,STR-001,PRD-1134,Weikfield Vanilla Custard Powder 100g,4,45,180,TXN-242559
SAL-55520,2026-08-26,STR-003,PRD-1018,Rajma Red Kidney Beans 500g,5,95,475,TXN-194167
SAL-55521,2026-08-26,STR-002,PRD-1140,Robusta Bananas 1kg,9,45,405,TXN-176851
SAL-55522,2026-08-26,STR-001,PRD-1088,Coca-Cola Original Taste 750ml,1,40,40,TXN-699338
SAL-55523,2026-08-26,STR-003,PRD-1172,Dabur Red Toothpowder 100g,4,45,180,TXN-851254
SAL-55524,2026-08-26,STR-003,PRD-1088,Coca-Cola Original Taste 750ml,1,40,40,TXN-750436
SAL-55525,2026-08-26,STR-001,PRD-1025,Gold Winner Sunflower Oil 1L,11,145,1595,TXN-657821
SAL-55526,2026-08-26,STR-001,PRD-1042,Amul Cheese Slices 200g,2,140,280,TXN-575952
SAL-55527,2026-08-26,STR-003,PRD-1191,Eveready Red AA Batteries (4-Pack),5,60,300,TXN-693907
SAL-55528,2026-08-26,STR-003,PRD-1020,Fried Gram (Pottukadalai) 500g,19,75,1425,TXN-597619
SAL-55529,2026-08-26,STR-002,PRD-1098,Tata Tea Gold 500g,3,290,870,TXN-272987
SAL-55530,2026-08-26,STR-002,PRD-1143,Ripe Papaya 1kg,4,50,200,TXN-607377
SAL-55531,2026-08-26,STR-002,PRD-1177,Harpic Power Plus Toilet Cleaner 500ml,7,95,665,TXN-936648
SAL-55532,2026-08-26,STR-001,PRD-1100,Chakra Gold Tea 250g,15,150,2250,TXN-907918
SAL-55533,2026-08-26,STR-003,PRD-1038,Aavin Full Cream Milk 500ml,1,30,30,TXN-559118
SAL-55534,2026-08-26,STR-002,PRD-1085,Paper Boat Mango Juice 250ml,22,35,770,TXN-807736
SAL-55535,2026-08-26,STR-002,PRD-1003,Sona Masoori Rice 5kg,3,380,1140,TXN-582745
SAL-55536,2026-08-26,STR-001,PRD-1175,Vim Dishwash Gel Lemon 500ml,26,115,2990,TXN-829235
SAL-55537,2026-08-26,STR-001,PRD-1114,Milo Cocoa Beverage Powder 400g,2,220,440,TXN-656183
SAL-55538,2026-08-26,STR-001,PRD-1083,Doritos Nacho Cheese Chips 60g,4,30,120,TXN-598235
SAL-55539,2026-08-26,STR-002,PRD-1201,Himalaya Gentle Baby Soap 75g (3-Pack),2,135,270,TXN-540775
SAL-55540,2026-08-26,STR-002,PRD-1110,Complan Chocolate Health Drink 500g,15,260,3900,TXN-981495
SAL-55541,2026-08-26,STR-003,PRD-1044,Amul Taaza Homogenised Milk 1L Pack,5,72,360,TXN-318108
SAL-55542,2026-08-26,STR-002,PRD-1202,Johnson's Baby Powder 200g,6,190,1140,TXN-818209
SAL-55543,2026-08-26,STR-001,PRD-1117,MTR Rava Idli Mix 500g,5,110,550,TXN-832203
SAL-55544,2026-08-26,STR-002,PRD-1054,Garlic Butter Toast 150g,6,40,240,TXN-312876
SAL-55545,2026-08-26,STR-003,PRD-1005,Pillsbury Chakki Fresh Atta 5kg,9,240,2160,TXN-196149
SAL-55546,2026-08-26,STR-003,PRD-1026,Idhayam Sesame/Gingelly Oil 1L,7,320,2240,TXN-500798
SAL-55547,2026-08-26,STR-001,PRD-1080,Murukku Traditional 250g,3,80,240,TXN-297526
SAL-55548,2026-08-26,STR-001,PRD-1139,Fresh Shimla Apples 1kg,2,180,360,TXN-637389
SAL-55549,2026-08-26,STR-002,PRD-1063,Oreo Vanilla Cream Biscuit 120g,6,35,210,TXN-923800
SAL-55550,2026-08-26,STR-003,PRD-1144,Pomegranate Kabuli 1kg,11,210,2310,TXN-451137
SAL-55551,2026-08-26,STR-001,PRD-1183,Domex Fresh Guard Toilet Cleaner 500ml,1,85,85,TXN-147899
SAL-55552,2026-08-26,STR-003,PRD-1103,Narasus Pure Filter Coffee 200g,2,120,240,TXN-714563
SAL-55553,2026-08-26,STR-001,PRD-1144,Pomegranate Kabuli 1kg,5,210,1050,TXN-983073
SAL-55554,2026-08-26,STR-003,PRD-1205,Himalaya Baby Lotion 200ml,8,175,1400,TXN-466063
SAL-55555,2026-08-26,STR-003,PRD-1170,Nivea Soft Light Moisturiser 100ml,7,195,1365,TXN-496504
SAL-55556,2026-08-26,STR-001,PRD-1132,Sundrop Peanut Butter Crunchy 500g,3,195,585,TXN-396525
SAL-55557,2026-08-26,STR-002,PRD-1139,Fresh Shimla Apples 1kg,5,180,900,TXN-578250
SAL-55558,2026-08-26,STR-003,PRD-1023,Horse Gram (Kollu) 500g,10,60,600,TXN-397892
SAL-55559,2026-08-26,STR-002,PRD-1113,Ensure Diabetes Care Vanilla 400g,3,690,2070,TXN-845502
SAL-55560,2026-08-26,STR-002,PRD-1100,Chakra Gold Tea 250g,5,150,750,TXN-247094
SAL-55561,2026-08-26,STR-003,PRD-1171,Gillette Guard Razor 1-Pack,4,25,100,TXN-688526
SAL-55562,2026-08-26,STR-002,PRD-1017,Urad Dal White Split 1kg,6,160,960,TXN-421042
SAL-55563,2026-08-26,STR-003,PRD-1130,Nutella Hazelnut Spread 350g Jar,15,380,5700,TXN-797702
SAL-55564,2026-08-26,STR-002,PRD-1115,Maggi 2-Minute Masala Noodles 280g (4-Pack),15,56,840,TXN-620525
SAL-55565,2026-08-26,STR-001,PRD-1091,7Up Nimbooz 350ml,5,25,125,TXN-700200
SAL-55566,2026-08-26,STR-001,PRD-1205,Himalaya Baby Lotion 200ml,15,175,2625,TXN-572004
SAL-55567,2026-08-26,STR-001,PRD-1133,Hershey's Chocolate Syrup 623g,6,230,1380,TXN-955864
SAL-55568,2026-08-26,STR-001,PRD-1032,Parachute Coconut Oil 500ml,1,190,190,TXN-464441
SAL-55569,2026-08-26,STR-002,PRD-1154,Green Capsicum 500g,2,45,90,TXN-135415
SAL-55570,2026-08-26,STR-001,PRD-1097,3 Roses Dust Tea 250g,2,160,320,TXN-446686
SAL-55571,2026-08-26,STR-003,PRD-1028,Aavin Pure Ghee 500ml,2,315,630,TXN-526462
SAL-55572,2026-08-26,STR-003,PRD-1203,Johnson's Baby Hair Oil 100ml,2,120,240,TXN-430023
SAL-55573,2026-08-26,STR-003,PRD-1123,Top Ramen Curry Noodles 280g,3,55,165,TXN-593103
SAL-55574,2026-08-26,STR-001,PRD-1119,Bambino Roasted Vermicelli 400g,3,45,135,TXN-717467
SAL-55575,2026-08-26,STR-001,PRD-1007,Saffola Masala Oats 500g,3,175,525,TXN-385631
SAL-55576,2026-08-26,STR-002,PRD-1205,Himalaya Baby Lotion 200ml,22,175,3850,TXN-746403
SAL-55577,2026-08-26,STR-003,PRD-1033,V.V.D Gold Coconut Oil 500ml,1,185,185,TXN-586961
SAL-55578,2026-08-27,STR-001,PRD-1159,Garlic 250g,4,60,240,TXN-734848
SAL-55579,2026-08-27,STR-001,PRD-1029,Hatsun Pure Cow Ghee 500ml,6,330,1980,TXN-858693
SAL-55580,2026-08-27,STR-002,PRD-1040,Milky Mist Thick Curd 1kg Bucket,1,90,90,TXN-703580
SAL-55581,2026-08-27,STR-003,PRD-1203,Johnson's Baby Hair Oil 100ml,4,120,480,TXN-659078
SAL-55582,2026-08-27,STR-002,PRD-1129,Aachi Lime Pickle 300g,3,65,195,TXN-647760
SAL-55583,2026-08-27,STR-001,PRD-1050,Britannia 100% Whole Wheat Bread 400g,14,50,700,TXN-382705
SAL-55584,2026-08-27,STR-001,PRD-1205,Himalaya Baby Lotion 200ml,9,175,1575,TXN-265353
SAL-55585,2026-08-27,STR-002,PRD-1137,Del Monte Whole Corn Canned 415g,1,95,95,TXN-108363
SAL-55586,2026-08-27,STR-001,PRD-1081,Ribbon Pakoda 200g,6,75,450,TXN-897178
SAL-55587,2026-08-27,STR-001,PRD-1116,Sunfeast Yippee Magic Masala Noodles 240g,6,48,288,TXN-235359
SAL-55588,2026-08-27,STR-003,PRD-1074,Lays Magic Masala Potato Chips 50g,2,20,40,TXN-281757
SAL-55589,2026-08-27,STR-003,PRD-1018,Rajma Red Kidney Beans 500g,2,95,190,TXN-601992
SAL-55590,2026-08-27,STR-003,PRD-1133,Hershey's Chocolate Syrup 623g,18,230,4140,TXN-602194
SAL-55591,2026-08-27,STR-001,PRD-1168,Sunsilk Black Shine Shampoo 180ml,1,125,125,TXN-992994
SAL-55592,2026-08-27,STR-001,PRD-1004,Aashirvaad Shuddha Chakki Atta 5kg,5,245,1225,TXN-302077
SAL-55593,2026-08-27,STR-002,PRD-1065,Britannia Good Day Butter 200g,9,45,405,TXN-844232
SAL-55594,2026-08-27,STR-003,PRD-1132,Sundrop Peanut Butter Crunchy 500g,6,195,1170,TXN-488543
SAL-55595,2026-08-27,STR-002,PRD-1126,Eastern Chicken Masala 100g,3,42,126,TXN-939230
SAL-55596,2026-08-27,STR-001,PRD-1059,Parle-G Glucose Biscuit 250g,5,30,150,TXN-915525
SAL-55597,2026-08-27,STR-002,PRD-1190,Duracell Chota Power AA Batteries (4-Pack),7,160,1120,TXN-356307
SAL-55598,2026-08-27,STR-003,PRD-1058,Pav Bun 6-Pack,2,35,70,TXN-416430
SAL-55599,2026-08-27,STR-003,PRD-1166,Pears Soft & Fresh Soap 125g,9,65,585,TXN-553862
SAL-55600,2026-08-27,STR-002,PRD-1149,Fresh Red Onion 1kg,4,35,140,TXN-500033
SAL-55601,2026-08-27,STR-001,PRD-1075,Lays Classic Salted Potato Chips 50g,25,20,500,TXN-255589
SAL-55602,2026-08-27,STR-003,PRD-1153,Ladies Finger (Bhindi) 500g,5,30,150,TXN-334300
SAL-55603,2026-08-27,STR-002,PRD-1108,Boost Health Drink 500g Refill,3,235,705,TXN-962936
SAL-55604,2026-08-27,STR-001,PRD-1085,Paper Boat Mango Juice 250ml,8,35,280,TXN-873111
SAL-55605,2026-08-27,STR-002,PRD-1113,Ensure Diabetes Care Vanilla 400g,5,690,3450,TXN-211816
SAL-55606,2026-08-27,STR-003,PRD-1104,Cothas Coffee Chicory Blend 500g,1,220,220,TXN-220375
SAL-55607,2026-08-27,STR-001,PRD-1189,Odonil Room Air Freshener Spray Citrus 220ml,2,160,320,TXN-583887
SAL-55608,2026-08-27,STR-003,PRD-1201,Himalaya Gentle Baby Soap 75g (3-Pack),3,135,405,TXN-512596
SAL-55609,2026-08-27,STR-002,PRD-1205,Himalaya Baby Lotion 200ml,28,175,4900,TXN-654450
SAL-55610,2026-08-27,STR-002,PRD-1121,MTR Ready to Eat Paneer Butter Masala 300g,6,140,840,TXN-510628
SAL-55611,2026-08-27,STR-001,PRD-1142,Seedless Black Grapes 500g,3,80,240,TXN-710638
SAL-55612,2026-08-27,STR-001,PRD-1126,Eastern Chicken Masala 100g,2,42,84,TXN-810453
SAL-55613,2026-08-27,STR-001,PRD-1102,Nescafe Classic Instant Coffee 50g,7,160,1120,TXN-102429
SAL-55614,2026-08-27,STR-003,PRD-1089,Sprite Lemon-Lime 750ml,13,40,520,TXN-701530
SAL-55615,2026-08-27,STR-001,PRD-1108,Boost Health Drink 500g Refill,2,235,470,TXN-172125
SAL-55616,2026-08-27,STR-002,PRD-1119,Bambino Roasted Vermicelli 400g,3,45,135,TXN-478007
SAL-55617,2026-08-27,STR-001,PRD-1095,Kinley Packaged Drinking Water 1L,19,20,380,TXN-298340
SAL-55618,2026-08-27,STR-002,PRD-1080,Murukku Traditional 250g,5,80,400,TXN-188753
SAL-55619,2026-08-27,STR-001,PRD-1111,Pediasure Chocolate 400g Jar,6,620,3720,TXN-668369
SAL-55620,2026-08-27,STR-002,PRD-1093,Frooti Mango Drink 1L,2,65,130,TXN-150392
SAL-55621,2026-08-27,STR-002,PRD-1110,Complan Chocolate Health Drink 500g,12,260,3120,TXN-969074
SAL-55622,2026-08-27,STR-003,PRD-1044,Amul Taaza Homogenised Milk 1L Pack,4,72,288,TXN-803330
SAL-55623,2026-08-27,STR-001,PRD-1143,Ripe Papaya 1kg,9,50,450,TXN-135112
SAL-55624,2026-08-27,STR-003,PRD-1088,Coca-Cola Original Taste 750ml,1,40,40,TXN-304370
SAL-55625,2026-08-27,STR-001,PRD-1088,Coca-Cola Original Taste 750ml,1,40,40,TXN-406975
SAL-55626,2026-08-27,STR-003,PRD-1093,Frooti Mango Drink 1L,3,65,195,TXN-526327
SAL-55627,2026-08-27,STR-001,PRD-1100,Chakra Gold Tea 250g,9,150,1350,TXN-213017
SAL-55628,2026-08-27,STR-002,PRD-1208,Mee Mee Baby Laundry Detergent 1L,1,380,380,TXN-343259
SAL-55629,2026-08-27,STR-002,PRD-1162,Dettol Original Soap 75g (3-Pack),5,105,525,TXN-848898
SAL-55630,2026-08-27,STR-001,PRD-1103,Narasus Pure Filter Coffee 200g,2,120,240,TXN-628938
SAL-55631,2026-08-27,STR-001,PRD-1082,Haldiram Khatta Meetha Mix 200g,4,65,260,TXN-807576
SAL-55632,2026-08-27,STR-001,PRD-1207,Pigeon Baby Feeding Bottle 250ml,6,220,1320,TXN-515493
SAL-55633,2026-08-27,STR-003,PRD-1097,3 Roses Dust Tea 250g,7,160,1120,TXN-666516
SAL-55634,2026-08-27,STR-003,PRD-1147,Watermelon Kiran 1 Unit (~3kg),5,90,450,TXN-134256
SAL-55635,2026-08-27,STR-003,PRD-1095,Kinley Packaged Drinking Water 1L,13,20,260,TXN-782754
SAL-55636,2026-08-27,STR-001,PRD-1007,Saffola Masala Oats 500g,1,175,175,TXN-842230
SAL-55637,2026-08-27,STR-002,PRD-1189,Odonil Room Air Freshener Spray Citrus 220ml,3,160,480,TXN-696724
SAL-55638,2026-08-27,STR-001,PRD-1202,Johnson's Baby Powder 200g,3,190,570,TXN-499957
SAL-55639,2026-08-27,STR-002,PRD-1062,Britannia Marie Gold 300g,6,40,240,TXN-152557
SAL-55640,2026-08-27,STR-002,PRD-1053,Sweet Bun 2-Pack,2,20,40,TXN-943807
SAL-55641,2026-08-27,STR-002,PRD-1081,Ribbon Pakoda 200g,6,75,450,TXN-778044
SAL-55642,2026-08-27,STR-001,PRD-1018,Rajma Red Kidney Beans 500g,6,95,570,TXN-610966
SAL-55643,2026-08-27,STR-002,PRD-1180,Rin Detergent Bar 250g (4-Pack),15,60,900,TXN-297471
SAL-55644,2026-08-28,STR-002,PRD-1109,Bournvita Chocolate Health Drink 500g,3,240,720,TXN-930895
SAL-55645,2026-08-28,STR-002,PRD-1075,Lays Classic Salted Potato Chips 50g,11,20,220,TXN-233227
SAL-55646,2026-08-28,STR-002,PRD-1115,Maggi 2-Minute Masala Noodles 280g (4-Pack),12,56,672,TXN-580722
SAL-55647,2026-08-28,STR-003,PRD-1021,Kabuli Chana 1kg,1,140,140,TXN-938394
SAL-55648,2026-08-28,STR-002,PRD-1056,Winkies Chocolate Swiss Roll 100g,9,30,270,TXN-877413
SAL-55649,2026-08-28,STR-003,PRD-1082,Haldiram Khatta Meetha Mix 200g,2,65,130,TXN-908003
SAL-55650,2026-08-28,STR-002,PRD-1193,Matchbox Homelites Safety Matches (10-Box),2,30,60,TXN-576283
SAL-55651,2026-08-28,STR-002,PRD-1132,Sundrop Peanut Butter Crunchy 500g,3,195,585,TXN-271344
SAL-55652,2026-08-28,STR-001,PRD-1018,Rajma Red Kidney Beans 500g,6,95,570,TXN-238834
SAL-55653,2026-08-28,STR-003,PRD-1059,Parle-G Glucose Biscuit 250g,3,30,90,TXN-491433
SAL-55654,2026-08-28,STR-001,PRD-1059,Parle-G Glucose Biscuit 250g,3,30,90,TXN-953880
SAL-55655,2026-08-28,STR-002,PRD-1201,Himalaya Gentle Baby Soap 75g (3-Pack),3,135,405,TXN-533677
SAL-55656,2026-08-28,STR-003,PRD-1101,BRU Instant Coffee 100g Glass Jar,8,185,1480,TXN-371521
SAL-55657,2026-08-28,STR-002,PRD-1152,Ooty Carrot 500g,8,35,280,TXN-673009
SAL-55658,2026-08-28,STR-001,PRD-1141,Nagpur Oranges 1kg,4,90,360,TXN-913892
SAL-55659,2026-08-28,STR-002,PRD-1122,Maggi Cuppa Masala Noodles 70g,19,50,950,TXN-972097
SAL-55660,2026-08-28,STR-003,PRD-1161,Mysore Sandal Soap 125g,7,55,385,TXN-436713
SAL-55661,2026-08-28,STR-003,PRD-1121,MTR Ready to Eat Paneer Butter Masala 300g,5,140,700,TXN-534026
SAL-55662,2026-08-28,STR-002,PRD-1058,Pav Bun 6-Pack,1,35,35,TXN-924872
SAL-55663,2026-08-28,STR-002,PRD-1072,Unibic Assorted Cookies 75g,1,45,45,TXN-291760
SAL-55664,2026-08-28,STR-001,PRD-1073,Haldiram Nagpur Aloo Bhujia 200g,8,60,480,TXN-152477
SAL-55665,2026-08-28,STR-003,PRD-1048,Amul Fresh Condensed Milk 400g,1,130,130,TXN-770898
SAL-55666,2026-08-28,STR-002,PRD-1187,All Out Mosquito Repellent Refill 45ml (2-Pack),4,145,580,TXN-662899
SAL-55667,2026-08-28,STR-003,PRD-1055,Britannia Gobbles Marble Cake 110g,23,35,805,TXN-562113
SAL-55668,2026-08-28,STR-003,PRD-1084,Pringles Sour Cream & Onion 107g,1,115,115,TXN-810555
SAL-55669,2026-08-28,STR-002,PRD-1004,Aashirvaad Shuddha Chakki Atta 5kg,3,245,735,TXN-255543
SAL-55670,2026-08-28,STR-003,PRD-1049,Modern Family Special White Bread 400g,4,45,180,TXN-167202
SAL-55671,2026-08-28,STR-003,PRD-1006,Quaker Oats 1kg,2,195,390,TXN-432039
SAL-55672,2026-08-28,STR-001,PRD-1049,Modern Family Special White Bread 400g,6,45,270,TXN-941654
SAL-55673,2026-08-28,STR-002,PRD-1119,Bambino Roasted Vermicelli 400g,7,45,315,TXN-919924
SAL-55674,2026-08-28,STR-003,PRD-1144,Pomegranate Kabuli 1kg,12,210,2520,TXN-503992
SAL-55675,2026-08-28,STR-003,PRD-1206,Sebamed Baby Protective Facial Cream 50ml,5,780,3900,TXN-659705
SAL-55676,2026-08-28,STR-003,PRD-1039,Hatsun Fresh Curd 500g Pouch,3,35,105,TXN-367095
SAL-55677,2026-08-28,STR-001,PRD-1078,Hot & Crispy Banana Chips 250g,13,90,1170,TXN-859910
SAL-55678,2026-08-28,STR-002,PRD-1074,Lays Magic Masala Potato Chips 50g,4,20,80,TXN-359423
SAL-55679,2026-08-28,STR-003,PRD-1004,Aashirvaad Shuddha Chakki Atta 5kg,4,245,980,TXN-757667
SAL-55680,2026-08-28,STR-002,PRD-1083,Doritos Nacho Cheese Chips 60g,3,30,90,TXN-701257
SAL-55681,2026-08-28,STR-001,PRD-1009,Raw Rice 5kg,5,320,1600,TXN-180015
SAL-55682,2026-08-28,STR-003,PRD-1079,Tapioca Chips Salted 200g,1,70,70,TXN-188642
SAL-55683,2026-08-28,STR-001,PRD-1072,Unibic Assorted Cookies 75g,1,45,45,TXN-149436
SAL-55684,2026-08-28,STR-003,PRD-1091,7Up Nimbooz 350ml,1,25,25,TXN-580132
SAL-55685,2026-08-28,STR-002,PRD-1147,Watermelon Kiran 1 Unit (~3kg),6,90,540,TXN-144002
SAL-55686,2026-08-28,STR-003,PRD-1168,Sunsilk Black Shine Shampoo 180ml,1,125,125,TXN-463494
SAL-55687,2026-08-28,STR-001,PRD-1159,Garlic 250g,6,60,360,TXN-679651
SAL-55688,2026-08-28,STR-002,PRD-1025,Gold Winner Sunflower Oil 1L,15,145,2175,TXN-878826
SAL-55689,2026-08-28,STR-001,PRD-1045,Aavin Flavoured Milk Chocolate 200ml,14,30,420,TXN-802136
SAL-55690,2026-08-28,STR-002,PRD-1154,Green Capsicum 500g,4,45,180,TXN-177525
SAL-55691,2026-08-28,STR-003,PRD-1164,Colgate Strong Teeth Toothpaste 150g,2,95,190,TXN-151887
SAL-55692,2026-08-28,STR-001,PRD-1158,Ginger 250g,2,40,80,TXN-936698
SAL-55693,2026-08-28,STR-001,PRD-1154,Green Capsicum 500g,2,45,90,TXN-336490
SAL-55694,2026-08-28,STR-001,PRD-1052,Britannia Fruit Bun 150g,4,25,100,TXN-469645
SAL-55695,2026-08-28,STR-002,PRD-1172,Dabur Red Toothpowder 100g,2,45,90,TXN-749515
SAL-55696,2026-08-28,STR-002,PRD-1125,Aachi Biryani Masala 100g,6,45,270,TXN-828178
SAL-55697,2026-08-28,STR-001,PRD-1114,Milo Cocoa Beverage Powder 400g,2,220,440,TXN-727234
SAL-55698,2026-08-28,STR-002,PRD-1090,Bovonto Grape Soft Drink 1.5L,16,65,1040,TXN-901445
SAL-55699,2026-08-28,STR-002,PRD-1021,Kabuli Chana 1kg,3,140,420,TXN-206979
SAL-55700,2026-08-28,STR-001,PRD-1063,Oreo Vanilla Cream Biscuit 120g,3,35,105,TXN-249007
SAL-55701,2026-08-28,STR-003,PRD-1100,Chakra Gold Tea 250g,14,150,2100,TXN-506648
SAL-55702,2026-08-28,STR-003,PRD-1133,Hershey's Chocolate Syrup 623g,17,230,3910,TXN-361906
SAL-55703,2026-08-28,STR-002,PRD-1076,Kurkure Masala Munch 85g,2,20,40,TXN-576476
SAL-55704,2026-08-28,STR-001,PRD-1021,Kabuli Chana 1kg,2,140,280,TXN-122506
SAL-55705,2026-08-28,STR-001,PRD-1029,Hatsun Pure Cow Ghee 500ml,4,330,1320,TXN-403312
SAL-55706,2026-08-28,STR-003,PRD-1083,Doritos Nacho Cheese Chips 60g,2,30,60,TXN-218475
SAL-55707,2026-08-28,STR-002,PRD-1200,Nestle Cerelac Wheat Apple 300g,1,295,295,TXN-495191
SAL-55708,2026-08-28,STR-003,PRD-1093,Frooti Mango Drink 1L,6,65,390,TXN-818378
SAL-55709,2026-08-28,STR-003,PRD-1175,Vim Dishwash Gel Lemon 500ml,25,115,2875,TXN-719816
SAL-55710,2026-08-28,STR-001,PRD-1062,Britannia Marie Gold 300g,6,40,240,TXN-501080
SAL-55711,2026-08-29,STR-003,PRD-1069,Parle Krackjack Sweet & Salty 200g,3,30,90,TXN-433180
SAL-55712,2026-08-29,STR-003,PRD-1070,Hide & Seek Chocolate Chip Biscuits 120g,15,40,600,TXN-797135
SAL-55713,2026-08-29,STR-002,PRD-1001,India Gate Basmati Rice 5kg,14,520,7280,TXN-521761
SAL-55714,2026-08-29,STR-002,PRD-1194,Mangaldeep Sandal Agarbatti 100g,1,50,50,TXN-356233
SAL-55715,2026-08-29,STR-001,PRD-1071,Britannia Milk Bikis 200g,6,35,210,TXN-855186
SAL-55716,2026-08-29,STR-003,PRD-1073,Haldiram Nagpur Aloo Bhujia 200g,4,60,240,TXN-777120
SAL-55717,2026-08-29,STR-003,PRD-1104,Cothas Coffee Chicory Blend 500g,1,220,220,TXN-966824
SAL-55718,2026-08-29,STR-002,PRD-1106,Continental Xtra Instant Coffee 200g,6,240,1440,TXN-411069
SAL-55719,2026-08-29,STR-002,PRD-1109,Bournvita Chocolate Health Drink 500g,3,240,720,TXN-288623
SAL-55720,2026-08-29,STR-003,PRD-1159,Garlic 250g,2,60,120,TXN-495295
SAL-55721,2026-08-29,STR-002,PRD-1007,Saffola Masala Oats 500g,2,175,350,TXN-795463
SAL-55722,2026-08-29,STR-002,PRD-1110,Complan Chocolate Health Drink 500g,13,260,3380,TXN-639358
SAL-55723,2026-08-29,STR-001,PRD-1181,Comfort After Wash Fabric Conditioner 860ml,2,235,470,TXN-801311
SAL-55724,2026-08-29,STR-001,PRD-1187,All Out Mosquito Repellent Refill 45ml (2-Pack),2,145,290,TXN-201812
SAL-55725,2026-08-29,STR-001,PRD-1180,Rin Detergent Bar 250g (4-Pack),13,60,780,TXN-859013
SAL-55726,2026-08-29,STR-002,PRD-1119,Bambino Roasted Vermicelli 400g,6,45,270,TXN-142412
SAL-55727,2026-08-29,STR-002,PRD-1005,Pillsbury Chakki Fresh Atta 5kg,10,240,2400,TXN-701774
SAL-55728,2026-08-29,STR-001,PRD-1098,Tata Tea Gold 500g,7,290,2030,TXN-992329
SAL-55729,2026-08-29,STR-002,PRD-1167,Dove Cream Beauty Bathing Bar 125g,1,75,75,TXN-997097
SAL-55730,2026-08-29,STR-002,PRD-1008,Manna Ragi Flour 1kg,4,85,340,TXN-958702
SAL-55731,2026-08-29,STR-003,PRD-1060,Britannia Bourbon Chocolate Biscuit 150g,17,35,595,TXN-285367
SAL-55732,2026-08-29,STR-003,PRD-1004,Aashirvaad Shuddha Chakki Atta 5kg,6,245,1470,TXN-198944
SAL-55733,2026-08-29,STR-002,PRD-1135,Baking Soda 100g,24,25,600,TXN-281294
SAL-55734,2026-08-29,STR-002,PRD-1136,Ching's Secret Dark Soy Sauce 210g,1,65,65,TXN-490188
SAL-55735,2026-08-29,STR-003,PRD-1182,Exo Touch & Shine Dishwash Bar 250g,3,30,90,TXN-636201
SAL-55736,2026-08-29,STR-001,PRD-1126,Eastern Chicken Masala 100g,4,42,168,TXN-218124
SAL-55737,2026-08-29,STR-003,PRD-1026,Idhayam Sesame/Gingelly Oil 1L,7,320,2240,TXN-664476
SAL-55738,2026-08-29,STR-001,PRD-1113,Ensure Diabetes Care Vanilla 400g,3,690,2070,TXN-556592
SAL-55739,2026-08-29,STR-001,PRD-1069,Parle Krackjack Sweet & Salty 200g,4,30,120,TXN-661811
SAL-55740,2026-08-29,STR-002,PRD-1161,Mysore Sandal Soap 125g,4,55,220,TXN-520964
SAL-55741,2026-08-29,STR-001,PRD-1179,Colin Glass Cleaner Spray 500ml,4,105,420,TXN-108845
SAL-55742,2026-08-29,STR-002,PRD-1093,Frooti Mango Drink 1L,1,65,65,TXN-711161
SAL-55743,2026-08-29,STR-002,PRD-1143,Ripe Papaya 1kg,5,50,250,TXN-161328
SAL-55744,2026-08-29,STR-001,PRD-1154,Green Capsicum 500g,2,45,90,TXN-420439
SAL-55745,2026-08-29,STR-001,PRD-1076,Kurkure Masala Munch 85g,5,20,100,TXN-977838
SAL-55746,2026-08-29,STR-002,PRD-1058,Pav Bun 6-Pack,2,35,70,TXN-101006
SAL-55747,2026-08-29,STR-003,PRD-1114,Milo Cocoa Beverage Powder 400g,1,220,220,TXN-507127
SAL-55748,2026-08-29,STR-003,PRD-1149,Fresh Red Onion 1kg,1,35,35,TXN-626884
SAL-55749,2026-08-29,STR-002,PRD-1084,Pringles Sour Cream & Onion 107g,7,115,805,TXN-622010
SAL-55750,2026-08-29,STR-001,PRD-1097,3 Roses Dust Tea 250g,2,160,320,TXN-649891
SAL-55751,2026-08-29,STR-002,PRD-1067,Britannia NutriChoice Digestive 250g,10,65,650,TXN-972319
SAL-55752,2026-08-29,STR-002,PRD-1163,Clinic Plus Strong & Long Shampoo 175ml,4,110,440,TXN-443190
SAL-55753,2026-08-29,STR-002,PRD-1179,Colin Glass Cleaner Spray 500ml,9,105,945,TXN-506550
SAL-55754,2026-08-29,STR-001,PRD-1171,Gillette Guard Razor 1-Pack,6,25,150,TXN-395456
SAL-55755,2026-08-29,STR-002,PRD-1115,Maggi 2-Minute Masala Noodles 280g (4-Pack),17,56,952,TXN-518691
SAL-55756,2026-08-29,STR-001,PRD-1062,Britannia Marie Gold 300g,5,40,200,TXN-912720
SAL-55757,2026-08-29,STR-003,PRD-1129,Aachi Lime Pickle 300g,2,65,130,TXN-724734
SAL-55758,2026-08-29,STR-001,PRD-1204,MamyPoko Pants Standard Diaper Medium 34s,2,450,900,TXN-235582
SAL-55759,2026-08-29,STR-001,PRD-1056,Winkies Chocolate Swiss Roll 100g,8,30,240,TXN-790491
SAL-55760,2026-08-29,STR-001,PRD-1007,Saffola Masala Oats 500g,1,175,175,TXN-740171
SAL-55761,2026-08-29,STR-001,PRD-1151,Hybrid Tomato 1kg,1,40,40,TXN-557303
SAL-55762,2026-08-29,STR-001,PRD-1030,Amul Pure Ghee 1L Tin,21,620,13020,TXN-287743
SAL-55763,2026-08-29,STR-001,PRD-1144,Pomegranate Kabuli 1kg,5,210,1050,TXN-291912
SAL-55764,2026-08-29,STR-002,PRD-1195,Cycle Pure Agarbatti Three in One 250g,7,95,665,TXN-823703
SAL-55765,2026-08-29,STR-001,PRD-1031,Sundrop SuperLite Oil 1L,2,165,330,TXN-398133
SAL-55766,2026-08-29,STR-001,PRD-1052,Britannia Fruit Bun 150g,2,25,50,TXN-365222
SAL-55767,2026-08-29,STR-001,PRD-1049,Modern Family Special White Bread 400g,6,45,270,TXN-934496
SAL-55768,2026-08-29,STR-001,PRD-1011,Seeraga Samba Rice 1kg,5,145,725,TXN-395074
SAL-55769,2026-08-29,STR-001,PRD-1133,Hershey's Chocolate Syrup 623g,13,230,2990,TXN-635906
SAL-55770,2026-08-29,STR-002,PRD-1206,Sebamed Baby Protective Facial Cream 50ml,7,780,5460,TXN-695960
SAL-55771,2026-08-29,STR-002,PRD-1057,Plum Cake 250g,5,120,600,TXN-834021
SAL-55772,2026-08-29,STR-001,PRD-1055,Britannia Gobbles Marble Cake 110g,19,35,665,TXN-194421
SAL-55773,2026-08-29,STR-002,PRD-1103,Narasus Pure Filter Coffee 200g,5,120,600,TXN-744871
SAL-55774,2026-08-29,STR-003,PRD-1042,Amul Cheese Slices 200g,5,140,700,TXN-965476
SAL-55775,2026-08-29,STR-003,PRD-1116,Sunfeast Yippee Magic Masala Noodles 240g,8,48,384,TXN-716696
SAL-55776,2026-08-29,STR-001,PRD-1148,Kiwi Fruit 3-Pack,2,120,240,TXN-742741
SAL-55777,2026-08-29,STR-002,PRD-1016,Urad Dal Black Whole 1kg,1,155,155,TXN-268698
SAL-55778,2026-08-30,STR-002,PRD-1185,Scotch-Brite Scrub Pad Large (3-Pack),19,45,855,TXN-213938
SAL-55779,2026-08-30,STR-002,PRD-1072,Unibic Assorted Cookies 75g,1,45,45,TXN-177998
SAL-55780,2026-08-30,STR-003,PRD-1040,Milky Mist Thick Curd 1kg Bucket,1,90,90,TXN-796069
SAL-55781,2026-08-30,STR-001,PRD-1198,Garbage Bags Black Medium 30 Sheets,5,90,450,TXN-264470
SAL-55782,2026-08-30,STR-001,PRD-1008,Manna Ragi Flour 1kg,3,85,255,TXN-336568
SAL-55783,2026-08-30,STR-002,PRD-1021,Kabuli Chana 1kg,7,140,980,TXN-259755
SAL-55784,2026-08-30,STR-001,PRD-1156,Fresh Mint Leaves 100g,3,12,36,TXN-334677
SAL-55785,2026-08-30,STR-002,PRD-1152,Ooty Carrot 500g,6,35,210,TXN-295910
SAL-55786,2026-08-30,STR-003,PRD-1147,Watermelon Kiran 1 Unit (~3kg),4,90,360,TXN-729236
SAL-55787,2026-08-30,STR-002,PRD-1008,Manna Ragi Flour 1kg,8,85,680,TXN-166375
SAL-55788,2026-08-30,STR-002,PRD-1061,Sunfeast Dark Fantasy Choco Fills 300g,5,150,750,TXN-441171
SAL-55789,2026-08-30,STR-001,PRD-1002,Ponni Boiled Rice 10kg,5,680,3400,TXN-901378
SAL-55790,2026-08-30,STR-002,PRD-1023,Horse Gram (Kollu) 500g,11,60,660,TXN-834335
SAL-55791,2026-08-30,STR-001,PRD-1003,Sona Masoori Rice 5kg,1,380,380,TXN-605705
SAL-55792,2026-08-30,STR-003,PRD-1125,Aachi Biryani Masala 100g,6,45,270,TXN-199585
SAL-55793,2026-08-30,STR-002,PRD-1071,Britannia Milk Bikis 200g,6,35,210,TXN-543014
SAL-55794,2026-08-30,STR-001,PRD-1059,Parle-G Glucose Biscuit 250g,6,30,180,TXN-858489
SAL-55795,2026-08-30,STR-002,PRD-1194,Mangaldeep Sandal Agarbatti 100g,2,50,100,TXN-710272
SAL-55796,2026-08-30,STR-003,PRD-1121,MTR Ready to Eat Paneer Butter Masala 300g,2,140,280,TXN-765640
SAL-55797,2026-08-30,STR-002,PRD-1070,Hide & Seek Chocolate Chip Biscuits 120g,23,40,920,TXN-664371
SAL-55798,2026-08-30,STR-001,PRD-1143,Ripe Papaya 1kg,10,50,500,TXN-359378
SAL-55799,2026-08-30,STR-003,PRD-1068,Parle Monaco Salted Biscuit 200g,3,30,90,TXN-751343
SAL-55800,2026-08-30,STR-002,PRD-1035,Saffola Gold Edible Oil 1L,4,195,780,TXN-736169
SAL-55801,2026-08-30,STR-002,PRD-1002,Ponni Boiled Rice 10kg,2,680,1360,TXN-529655
SAL-55802,2026-08-30,STR-002,PRD-1116,Sunfeast Yippee Magic Masala Noodles 240g,4,48,192,TXN-627609
SAL-55803,2026-08-30,STR-003,PRD-1017,Urad Dal White Split 1kg,6,160,960,TXN-469458
SAL-55804,2026-08-30,STR-002,PRD-1065,Britannia Good Day Butter 200g,17,45,765,TXN-774498
SAL-55805,2026-08-30,STR-003,PRD-1097,3 Roses Dust Tea 250g,4,160,640,TXN-826431
SAL-55806,2026-08-30,STR-003,PRD-1088,Coca-Cola Original Taste 750ml,1,40,40,TXN-792837
SAL-55807,2026-08-30,STR-001,PRD-1191,Eveready Red AA Batteries (4-Pack),5,60,300,TXN-870099
SAL-55808,2026-08-30,STR-001,PRD-1085,Paper Boat Mango Juice 250ml,18,35,630,TXN-850980
SAL-55809,2026-08-30,STR-002,PRD-1198,Garbage Bags Black Medium 30 Sheets,7,90,630,TXN-257994
SAL-55810,2026-08-30,STR-002,PRD-1001,India Gate Basmati Rice 5kg,14,520,7280,TXN-495177
SAL-55811,2026-08-30,STR-002,PRD-1128,Mother's Recipe Mango Pickle 300g,1,85,85,TXN-961903
SAL-55812,2026-08-30,STR-002,PRD-1199,Pampers Baby Wipes Gentle 72 Sheets,11,185,2035,TXN-503148
SAL-55813,2026-08-30,STR-003,PRD-1150,Fresh Potato 1kg,20,30,600,TXN-741346
SAL-55814,2026-08-30,STR-002,PRD-1062,Britannia Marie Gold 300g,7,40,280,TXN-702665
SAL-55815,2026-08-30,STR-002,PRD-1203,Johnson's Baby Hair Oil 100ml,7,120,840,TXN-245087
SAL-55816,2026-08-30,STR-002,PRD-1022,Masoor Dal Red 1kg,4,110,440,TXN-314056
SAL-55817,2026-08-30,STR-002,PRD-1162,Dettol Original Soap 75g (3-Pack),3,105,315,TXN-631868
SAL-55818,2026-08-30,STR-003,PRD-1143,Ripe Papaya 1kg,7,50,350,TXN-270401
SAL-55819,2026-08-30,STR-002,PRD-1192,Freshwrap Aluminum Foil 18m Roll,1,175,175,TXN-334373
SAL-55820,2026-08-30,STR-003,PRD-1059,Parle-G Glucose Biscuit 250g,5,30,150,TXN-803764
SAL-55821,2026-08-30,STR-001,PRD-1165,Sensodyne Rapid Relief Toothpaste 80g,17,170,2890,TXN-767378
SAL-55822,2026-08-30,STR-002,PRD-1088,Coca-Cola Original Taste 750ml,1,40,40,TXN-243134
SAL-55823,2026-08-30,STR-002,PRD-1082,Haldiram Khatta Meetha Mix 200g,4,65,260,TXN-737355
SAL-55824,2026-08-30,STR-002,PRD-1064,Britannia Good Day Cashew 200g,1,50,50,TXN-381141
SAL-55825,2026-08-30,STR-002,PRD-1200,Nestle Cerelac Wheat Apple 300g,1,295,295,TXN-249652
SAL-55826,2026-08-30,STR-001,PRD-1075,Lays Classic Salted Potato Chips 50g,22,20,440,TXN-532019
SAL-55827,2026-08-30,STR-003,PRD-1180,Rin Detergent Bar 250g (4-Pack),11,60,660,TXN-419304
SAL-55828,2026-08-30,STR-001,PRD-1139,Fresh Shimla Apples 1kg,3,180,540,TXN-559142
SAL-55829,2026-08-30,STR-001,PRD-1074,Lays Magic Masala Potato Chips 50g,6,20,120,TXN-515610
SAL-55830,2026-08-30,STR-003,PRD-1077,Bingo Mad Angles Cream & Onion 70g,2,20,40,TXN-689756
SAL-55831,2026-08-30,STR-002,PRD-1174,Vaseline Total Moisture Body Lotion 200ml,1,215,215,TXN-919825
SAL-55832,2026-08-30,STR-001,PRD-1147,Watermelon Kiran 1 Unit (~3kg),3,90,270,TXN-421906
SAL-55833,2026-08-30,STR-001,PRD-1031,Sundrop SuperLite Oil 1L,6,165,990,TXN-622222
SAL-55834,2026-08-30,STR-001,PRD-1182,Exo Touch & Shine Dishwash Bar 250g,3,30,90,TXN-469039
SAL-55835,2026-08-30,STR-003,PRD-1041,Amul Pasteurised Butter 100g,4,58,232,TXN-991927
SAL-55836,2026-08-30,STR-002,PRD-1195,Cycle Pure Agarbatti Three in One 250g,14,95,1330,TXN-525331
SAL-55837,2026-08-30,STR-002,PRD-1145,Green Guava 1kg,14,70,980,TXN-633786
SAL-55838,2026-08-30,STR-001,PRD-1164,Colgate Strong Teeth Toothpaste 150g,1,95,95,TXN-737809
SAL-55839,2026-08-30,STR-003,PRD-1038,Aavin Full Cream Milk 500ml,3,30,90,TXN-988122
SAL-55840,2026-08-30,STR-003,PRD-1089,Sprite Lemon-Lime 750ml,8,40,320,TXN-530915
SAL-55841,2026-08-30,STR-003,PRD-1156,Fresh Mint Leaves 100g,2,12,24,TXN-403012
SAL-55842,2026-08-30,STR-001,PRD-1199,Pampers Baby Wipes Gentle 72 Sheets,16,185,2960,TXN-644197
SAL-55843,2026-08-30,STR-002,PRD-1110,Complan Chocolate Health Drink 500g,25,260,6500,TXN-460041
SAL-55844,2026-08-31,STR-001,PRD-1075,Lays Classic Salted Potato Chips 50g,24,20,480,TXN-474799
SAL-55845,2026-08-31,STR-001,PRD-1144,Pomegranate Kabuli 1kg,7,210,1470,TXN-201807
SAL-55846,2026-08-31,STR-002,PRD-1193,Matchbox Homelites Safety Matches (10-Box),5,30,150,TXN-904524
SAL-55847,2026-08-31,STR-002,PRD-1192,Freshwrap Aluminum Foil 18m Roll,1,175,175,TXN-965565
SAL-55848,2026-08-31,STR-002,PRD-1039,Hatsun Fresh Curd 500g Pouch,3,35,105,TXN-667659
SAL-55849,2026-08-31,STR-002,PRD-1137,Del Monte Whole Corn Canned 415g,3,95,285,TXN-408480
SAL-55850,2026-08-31,STR-001,PRD-1011,Seeraga Samba Rice 1kg,3,145,435,TXN-603161
SAL-55851,2026-08-31,STR-001,PRD-1096,Bisleri Water Bottle 2L,2,30,60,TXN-120453
SAL-55852,2026-08-31,STR-003,PRD-1104,Cothas Coffee Chicory Blend 500g,1,220,220,TXN-656604
SAL-55853,2026-08-31,STR-002,PRD-1114,Milo Cocoa Beverage Powder 400g,2,220,440,TXN-534577
SAL-55854,2026-08-31,STR-003,PRD-1004,Aashirvaad Shuddha Chakki Atta 5kg,6,245,1470,TXN-942683
SAL-55855,2026-08-31,STR-003,PRD-1060,Britannia Bourbon Chocolate Biscuit 150g,7,35,245,TXN-218487
SAL-55856,2026-08-31,STR-003,PRD-1185,Scotch-Brite Scrub Pad Large (3-Pack),23,45,1035,TXN-313956
SAL-55857,2026-08-31,STR-002,PRD-1142,Seedless Black Grapes 500g,3,80,240,TXN-821349
SAL-55858,2026-08-31,STR-002,PRD-1062,Britannia Marie Gold 300g,7,40,280,TXN-417735
SAL-55859,2026-08-31,STR-002,PRD-1043,Milky Mist Paneer 200g,7,115,805,TXN-364309
SAL-55860,2026-08-31,STR-002,PRD-1012,Maida Flour 1kg,7,55,385,TXN-724223
SAL-55861,2026-08-31,STR-003,PRD-1059,Parle-G Glucose Biscuit 250g,6,30,180,TXN-512504
SAL-55862,2026-08-31,STR-001,PRD-1051,Modern Whole Wheat Bread 400g,3,48,144,TXN-797581
SAL-55863,2026-08-31,STR-002,PRD-1165,Sensodyne Rapid Relief Toothpaste 80g,12,170,2040,TXN-542435
SAL-55864,2026-08-31,STR-001,PRD-1015,Chana Dal 1kg,20,115,2300,TXN-520341
SAL-55865,2026-08-31,STR-002,PRD-1143,Ripe Papaya 1kg,6,50,300,TXN-492403
SAL-55866,2026-08-31,STR-002,PRD-1144,Pomegranate Kabuli 1kg,7,210,1470,TXN-140495
SAL-55867,2026-08-31,STR-002,PRD-1199,Pampers Baby Wipes Gentle 72 Sheets,10,185,1850,TXN-925646
SAL-55868,2026-08-31,STR-001,PRD-1023,Horse Gram (Kollu) 500g,11,60,660,TXN-222504
SAL-55869,2026-08-31,STR-002,PRD-1007,Saffola Masala Oats 500g,2,175,350,TXN-460912
SAL-55870,2026-08-31,STR-002,PRD-1065,Britannia Good Day Butter 200g,12,45,540,TXN-430748
SAL-55871,2026-08-31,STR-001,PRD-1098,Tata Tea Gold 500g,10,290,2900,TXN-905430
SAL-55872,2026-08-31,STR-003,PRD-1192,Freshwrap Aluminum Foil 18m Roll,1,175,175,TXN-996646
SAL-55873,2026-08-31,STR-002,PRD-1091,7Up Nimbooz 350ml,2,25,50,TXN-738570
SAL-55874,2026-08-31,STR-003,PRD-1129,Aachi Lime Pickle 300g,1,65,65,TXN-347371
SAL-55875,2026-08-31,STR-002,PRD-1187,All Out Mosquito Repellent Refill 45ml (2-Pack),3,145,435,TXN-766057
SAL-55876,2026-08-31,STR-002,PRD-1038,Aavin Full Cream Milk 500ml,4,30,120,TXN-409220
SAL-55877,2026-08-31,STR-002,PRD-1080,Murukku Traditional 250g,5,80,400,TXN-130827
SAL-55878,2026-08-31,STR-001,PRD-1001,India Gate Basmati Rice 5kg,6,520,3120,TXN-422230
SAL-55879,2026-08-31,STR-002,PRD-1200,Nestle Cerelac Wheat Apple 300g,1,295,295,TXN-507683
SAL-55880,2026-08-31,STR-002,PRD-1194,Mangaldeep Sandal Agarbatti 100g,2,50,100,TXN-402591
SAL-55881,2026-08-31,STR-002,PRD-1206,Sebamed Baby Protective Facial Cream 50ml,5,780,3900,TXN-441500
SAL-55882,2026-08-31,STR-001,PRD-1200,Nestle Cerelac Wheat Apple 300g,1,295,295,TXN-333661
SAL-55883,2026-08-31,STR-001,PRD-1069,Parle Krackjack Sweet & Salty 200g,5,30,150,TXN-442105
SAL-55884,2026-08-31,STR-001,PRD-1016,Urad Dal Black Whole 1kg,1,155,155,TXN-989300
SAL-55885,2026-08-31,STR-001,PRD-1119,Bambino Roasted Vermicelli 400g,6,45,270,TXN-343018
SAL-55886,2026-08-31,STR-001,PRD-1174,Vaseline Total Moisture Body Lotion 200ml,4,215,860,TXN-427721
SAL-55887,2026-08-31,STR-002,PRD-1110,Complan Chocolate Health Drink 500g,9,260,2340,TXN-970775
SAL-55888,2026-08-31,STR-003,PRD-1194,Mangaldeep Sandal Agarbatti 100g,1,50,50,TXN-243843
SAL-55889,2026-08-31,STR-003,PRD-1198,Garbage Bags Black Medium 30 Sheets,2,90,180,TXN-864049
SAL-55890,2026-08-31,STR-001,PRD-1086,Tropicana 100% Orange Juice 1L,2,145,290,TXN-206564
SAL-55891,2026-08-31,STR-001,PRD-1171,Gillette Guard Razor 1-Pack,3,25,75,TXN-969164
SAL-55892,2026-08-31,STR-001,PRD-1095,Kinley Packaged Drinking Water 1L,25,20,500,TXN-724880
SAL-55893,2026-08-31,STR-001,PRD-1039,Hatsun Fresh Curd 500g Pouch,3,35,105,TXN-877018
SAL-55894,2026-08-31,STR-002,PRD-1125,Aachi Biryani Masala 100g,4,45,180,TXN-233930
SAL-55895,2026-08-31,STR-001,PRD-1150,Fresh Potato 1kg,23,30,690,TXN-195844
SAL-55896,2026-08-31,STR-001,PRD-1006,Quaker Oats 1kg,6,195,1170,TXN-171292
SAL-55897,2026-08-31,STR-002,PRD-1054,Garlic Butter Toast 150g,7,40,280,TXN-916979
SAL-55898,2026-08-31,STR-001,PRD-1161,Mysore Sandal Soap 125g,4,55,220,TXN-916631
SAL-55899,2026-08-31,STR-003,PRD-1133,Hershey's Chocolate Syrup 623g,16,230,3680,TXN-764070
SAL-55900,2026-08-31,STR-003,PRD-1005,Pillsbury Chakki Fresh Atta 5kg,22,240,5280,TXN-618681
SAL-55901,2026-08-31,STR-001,PRD-1018,Rajma Red Kidney Beans 500g,3,95,285,TXN-909921
SAL-55902,2026-08-31,STR-001,PRD-1077,Bingo Mad Angles Cream & Onion 70g,3,20,60,TXN-773749
SAL-55903,2026-08-31,STR-003,PRD-1017,Urad Dal White Split 1kg,6,160,960,TXN-358348
SAL-55904,2026-08-31,STR-003,PRD-1124,MTR Gulab Jamun Mix 175g,3,95,285,TXN-682678
SAL-55905,2026-08-31,STR-003,PRD-1140,Robusta Bananas 1kg,17,45,765,TXN-807900
SAL-55906,2026-08-31,STR-002,PRD-1145,Green Guava 1kg,14,70,980,TXN-440497
SAL-55907,2026-08-31,STR-003,PRD-1037,Aavin Toned Milk 500ml Pouch,3,24,72,TXN-712846
SAL-55908,2026-08-31,STR-003,PRD-1128,Mother's Recipe Mango Pickle 300g,1,85,85,TXN-278584
SAL-55909,2026-08-31,STR-001,PRD-1074,Lays Magic Masala Potato Chips 50g,6,20,120,TXN-463096
SAL-55910,2026-08-31,STR-001,PRD-1007,Saffola Masala Oats 500g,1,175,175,TXN-427814
SAL-55911,2026-09-01,STR-002,PRD-1037,Aavin Toned Milk 500ml Pouch,6,24,144,TXN-603231
SAL-55912,2026-09-01,STR-002,PRD-1146,Mosambi (Sweet Lime) 1kg,5,85,425,TXN-305834
SAL-55913,2026-09-01,STR-002,PRD-1042,Amul Cheese Slices 200g,2,140,280,TXN-967392
SAL-55914,2026-09-01,STR-001,PRD-1181,Comfort After Wash Fabric Conditioner 860ml,4,235,940,TXN-292890
SAL-55915,2026-09-01,STR-002,PRD-1118,MTR Rava Dosa Mix 500g,1,115,115,TXN-290357
SAL-55916,2026-09-01,STR-001,PRD-1176,Surf Excel Quick Wash Detergent Powder 1kg,1,210,210,TXN-825100
SAL-55917,2026-09-01,STR-001,PRD-1133,Hershey's Chocolate Syrup 623g,8,230,1840,TXN-442585
SAL-55918,2026-09-01,STR-002,PRD-1031,Sundrop SuperLite Oil 1L,4,165,660,TXN-323039
SAL-55919,2026-09-01,STR-003,PRD-1161,Mysore Sandal Soap 125g,8,55,440,TXN-864347
SAL-55920,2026-09-01,STR-001,PRD-1025,Gold Winner Sunflower Oil 1L,9,145,1305,TXN-951619
SAL-55921,2026-09-01,STR-003,PRD-1020,Fried Gram (Pottukadalai) 500g,17,75,1275,TXN-636721
SAL-55922,2026-09-01,STR-003,PRD-1121,MTR Ready to Eat Paneer Butter Masala 300g,2,140,280,TXN-636749
SAL-55923,2026-09-01,STR-003,PRD-1019,Green Gram Whole 1kg,4,130,520,TXN-212596
SAL-55924,2026-09-01,STR-002,PRD-1190,Duracell Chota Power AA Batteries (4-Pack),10,160,1600,TXN-818860
SAL-55925,2026-09-01,STR-001,PRD-1018,Rajma Red Kidney Beans 500g,5,95,475,TXN-406747
SAL-55926,2026-09-01,STR-002,PRD-1111,Pediasure Chocolate 400g Jar,5,620,3100,TXN-602467
SAL-55927,2026-09-01,STR-001,PRD-1034,Dhara Mustard Oil 1L,11,155,1705,TXN-497305
SAL-55928,2026-09-01,STR-003,PRD-1093,Frooti Mango Drink 1L,7,65,455,TXN-721270
SAL-55929,2026-09-01,STR-002,PRD-1161,Mysore Sandal Soap 125g,6,55,330,TXN-717454
SAL-55930,2026-09-01,STR-001,PRD-1164,Colgate Strong Teeth Toothpaste 150g,3,95,285,TXN-425469
SAL-55931,2026-09-01,STR-001,PRD-1111,Pediasure Chocolate 400g Jar,7,620,4340,TXN-953155
SAL-55932,2026-09-01,STR-002,PRD-1097,3 Roses Dust Tea 250g,4,160,640,TXN-716206
SAL-55933,2026-09-01,STR-001,PRD-1170,Nivea Soft Light Moisturiser 100ml,7,195,1365,TXN-369434
SAL-55934,2026-09-01,STR-002,PRD-1083,Doritos Nacho Cheese Chips 60g,6,30,180,TXN-759664
SAL-55935,2026-09-01,STR-001,PRD-1132,Sundrop Peanut Butter Crunchy 500g,6,195,1170,TXN-374719
SAL-55936,2026-09-01,STR-003,PRD-1077,Bingo Mad Angles Cream & Onion 70g,3,20,60,TXN-458041
SAL-55937,2026-09-01,STR-001,PRD-1129,Aachi Lime Pickle 300g,1,65,65,TXN-716082
SAL-55938,2026-09-01,STR-003,PRD-1051,Modern Whole Wheat Bread 400g,5,48,240,TXN-928686
SAL-55939,2026-09-01,STR-003,PRD-1107,Horlicks Classic Malt 500g Jar,3,245,735,TXN-138725
SAL-55940,2026-09-01,STR-001,PRD-1158,Ginger 250g,1,40,40,TXN-658121
SAL-55941,2026-09-01,STR-001,PRD-1107,Horlicks Classic Malt 500g Jar,4,245,980,TXN-456813
SAL-55942,2026-09-01,STR-001,PRD-1041,Amul Pasteurised Butter 100g,2,58,116,TXN-705489
SAL-55943,2026-09-01,STR-002,PRD-1166,Pears Soft & Fresh Soap 125g,6,65,390,TXN-345317
SAL-55944,2026-09-01,STR-002,PRD-1043,Milky Mist Paneer 200g,7,115,805,TXN-816972
SAL-55945,2026-09-01,STR-003,PRD-1128,Mother's Recipe Mango Pickle 300g,1,85,85,TXN-271678
SAL-55946,2026-09-01,STR-003,PRD-1108,Boost Health Drink 500g Refill,2,235,470,TXN-189112
SAL-55947,2026-09-01,STR-003,PRD-1205,Himalaya Baby Lotion 200ml,16,175,2800,TXN-529495
SAL-55948,2026-09-01,STR-003,PRD-1165,Sensodyne Rapid Relief Toothpaste 80g,21,170,3570,TXN-404621
SAL-55949,2026-09-01,STR-003,PRD-1072,Unibic Assorted Cookies 75g,2,45,90,TXN-278468
SAL-55950,2026-09-01,STR-002,PRD-1094,Red Bull Energy Drink 250ml,3,125,375,TXN-508800
SAL-55951,2026-09-01,STR-003,PRD-1104,Cothas Coffee Chicory Blend 500g,1,220,220,TXN-639596
SAL-55952,2026-09-01,STR-001,PRD-1074,Lays Magic Masala Potato Chips 50g,7,20,140,TXN-411994
SAL-55953,2026-09-01,STR-002,PRD-1120,Knorr Thick Tomato Soup 53g,2,40,80,TXN-744949
SAL-55954,2026-09-01,STR-003,PRD-1083,Doritos Nacho Cheese Chips 60g,5,30,150,TXN-711150
SAL-55955,2026-09-01,STR-001,PRD-1184,Ariel Matic Front Load Detergent 1kg,1,280,280,TXN-278988
SAL-55956,2026-09-01,STR-003,PRD-1192,Freshwrap Aluminum Foil 18m Roll,1,175,175,TXN-488953
SAL-55957,2026-09-01,STR-001,PRD-1012,Maida Flour 1kg,13,55,715,TXN-614094
SAL-55958,2026-09-01,STR-003,PRD-1080,Murukku Traditional 250g,6,80,480,TXN-844466
SAL-55959,2026-09-01,STR-003,PRD-1070,Hide & Seek Chocolate Chip Biscuits 120g,20,40,800,TXN-890871
SAL-55960,2026-09-01,STR-003,PRD-1045,Aavin Flavoured Milk Chocolate 200ml,12,30,360,TXN-643490
SAL-55961,2026-09-01,STR-001,PRD-1191,Eveready Red AA Batteries (4-Pack),6,60,360,TXN-983516
SAL-55962,2026-09-01,STR-001,PRD-1152,Ooty Carrot 500g,3,35,105,TXN-881390
SAL-55963,2026-09-01,STR-001,PRD-1031,Sundrop SuperLite Oil 1L,5,165,825,TXN-866643
SAL-55964,2026-09-01,STR-003,PRD-1025,Gold Winner Sunflower Oil 1L,16,145,2320,TXN-792409
SAL-55965,2026-09-01,STR-001,PRD-1073,Haldiram Nagpur Aloo Bhujia 200g,7,60,420,TXN-986810
SAL-55966,2026-09-01,STR-001,PRD-1087,Real Fruit Power Guava Juice 1L,5,130,650,TXN-177572
SAL-55967,2026-09-01,STR-003,PRD-1187,All Out Mosquito Repellent Refill 45ml (2-Pack),4,145,580,TXN-413775
SAL-55968,2026-09-01,STR-001,PRD-1154,Green Capsicum 500g,2,45,90,TXN-573802
SAL-55969,2026-09-01,STR-001,PRD-1185,Scotch-Brite Scrub Pad Large (3-Pack),22,45,990,TXN-887074
SAL-55970,2026-09-01,STR-001,PRD-1171,Gillette Guard Razor 1-Pack,6,25,150,TXN-413785
SAL-55971,2026-09-01,STR-002,PRD-1182,Exo Touch & Shine Dishwash Bar 250g,8,30,240,TXN-375452
SAL-55972,2026-09-01,STR-003,PRD-1063,Oreo Vanilla Cream Biscuit 120g,6,35,210,TXN-950274
SAL-55973,2026-09-01,STR-003,PRD-1200,Nestle Cerelac Wheat Apple 300g,1,295,295,TXN-378791
SAL-55974,2026-09-01,STR-002,PRD-1025,Gold Winner Sunflower Oil 1L,22,145,3190,TXN-316122
SAL-55975,2026-09-01,STR-002,PRD-1127,Kissan Fresh Tomato Ketchup 950g,2,135,270,TXN-897493
SAL-55976,2026-09-02,STR-002,PRD-1058,Pav Bun 6-Pack,2,35,70,TXN-936345
SAL-55977,2026-09-02,STR-002,PRD-1188,Good Knight Gold Flash Machine + Refill,4,130,520,TXN-626687
SAL-55978,2026-09-02,STR-001,PRD-1141,Nagpur Oranges 1kg,5,90,450,TXN-144791
SAL-55979,2026-09-02,STR-003,PRD-1038,Aavin Full Cream Milk 500ml,2,30,60,TXN-163959
SAL-55980,2026-09-02,STR-003,PRD-1030,Amul Pure Ghee 1L Tin,18,620,11160,TXN-413877
SAL-55981,2026-09-02,STR-003,PRD-1011,Seeraga Samba Rice 1kg,3,145,435,TXN-933696
SAL-55982,2026-09-02,STR-001,PRD-1076,Kurkure Masala Munch 85g,5,20,100,TXN-620292
SAL-55983,2026-09-02,STR-001,PRD-1190,Duracell Chota Power AA Batteries (4-Pack),13,160,2080,TXN-894323
SAL-55984,2026-09-02,STR-001,PRD-1181,Comfort After Wash Fabric Conditioner 860ml,4,235,940,TXN-561237
SAL-55985,2026-09-02,STR-002,PRD-1123,Top Ramen Curry Noodles 280g,2,55,110,TXN-823734
SAL-55986,2026-09-02,STR-003,PRD-1156,Fresh Mint Leaves 100g,2,12,24,TXN-855629
SAL-55987,2026-09-02,STR-002,PRD-1193,Matchbox Homelites Safety Matches (10-Box),5,30,150,TXN-695958
SAL-55988,2026-09-02,STR-003,PRD-1041,Amul Pasteurised Butter 100g,2,58,116,TXN-470388
SAL-55989,2026-09-02,STR-002,PRD-1030,Amul Pure Ghee 1L Tin,14,620,8680,TXN-748735
SAL-55990,2026-09-02,STR-001,PRD-1208,Mee Mee Baby Laundry Detergent 1L,1,380,380,TXN-107459
SAL-55991,2026-09-02,STR-001,PRD-1089,Sprite Lemon-Lime 750ml,9,40,360,TXN-671004
SAL-55992,2026-09-02,STR-002,PRD-1177,Harpic Power Plus Toilet Cleaner 500ml,8,95,760,TXN-887769
SAL-55993,2026-09-02,STR-001,PRD-1194,Mangaldeep Sandal Agarbatti 100g,4,50,200,TXN-551099
SAL-55994,2026-09-02,STR-002,PRD-1029,Hatsun Pure Cow Ghee 500ml,2,330,660,TXN-763611
SAL-55995,2026-09-02,STR-002,PRD-1099,Red Label Natural Care Tea 250g,6,170,1020,TXN-572239
SAL-55996,2026-09-02,STR-003,PRD-1121,MTR Ready to Eat Paneer Butter Masala 300g,4,140,560,TXN-190123
SAL-55997,2026-09-02,STR-003,PRD-1207,Pigeon Baby Feeding Bottle 250ml,2,220,440,TXN-504576
SAL-55998,2026-09-02,STR-001,PRD-1005,Pillsbury Chakki Fresh Atta 5kg,19,240,4560,TXN-351038
SAL-55999,2026-09-02,STR-002,PRD-1009,Raw Rice 5kg,4,320,1280,TXN-695695
SAL-56000,2026-09-02,STR-002,PRD-1206,Sebamed Baby Protective Facial Cream 50ml,3,780,2340,TXN-463559
SAL-56001,2026-09-02,STR-003,PRD-1060,Britannia Bourbon Chocolate Biscuit 150g,19,35,665,TXN-221309
SAL-56002,2026-09-02,STR-002,PRD-1160,Curry Leaves 50g Bundle,1,10,10,TXN-404272
SAL-56003,2026-09-02,STR-003,PRD-1168,Sunsilk Black Shine Shampoo 180ml,1,125,125,TXN-811818
SAL-56004,2026-09-02,STR-001,PRD-1018,Rajma Red Kidney Beans 500g,6,95,570,TXN-792085
SAL-56005,2026-09-02,STR-003,PRD-1133,Hershey's Chocolate Syrup 623g,9,230,2070,TXN-632737
SAL-56006,2026-09-02,STR-002,PRD-1114,Milo Cocoa Beverage Powder 400g,2,220,440,TXN-594442
SAL-56007,2026-09-02,STR-001,PRD-1054,Garlic Butter Toast 150g,5,40,200,TXN-579131
SAL-56008,2026-09-02,STR-003,PRD-1201,Himalaya Gentle Baby Soap 75g (3-Pack),1,135,135,TXN-266102
SAL-56009,2026-09-02,STR-002,PRD-1153,Ladies Finger (Bhindi) 500g,4,30,120,TXN-542314
SAL-56010,2026-09-02,STR-003,PRD-1152,Ooty Carrot 500g,9,35,315,TXN-781738
SAL-56011,2026-09-02,STR-002,PRD-1075,Lays Classic Salted Potato Chips 50g,15,20,300,TXN-104913
SAL-56012,2026-09-02,STR-002,PRD-1080,Murukku Traditional 250g,4,80,320,TXN-361487
SAL-56013,2026-09-02,STR-001,PRD-1135,Baking Soda 100g,9,25,225,TXN-646559
SAL-56014,2026-09-02,STR-001,PRD-1033,V.V.D Gold Coconut Oil 500ml,2,185,370,TXN-946450
SAL-56015,2026-09-02,STR-001,PRD-1113,Ensure Diabetes Care Vanilla 400g,4,690,2760,TXN-172024
SAL-56016,2026-09-02,STR-003,PRD-1181,Comfort After Wash Fabric Conditioner 860ml,3,235,705,TXN-816133
SAL-56017,2026-09-02,STR-002,PRD-1008,Manna Ragi Flour 1kg,6,85,510,TXN-136660
SAL-56018,2026-09-02,STR-002,PRD-1167,Dove Cream Beauty Bathing Bar 125g,3,75,225,TXN-753736
SAL-56019,2026-09-02,STR-002,PRD-1005,Pillsbury Chakki Fresh Atta 5kg,28,240,6720,TXN-584260
SAL-56020,2026-09-02,STR-002,PRD-1115,Maggi 2-Minute Masala Noodles 280g (4-Pack),17,56,952,TXN-439035
SAL-56021,2026-09-02,STR-003,PRD-1070,Hide & Seek Chocolate Chip Biscuits 120g,21,40,840,TXN-314683
SAL-56022,2026-09-02,STR-002,PRD-1046,Cavins Milkshake Strawberry 200ml,1,40,40,TXN-957877
SAL-56023,2026-09-02,STR-003,PRD-1142,Seedless Black Grapes 500g,2,80,160,TXN-414167
SAL-56024,2026-09-02,STR-001,PRD-1008,Manna Ragi Flour 1kg,4,85,340,TXN-378502
SAL-56025,2026-09-02,STR-003,PRD-1044,Amul Taaza Homogenised Milk 1L Pack,2,72,144,TXN-491438
SAL-56026,2026-09-02,STR-002,PRD-1207,Pigeon Baby Feeding Bottle 250ml,4,220,880,TXN-139293
SAL-56027,2026-09-02,STR-002,PRD-1087,Real Fruit Power Guava Juice 1L,1,130,130,TXN-687429
SAL-56028,2026-09-02,STR-003,PRD-1004,Aashirvaad Shuddha Chakki Atta 5kg,5,245,1225,TXN-241944
SAL-56029,2026-09-02,STR-001,PRD-1090,Bovonto Grape Soft Drink 1.5L,15,65,975,TXN-324388
SAL-56030,2026-09-02,STR-001,PRD-1192,Freshwrap Aluminum Foil 18m Roll,1,175,175,TXN-249642
SAL-56031,2026-09-02,STR-001,PRD-1046,Cavins Milkshake Strawberry 200ml,2,40,80,TXN-318660
SAL-56032,2026-09-02,STR-003,PRD-1206,Sebamed Baby Protective Facial Cream 50ml,5,780,3900,TXN-998855
SAL-56033,2026-09-02,STR-001,PRD-1171,Gillette Guard Razor 1-Pack,6,25,150,TXN-207425
SAL-56034,2026-09-02,STR-001,PRD-1111,Pediasure Chocolate 400g Jar,8,620,4960,TXN-371752
SAL-56035,2026-09-02,STR-001,PRD-1049,Modern Family Special White Bread 400g,7,45,315,TXN-575306
SAL-56036,2026-09-02,STR-001,PRD-1114,Milo Cocoa Beverage Powder 400g,1,220,220,TXN-891651
SAL-56037,2026-09-02,STR-001,PRD-1126,Eastern Chicken Masala 100g,3,42,126,TXN-720733
SAL-56038,2026-09-02,STR-002,PRD-1088,Coca-Cola Original Taste 750ml,1,40,40,TXN-321684
SAL-56039,2026-09-02,STR-003,PRD-1153,Ladies Finger (Bhindi) 500g,6,30,180,TXN-703292
SAL-56040,2026-09-02,STR-002,PRD-1016,Urad Dal Black Whole 1kg,1,155,155,TXN-936016
SAL-56041,2026-09-02,STR-001,PRD-1022,Masoor Dal Red 1kg,2,110,220,TXN-619356
SAL-56042,2026-09-02,STR-002,PRD-1191,Eveready Red AA Batteries (4-Pack),2,60,120,TXN-828941
SAL-56043,2026-09-03,STR-002,PRD-1002,Ponni Boiled Rice 10kg,4,680,2720,TXN-171114
SAL-56044,2026-09-03,STR-002,PRD-1205,Himalaya Baby Lotion 200ml,23,175,4025,TXN-278662
SAL-56045,2026-09-03,STR-001,PRD-1063,Oreo Vanilla Cream Biscuit 120g,7,35,245,TXN-343944
SAL-56046,2026-09-03,STR-001,PRD-1182,Exo Touch & Shine Dishwash Bar 250g,7,30,210,TXN-740903
SAL-56047,2026-09-03,STR-002,PRD-1193,Matchbox Homelites Safety Matches (10-Box),2,30,60,TXN-784062
SAL-56048,2026-09-03,STR-003,PRD-1100,Chakra Gold Tea 250g,9,150,1350,TXN-584258
SAL-56049,2026-09-03,STR-001,PRD-1164,Colgate Strong Teeth Toothpaste 150g,1,95,95,TXN-120636
SAL-56050,2026-09-03,STR-003,PRD-1097,3 Roses Dust Tea 250g,3,160,480,TXN-823665
SAL-56051,2026-09-03,STR-003,PRD-1115,Maggi 2-Minute Masala Noodles 280g (4-Pack),19,56,1064,TXN-720301
SAL-56052,2026-09-03,STR-003,PRD-1126,Eastern Chicken Masala 100g,3,42,126,TXN-385329
SAL-56053,2026-09-03,STR-001,PRD-1041,Amul Pasteurised Butter 100g,1,58,58,TXN-325539
SAL-56054,2026-09-03,STR-001,PRD-1086,Tropicana 100% Orange Juice 1L,2,145,290,TXN-489264
SAL-56055,2026-09-03,STR-003,PRD-1193,Matchbox Homelites Safety Matches (10-Box),4,30,120,TXN-178940
SAL-56056,2026-09-03,STR-003,PRD-1163,Clinic Plus Strong & Long Shampoo 175ml,2,110,220,TXN-606169
SAL-56057,2026-09-03,STR-003,PRD-1049,Modern Family Special White Bread 400g,6,45,270,TXN-424603
SAL-56058,2026-09-03,STR-001,PRD-1177,Harpic Power Plus Toilet Cleaner 500ml,5,95,475,TXN-765103
SAL-56059,2026-09-03,STR-002,PRD-1045,Aavin Flavoured Milk Chocolate 200ml,15,30,450,TXN-251202
SAL-56060,2026-09-03,STR-002,PRD-1096,Bisleri Water Bottle 2L,1,30,30,TXN-670410
SAL-56061,2026-09-03,STR-002,PRD-1071,Britannia Milk Bikis 200g,8,35,280,TXN-129529
SAL-56062,2026-09-03,STR-002,PRD-1008,Manna Ragi Flour 1kg,7,85,595,TXN-871100
SAL-56063,2026-09-03,STR-002,PRD-1153,Ladies Finger (Bhindi) 500g,4,30,120,TXN-258359
SAL-56064,2026-09-03,STR-002,PRD-1199,Pampers Baby Wipes Gentle 72 Sheets,15,185,2775,TXN-368183
SAL-56065,2026-09-03,STR-003,PRD-1201,Himalaya Gentle Baby Soap 75g (3-Pack),5,135,675,TXN-702235
SAL-56066,2026-09-03,STR-001,PRD-1044,Amul Taaza Homogenised Milk 1L Pack,5,72,360,TXN-292237
SAL-56067,2026-09-03,STR-001,PRD-1039,Hatsun Fresh Curd 500g Pouch,3,35,105,TXN-181923
SAL-56068,2026-09-03,STR-002,PRD-1138,Knorr Dark Soy Sauce 200ml,3,70,210,TXN-982882
SAL-56069,2026-09-03,STR-001,PRD-1098,Tata Tea Gold 500g,5,290,1450,TXN-251155
SAL-56070,2026-09-03,STR-002,PRD-1013,Tata Sampann Toor Dal 1kg,1,165,165,TXN-114668
SAL-56071,2026-09-03,STR-003,PRD-1073,Haldiram Nagpur Aloo Bhujia 200g,2,60,120,TXN-827603
SAL-56072,2026-09-03,STR-002,PRD-1110,Complan Chocolate Health Drink 500g,20,260,5200,TXN-324379
SAL-56073,2026-09-03,STR-003,PRD-1075,Lays Classic Salted Potato Chips 50g,13,20,260,TXN-204520
SAL-56074,2026-09-03,STR-002,PRD-1181,Comfort After Wash Fabric Conditioner 860ml,3,235,705,TXN-968679
SAL-56075,2026-09-03,STR-002,PRD-1188,Good Knight Gold Flash Machine + Refill,9,130,1170,TXN-137167
SAL-56076,2026-09-03,STR-002,PRD-1024,Black Eyed Beans (Karamani) 500g,1,70,70,TXN-501155
SAL-56077,2026-09-03,STR-003,PRD-1182,Exo Touch & Shine Dishwash Bar 250g,3,30,90,TXN-204036
SAL-56078,2026-09-03,STR-001,PRD-1178,Lizol Disinfectant Floor Cleaner Citrus 1L,2,215,430,TXN-325561
SAL-56079,2026-09-03,STR-003,PRD-1074,Lays Magic Masala Potato Chips 50g,2,20,40,TXN-112582
SAL-56080,2026-09-03,STR-002,PRD-1197,Tissue Paper Napkins 100 Sheets,3,40,120,TXN-518755
SAL-56081,2026-09-03,STR-002,PRD-1169,Parachute Advansed Jasmine Hair Oil 200ml,3,105,315,TXN-784508
SAL-56082,2026-09-03,STR-003,PRD-1159,Garlic 250g,2,60,120,TXN-258803
SAL-56083,2026-09-03,STR-003,PRD-1129,Aachi Lime Pickle 300g,2,65,130,TXN-133342
SAL-56084,2026-09-03,STR-003,PRD-1184,Ariel Matic Front Load Detergent 1kg,1,280,280,TXN-917294
SAL-56085,2026-09-03,STR-003,PRD-1080,Murukku Traditional 250g,9,80,720,TXN-509913
SAL-56086,2026-09-03,STR-003,PRD-1084,Pringles Sour Cream & Onion 107g,3,115,345,TXN-534220
SAL-56087,2026-09-03,STR-003,PRD-1077,Bingo Mad Angles Cream & Onion 70g,2,20,40,TXN-173482
SAL-56088,2026-09-03,STR-001,PRD-1146,Mosambi (Sweet Lime) 1kg,3,85,255,TXN-306143
SAL-56089,2026-09-03,STR-003,PRD-1102,Nescafe Classic Instant Coffee 50g,3,160,480,TXN-670112
SAL-56090,2026-09-03,STR-002,PRD-1171,Gillette Guard Razor 1-Pack,4,25,100,TXN-110461
SAL-56091,2026-09-03,STR-001,PRD-1162,Dettol Original Soap 75g (3-Pack),4,105,420,TXN-598908
SAL-56092,2026-09-03,STR-001,PRD-1006,Quaker Oats 1kg,5,195,975,TXN-131483
SAL-56093,2026-09-03,STR-001,PRD-1091,7Up Nimbooz 350ml,3,25,75,TXN-618974
SAL-56094,2026-09-03,STR-003,PRD-1034,Dhara Mustard Oil 1L,9,155,1395,TXN-449740
SAL-56095,2026-09-03,STR-002,PRD-1084,Pringles Sour Cream & Onion 107g,7,115,805,TXN-690438
SAL-56096,2026-09-03,STR-001,PRD-1004,Aashirvaad Shuddha Chakki Atta 5kg,7,245,1715,TXN-127259
SAL-56097,2026-09-03,STR-002,PRD-1005,Pillsbury Chakki Fresh Atta 5kg,24,240,5760,TXN-326689
SAL-56098,2026-09-03,STR-002,PRD-1041,Amul Pasteurised Butter 100g,3,58,174,TXN-193821
SAL-56099,2026-09-03,STR-001,PRD-1126,Eastern Chicken Masala 100g,2,42,84,TXN-916518
SAL-56100,2026-09-03,STR-001,PRD-1070,Hide & Seek Chocolate Chip Biscuits 120g,9,40,360,TXN-573401
SAL-56101,2026-09-03,STR-002,PRD-1151,Hybrid Tomato 1kg,1,40,40,TXN-198067
SAL-56102,2026-09-03,STR-002,PRD-1009,Raw Rice 5kg,2,320,640,TXN-666792
SAL-56103,2026-09-03,STR-003,PRD-1067,Britannia NutriChoice Digestive 250g,16,65,1040,TXN-693883
SAL-56104,2026-09-03,STR-003,PRD-1046,Cavins Milkshake Strawberry 200ml,6,40,240,TXN-786907
SAL-56105,2026-09-03,STR-001,PRD-1143,Ripe Papaya 1kg,6,50,300,TXN-249458
SAL-56106,2026-09-03,STR-003,PRD-1048,Amul Fresh Condensed Milk 400g,1,130,130,TXN-126163
SAL-56107,2026-09-03,STR-003,PRD-1095,Kinley Packaged Drinking Water 1L,16,20,320,TXN-366218
SAL-56108,2026-09-03,STR-003,PRD-1060,Britannia Bourbon Chocolate Biscuit 150g,12,35,420,TXN-844431
SAL-56109,2026-09-03,STR-001,PRD-1015,Chana Dal 1kg,24,115,2760,TXN-879596
SAL-56110,2026-09-04,STR-001,PRD-1147,Watermelon Kiran 1 Unit (~3kg),4,90,360,TXN-941307
SAL-56111,2026-09-04,STR-001,PRD-1041,Amul Pasteurised Butter 100g,2,58,116,TXN-533716
SAL-56112,2026-09-04,STR-003,PRD-1178,Lizol Disinfectant Floor Cleaner Citrus 1L,3,215,645,TXN-683010
SAL-56113,2026-09-04,STR-003,PRD-1040,Milky Mist Thick Curd 1kg Bucket,1,90,90,TXN-638648
SAL-56114,2026-09-04,STR-002,PRD-1205,Himalaya Baby Lotion 200ml,24,175,4200,TXN-233066
SAL-56115,2026-09-04,STR-001,PRD-1061,Sunfeast Dark Fantasy Choco Fills 300g,3,150,450,TXN-497797
SAL-56116,2026-09-04,STR-001,PRD-1197,Tissue Paper Napkins 100 Sheets,10,40,400,TXN-110141
SAL-56117,2026-09-04,STR-003,PRD-1025,Gold Winner Sunflower Oil 1L,16,145,2320,TXN-382312
SAL-56118,2026-09-04,STR-001,PRD-1171,Gillette Guard Razor 1-Pack,4,25,100,TXN-371390
SAL-56119,2026-09-04,STR-002,PRD-1003,Sona Masoori Rice 5kg,1,380,380,TXN-885594
SAL-56120,2026-09-04,STR-001,PRD-1164,Colgate Strong Teeth Toothpaste 150g,1,95,95,TXN-960738
SAL-56121,2026-09-04,STR-001,PRD-1093,Frooti Mango Drink 1L,6,65,390,TXN-192873
SAL-56122,2026-09-04,STR-003,PRD-1110,Complan Chocolate Health Drink 500g,25,260,6500,TXN-214856
SAL-56123,2026-09-04,STR-003,PRD-1088,Coca-Cola Original Taste 750ml,1,40,40,TXN-614531
SAL-56124,2026-09-04,STR-003,PRD-1146,Mosambi (Sweet Lime) 1kg,3,85,255,TXN-987484
SAL-56125,2026-09-04,STR-002,PRD-1020,Fried Gram (Pottukadalai) 500g,23,75,1725,TXN-189919
SAL-56126,2026-09-04,STR-001,PRD-1053,Sweet Bun 2-Pack,6,20,120,TXN-145730
SAL-56127,2026-09-04,STR-003,PRD-1081,Ribbon Pakoda 200g,1,75,75,TXN-699031
SAL-56128,2026-09-04,STR-001,PRD-1109,Bournvita Chocolate Health Drink 500g,4,240,960,TXN-901207
SAL-56129,2026-09-04,STR-001,PRD-1106,Continental Xtra Instant Coffee 200g,4,240,960,TXN-963900
SAL-56130,2026-09-04,STR-001,PRD-1048,Amul Fresh Condensed Milk 400g,1,130,130,TXN-311392
SAL-56131,2026-09-04,STR-001,PRD-1067,Britannia NutriChoice Digestive 250g,13,65,845,TXN-865840
SAL-56132,2026-09-04,STR-002,PRD-1130,Nutella Hazelnut Spread 350g Jar,24,380,9120,TXN-974098
SAL-56133,2026-09-04,STR-003,PRD-1052,Britannia Fruit Bun 150g,4,25,100,TXN-441872
SAL-56134,2026-09-04,STR-002,PRD-1034,Dhara Mustard Oil 1L,12,155,1860,TXN-392135
SAL-56135,2026-09-04,STR-002,PRD-1143,Ripe Papaya 1kg,5,50,250,TXN-634628
SAL-56136,2026-09-04,STR-002,PRD-1006,Quaker Oats 1kg,2,195,390,TXN-570860
SAL-56137,2026-09-04,STR-003,PRD-1123,Top Ramen Curry Noodles 280g,4,55,220,TXN-140970
SAL-56138,2026-09-04,STR-001,PRD-1066,Sunfeast Mom's Magic Cashew & Almond 200g,1,50,50,TXN-701970
SAL-56139,2026-09-04,STR-003,PRD-1077,Bingo Mad Angles Cream & Onion 70g,3,20,60,TXN-530145
SAL-56140,2026-09-04,STR-003,PRD-1097,3 Roses Dust Tea 250g,4,160,640,TXN-552663
SAL-56141,2026-09-04,STR-003,PRD-1030,Amul Pure Ghee 1L Tin,9,620,5580,TXN-849119
SAL-56142,2026-09-04,STR-001,PRD-1052,Britannia Fruit Bun 150g,5,25,125,TXN-276341
SAL-56143,2026-09-04,STR-001,PRD-1007,Saffola Masala Oats 500g,1,175,175,TXN-274587
SAL-56144,2026-09-04,STR-002,PRD-1098,Tata Tea Gold 500g,3,290,870,TXN-862160
SAL-56145,2026-09-04,STR-002,PRD-1110,Complan Chocolate Health Drink 500g,17,260,4420,TXN-878613
SAL-56146,2026-09-04,STR-003,PRD-1160,Curry Leaves 50g Bundle,1,10,10,TXN-115251
SAL-56147,2026-09-04,STR-003,PRD-1065,Britannia Good Day Butter 200g,11,45,495,TXN-444827
SAL-56148,2026-09-04,STR-003,PRD-1135,Baking Soda 100g,10,25,250,TXN-318247
SAL-56149,2026-09-04,STR-002,PRD-1009,Raw Rice 5kg,5,320,1600,TXN-102074
SAL-56150,2026-09-04,STR-003,PRD-1075,Lays Classic Salted Potato Chips 50g,11,20,220,TXN-119056
SAL-56151,2026-09-04,STR-003,PRD-1151,Hybrid Tomato 1kg,4,40,160,TXN-879906
SAL-56152,2026-09-04,STR-002,PRD-1127,Kissan Fresh Tomato Ketchup 950g,3,135,405,TXN-522897
SAL-56153,2026-09-04,STR-002,PRD-1114,Milo Cocoa Beverage Powder 400g,2,220,440,TXN-722585
SAL-56154,2026-09-04,STR-003,PRD-1034,Dhara Mustard Oil 1L,8,155,1240,TXN-105063
SAL-56155,2026-09-04,STR-003,PRD-1047,Milky Mist Fresh Cream 200ml,2,70,140,TXN-646404
SAL-56156,2026-09-04,STR-002,PRD-1169,Parachute Advansed Jasmine Hair Oil 200ml,4,105,420,TXN-915944
SAL-56157,2026-09-04,STR-002,PRD-1147,Watermelon Kiran 1 Unit (~3kg),4,90,360,TXN-194352
SAL-56158,2026-09-04,STR-001,PRD-1029,Hatsun Pure Cow Ghee 500ml,3,330,990,TXN-224896
SAL-56159,2026-09-04,STR-003,PRD-1167,Dove Cream Beauty Bathing Bar 125g,2,75,150,TXN-102778
SAL-56160,2026-09-04,STR-003,PRD-1108,Boost Health Drink 500g Refill,2,235,470,TXN-997448
SAL-56161,2026-09-04,STR-003,PRD-1200,Nestle Cerelac Wheat Apple 300g,1,295,295,TXN-503159
SAL-56162,2026-09-04,STR-003,PRD-1009,Raw Rice 5kg,2,320,640,TXN-877395
SAL-56163,2026-09-04,STR-001,PRD-1049,Modern Family Special White Bread 400g,6,45,270,TXN-960251
SAL-56164,2026-09-04,STR-003,PRD-1124,MTR Gulab Jamun Mix 175g,2,95,190,TXN-818810
SAL-56165,2026-09-04,STR-003,PRD-1129,Aachi Lime Pickle 300g,1,65,65,TXN-578933
SAL-56166,2026-09-04,STR-003,PRD-1194,Mangaldeep Sandal Agarbatti 100g,4,50,200,TXN-710242
SAL-56167,2026-09-04,STR-003,PRD-1126,Eastern Chicken Masala 100g,3,42,126,TXN-910899
SAL-56168,2026-09-04,STR-001,PRD-1138,Knorr Dark Soy Sauce 200ml,3,70,210,TXN-582167
SAL-56169,2026-09-04,STR-001,PRD-1039,Hatsun Fresh Curd 500g Pouch,5,35,175,TXN-668094
SAL-56170,2026-09-04,STR-001,PRD-1207,Pigeon Baby Feeding Bottle 250ml,6,220,1320,TXN-453200
SAL-56171,2026-09-04,STR-003,PRD-1115,Maggi 2-Minute Masala Noodles 280g (4-Pack),15,56,840,TXN-983577
SAL-56172,2026-09-04,STR-002,PRD-1193,Matchbox Homelites Safety Matches (10-Box),7,30,210,TXN-996081
SAL-56173,2026-09-04,STR-003,PRD-1033,V.V.D Gold Coconut Oil 500ml,3,185,555,TXN-674214
SAL-56174,2026-09-04,STR-001,PRD-1062,Britannia Marie Gold 300g,4,40,160,TXN-370546
SAL-56175,2026-09-04,STR-001,PRD-1155,Coriander Leaves 100g Bundle,12,15,180,TXN-142604
SAL-56176,2026-09-04,STR-001,PRD-1146,Mosambi (Sweet Lime) 1kg,2,85,170,TXN-725711
SAL-56177,2026-09-04,STR-002,PRD-1103,Narasus Pure Filter Coffee 200g,6,120,720,TXN-718121
